code,location,file,context_list,ddg_list,static_list
"bftpd_log ( ""Could not open log file %s.\n"" , filename )",57:8:1212:1264,/data/download/bftpd/bftpd/bftpdutmp.c,"[[[""!"", ""bftpdutmp"", ""fopen"", ""char *"", ""\""r+\"""", ""=""]], [[""!"", ""strcasecmp"", ""char *"", ""\""none\"""", ""!"", ""char *"", ""0"", ""||""]]]","[[[""char *"", ""char *"", ""strdup"", ""config_getoption"", ""\""PATH_BFTPDUTMP\"""", ""=""], ""char *""]]","[""\""Could not open log file %s.\\n\""""]"
"bftpd_log ( ""Error with umask value. Setting to 022.\n"" , 0 )",106:11:2047:2104,/data/download/bftpd/bftpd/commands.c,"[[[""unsigned long"", ""INT_MAX"", ""<=""]], [[""!"", ""char *"", ""0""]]]",[],"[""\""Error with umask value. Setting to 022.\\n\"""", ""0""]"
"bftpd_log ( ""Trying to log in as %s.\n"" , user )",214:1:5117:5161,/data/download/bftpd/bftpd/commands.c,"[[[""state""]]]",[],"[""\""Trying to log in as %s.\\n\""""]"
"bftpd_log ( ""Login as user '%s' failed.\n"" , user )",236:2:5655:5702,/data/download/bftpd/bftpd/commands.c,"[[[""bftpd_login"", ""char *""]], [[""state"", ""STATE_USER"", "">""]]]",[],"[""\""Login as user '%s' failed.\\n\""""]"
bftpd_login ( password ),235:5:5628:5648,/data/download/bftpd/bftpd/commands.c,"[[[""state"", ""STATE_USER"", "">""]]]","[[[""char *""], ""char *""]]",[]
"bftpd_log ( ""Passive mode: Successfully bound port %d\n"" , port )",363:16:9464:9525,/data/download/bftpd/bftpd/commands.c,"[[[""bind"", ""pasvsock"", ""&"", ""sa"", ""0"", ""==""]], [[""int"", ""0"", ""<""]]]","[[[""int"", ""int_from_list"", ""config_getoption"", ""\""PASSIVE_PORTS\"""", ""int"", ""=""], ""int""]]","[""\""Passive mode: Successfully bound port %d\\n\""""]"
"bftpd_log ( ""Client aborted file transmission.\n"" )",464:2:12564:12612,/data/download/bftpd/bftpd/commands.c,"[[[""char *""]], [[""strstr"", ""char [ 256 ]"", ""\""ABOR\""""]], [[""!"", ""select"", ""fileno"", ""stdin"", ""1"", ""+"", ""&"", ""rfds"", ""NULL"", ""NULL"", ""&"", ""tv""]], [[""char""]]]",[],"[""\""Client aborted file transmission.\\n\""""]"
"bftpd_log ( ""Error: Filename in '%s' too long.\n"" , filenames )",522:10:14690:14749,/data/download/bftpd/bftpd/commands.c,"[[[""int"", ""MAXCMD"", ""2"", ""-"", "">""]], [[""char *"", ""int"", ""0"", "">""]]]","[[[""char *""], ""char *""]]","[""\""Error: Filename in '%s' too long.\\n\""""]"
"bftpd_log ( ""File transmission successful.\n"" )",779:1:22133:22177,/data/download/bftpd/bftpd/commands.c,"[[[""int"", ""-"", ""1"", ""==""]], [[""!"", ""i"", ""recv"", ""sock"", ""char *"", ""int"", ""1"", ""-"", ""0"", ""=""]], [[""!"", ""int""]], [[""FD_ISSET"", ""int"", ""&"", ""rfds""]]]",[],"[""\""File transmission successful.\\n\""""]"
"bftpd_log ( ""Kicked due to data transmission timeout.\n"" )",696:12:19801:19856,/data/download/bftpd/bftpd/commands.c,"[[[""!"", ""select"", ""int"", ""&"", ""rfds"", ""NULL"", ""NULL"", ""&"", ""tv""]]]",[],"[""\""Kicked due to data transmission timeout.\\n\""""]"
"bftpd_log ( ""Unable to create buffer to receive file.\n"" , 0 )",670:7:18905:18963,/data/download/bftpd/bftpd/commands.c,"[[[""!"", ""char *""]], [[""dataconn""]]]",[],"[""\""Unable to create buffer to receive file.\\n\"""", ""0""]"
"bftpd_log ( ""Client is storing file '%s'.\n"" , filename )",637:1:17986:18039,/data/download/bftpd/bftpd/commands.c,"[[[""!"", ""gzFile""]], [[""int""]], [[""int""]], [[""!"", ""int""]], [[""int"", ""-"", ""1"", ""==""]]]","[[[""char *""], ""char *""]]","[""\""Client is storing file '%s'.\\n\""""]"
"bftpd_log ( ""Error: '%s' while trying to store file '%s'.\n"" , strerror ( errno ) , filename )",606:2:17134:17226,/data/download/bftpd/bftpd/commands.c,"[[[""int"", ""-"", ""1"", ""==""]], [[""!"", ""int""]]]","[[[""char *""], ""char *""]]","[""\""Error: '%s' while trying to store file '%s'.\\n\""""]"
"bftpd_log ( ""Not allowed to over-write '%s'.\n"" , filename )",587:14:16673:16729,/data/download/bftpd/bftpd/commands.c,"[[[""!"", ""strcasecmp"", ""config_getoption"", ""\""ALLOWCOMMAND_DELE\"""", ""\""no\""""]], [[""int"", ""0"", "">=""]]]","[[[""char *""], ""char *""]]","[""\""Not allowed to over-write '%s'.\\n\""""]"
"bftpd_log ( ""Error getting xfer_delay in do_stor().\n"" , 0 )",573:11:16179:16235,/data/download/bftpd/bftpd/commands.c,"[[[""unsigned long"", ""INT_MAX"", ""<=""]]]",[],"[""\""Error getting xfer_delay in do_stor().\\n\"""", ""0""]"
"bftpd_log ( ""Error: Filename in '%s' too long.\n"" , filenames )",846:3:24103:24162,/data/download/bftpd/bftpd/commands.c,"[[[""int"", ""MAXCMD"", ""2"", ""-"", "">""]], [[""char *"", ""int"", ""0"", "">""]]]","[[[""char *""], ""char *""]]","[""\""Error: Filename in '%s' too long.\\n\""""]"
"bftpd_log ( ""File transmission of '%s' successful.\n"" , filename )",1276:1:38220:38282,/data/download/bftpd/bftpd/commands.c,"[[[""!"", ""char *""]], [[""int""]], [[""!"", ""char *""]], [[""i"", ""read"", ""int"", ""char *"", ""int"", ""=""]], [[""dataconn""]], [[""fork""]], [[""!"", ""char *""]], [[""dataconn""]], [[""struct stat"", ""st_size"", ""offset"", ""-"", ""ratio_send"", ""*"", ""ratio_recv"", ""/"", ""bytes_recvd"", ""bytes_sent"", ""-"", "">""]], [[""strcmp"", ""config_getoption"", ""\""RATIO\"""", ""\""none\""""]], [[""fork""]], [[""!"", ""char *""]], [[""ssize_t"", ""0"", ""<""]], [[""int"", ""DO_TARONLY"", ""==""]], [[""dataconn""]], [[""!"", ""gzFile""]]]","[[[""char *""], ""char *""]]","[""\""File transmission of '%s' successful.\\n\""""]"
"bftpd_log ( ""File transmission interrupted. Send failed.\n"" )",1247:35:37166:37224,/data/download/bftpd/bftpd/commands.c,"[[[""ssize_t"", ""0"", ""<""]], [[""test_abort"", ""1"", ""int"", ""sock""]]]",[],"[""\""File transmission interrupted. Send failed.\\n\""""]"
"bftpd_log ( ""Memory error while trying to send file."" , 0 )",1214:28:35730:35785,/data/download/bftpd/bftpd/commands.c,"[[[""!"", ""char *""]], [[""dataconn""]]]",[],"[""\""Memory error while trying to send file.\"""", ""0""]"
"bftpd_log ( ""Memory error while sending file."" , 0 )",1150:18:33467:33515,/data/download/bftpd/bftpd/commands.c,"[[[""!"", ""char *""]], [[""!"", ""gzFile""]]]",[],"[""\""Memory error while sending file.\"""", ""0""]"
"bftpd_log ( ""Memory error while sending file."" , 0 )",1139:19:33073:33121,/data/download/bftpd/bftpd/commands.c,"[[[""!"", ""gzFile""]], [[""dataconn""]]]",[],"[""\""Memory error while sending file.\"""", ""0""]"
"bftpd_log ( ""Memory error while sending file."" , 0 )",1087:15:31274:31322,/data/download/bftpd/bftpd/commands.c,"[[[""!"", ""char *""]], [[""dataconn""]]]",[],"[""\""Memory error while sending file.\"""", ""0""]"
"bftpd_log ( ""Memory error in sending file.\n"" , 0 )",990:19:28044:28091,/data/download/bftpd/bftpd/commands.c,"[[[""!"", ""char *""]], [[""fork""]]]",[],"[""\""Memory error in sending file.\\n\"""", ""0""]"
"bftpd_log ( ""Client is receiving file '%s'.\n"" , filename )",971:1:27467:27522,/data/download/bftpd/bftpd/commands.c,"[[[""struct stat"", ""st_size"", ""offset"", ""-"", ""ratio_send"", ""*"", ""ratio_recv"", ""/"", ""bytes_recvd"", ""bytes_sent"", ""-"", "">""]], [[""strcmp"", ""config_getoption"", ""\""RATIO\"""", ""\""none\""""]], [[""S_ISDIR"", ""struct stat"", ""st_mode""]]]","[[[""char *""], ""char *""]]","[""\""Client is receiving file '%s'.\\n\""""]"
"bftpd_log ( ""Error: '%s' while trying to receive file '%s'.\n"" , strerror ( errno ) , filename )",927:3:26164:26259,/data/download/bftpd/bftpd/commands.c,"[[[""int"", ""DO_NORMAL"", ""==""]], [[""int"", ""-"", ""1"", ""==""]]]","[[[""char *""], ""char *""]]","[""\""Error: '%s' while trying to receive file '%s'.\\n\""""]"
"bftpd_log ( ""Memory error in sending file.\n"" , 0 )",895:11:25321:25368,/data/download/bftpd/bftpd/commands.c,"[[[""!"", ""char *""]]]",[],"[""\""Memory error in sending file.\\n\"""", ""0""]"
"bftpd_log ( ""Error getting XFER_DELAY in command_retr().\n"" , 0 )",888:11:25138:25199,/data/download/bftpd/bftpd/commands.c,"[[[""unsigned long"", ""INT_MAX"", ""<=""]]]",[],"[""\""Error getting XFER_DELAY in command_retr().\\n\"""", ""0""]"
"bftpd_log ( ""Changed directory to '%s'.\n"" , dir )",1360:2:40506:40552,/data/download/bftpd/bftpd/commands.c,"[[[""bftpd_cwd_chdir"", ""char *""]]]","[[[""char *""], ""char *""]]","[""\""Changed directory to '%s'.\\n\""""]"
"bftpd_log ( ""Error: '%s' while changing directory to '%s'.\n"" , strerror ( errno ) , dir )",1356:2:40339:40427,/data/download/bftpd/bftpd/commands.c,"[[[""bftpd_cwd_chdir"", ""char *""]]]","[[[""char *""], ""char *""]]","[""\""Error: '%s' while changing directory to '%s'.\\n\""""]"
"bftpd_log ( ""Changed directory to '..'.\n"" )",1367:1:40635:40676,/data/download/bftpd/bftpd/commands.c,"[[[""char *""]], [[""ENTRY""]]]",[],"[""\""Changed directory to '..'.\\n\""""]"
"bftpd_log ( ""Deleted file '%s'.\n"" , filename )",1405:24:41977:42020,/data/download/bftpd/bftpd/commands.c,"[[[""unlink"", ""char *""]], [[""S_ISDIR"", ""struct stat"", ""st_mode""]]]","[[[""char *""], ""char *""]]","[""\""Deleted file '%s'.\\n\""""]"
"bftpd_log ( ""Error: '%s' while trying to delete file '%s'.\n"" , strerror ( errno ) , filename )",1400:24:41711:41798,/data/download/bftpd/bftpd/commands.c,"[[[""unlink"", ""char *""]], [[""S_ISDIR"", ""struct stat"", ""st_mode""]]]","[[[""char *""], ""char *""]]","[""\""Error: '%s' while trying to delete file '%s'.\\n\""""]"
"bftpd_log ( ""Error: '%s' while trying to delete folder '%s' with DELE.\n"" , strerror ( errno ) , filename )",1393:22:41384:41483,/data/download/bftpd/bftpd/commands.c,"[[[""S_ISDIR"", ""struct stat"", ""st_mode""]], [[""lstat"", ""char *"", ""&"", ""sbuf"", ""-"", ""1"", ""==""]]]","[[[""char *""], ""char *""]]","[""\""Error: '%s' while trying to delete folder '%s' with DELE.\\n\""""]"
"bftpd_log ( ""Created directory '%s'.\n"" , dirname )",1429:2:42592:42639,/data/download/bftpd/bftpd/commands.c,"[[[""mkdir"", ""char *"", ""0777""]]]","[[[""char *""], ""char *""]]","[""\""Created directory '%s'.\\n\""""]"
"bftpd_log ( ""Error: '%s' while trying to create directory '%s'.\n"" , strerror ( errno ) , dirname )",1425:2:42416:42513,/data/download/bftpd/bftpd/commands.c,"[[[""mkdir"", ""char *"", ""0777""]]]","[[[""char *""], ""char *""]]","[""\""Error: '%s' while trying to create directory '%s'.\\n\""""]"
"bftpd_log ( ""Removed directory '%s'.\n"" , dirname )",1462:2:43754:43801,/data/download/bftpd/bftpd/commands.c,"[[[""rmdir"", ""char *""]]]","[[[""char *""], ""char *""]]","[""\""Removed directory '%s'.\\n\""""]"
"bftpd_log ( ""Error: '%s' while trying to remove directory '%s'.\n"" , strerror ( errno ) , dirname )",1457:19:43532:43623,/data/download/bftpd/bftpd/commands.c,"[[[""errno"", ""ENOTEMPTY"", ""==""]], [[""rmdir"", ""char *""]]]","[[[""char *""], ""char *""]]","[""\""Error: '%s' while trying to remove directory '%s'.\\n\""""]"
"bftpd_log ( ""Error: '%s' while trying to remove directory '%s': not empty.\n"" , strerror ( errno ) , dirname )",1452:19:43268:43370,/data/download/bftpd/bftpd/commands.c,"[[[""errno"", ""ENOTEMPTY"", ""==""]], [[""rmdir"", ""char *""]]]","[[[""char *""], ""char *""]]","[""\""Error: '%s' while trying to remove directory '%s': not empty.\\n\""""]"
"bftpd_log ( ""Successfully renamed '%s' to '%s'.\n"" , philename , bftpd_cwd_mappath ( newname ) )",1505:2:44831:44919,/data/download/bftpd/bftpd/commands.c,"[[[""rename"", ""philename"", ""char *""]]]","[[[""char *""], ""char *""]]","[""\""Successfully renamed '%s' to '%s'.\\n\""""]"
"bftpd_log ( ""Error: '%s' while trying to rename '%s' to '%s'.\n"" , strerror ( errno ) , philename , bftpd_cwd_mappath ( newname ) )",1501:2:44627:44752,/data/download/bftpd/bftpd/commands.c,"[[[""rename"", ""philename"", ""char *""]]]","[[[""char *""], ""char *""]]","[""\""Error: '%s' while trying to rename '%s' to '%s'.\\n\""""]"
"bftpd_log ( ""Changed permissions of '%s' to '%o'.\n"" , mapped , permissions )",1584:2:46948:47026,/data/download/bftpd/bftpd/commands.c,"[[[""chmod"", ""char *"", ""int""]], [[""!"", ""char *""]]]","[[[""char *"", ""bftpd_cwd_mappath"", ""char *"", ""=""], ""char *""], [[""int""], ""int""]]","[""\""Changed permissions of '%s' to '%o'.\\n\""""]"
"bftpd_log ( ""Changed owner of '%s' to UID %i GID %i.\n"" , filename , uid , gid )",1627:2:48196:48276,/data/download/bftpd/bftpd/commands.c,"[[[""chown"", ""char *"", ""int"", ""int""]], [[""!"", ""sscanf"", ""char *"", ""\""%i\"""", ""&"", ""gid""]], [[""gid"", ""mygetpwnam"", ""char *"", ""groupfile"", ""="", ""0"", ""<""]]]","[[[""char *"", ""MAXCMD"", ""1"", ""+"", ""owner"", ""MAXCMD"", ""1"", ""+"", ""group"", ""MAXCMD"", ""1"", ""+"", ""filename"", ""MAXCMD"", ""1"", ""+"", ""mapped""], ""filename""], [[""int"", ""mygetpwnam"", ""char *"", ""groupfile"", ""="", ""0"", ""<""], ""int""], [[""int"", ""gid""], ""gid""], [[""int"", ""mygetpwnam"", ""char *"", ""passwdfile"", ""="", ""0"", ""<""], ""int""], [[""int"", ""gid""], ""int""]]","[""\""Changed owner of '%s' to UID %i GID %i.\\n\""""]"
"bftpd_log ( ""Error trying to run script: %s\n"" , script )",1902:6:57066:57119,/data/download/bftpd/bftpd/commands.c,"[[[""pid_t"", ""0"", ""==""]], [[""pid_t"", ""0"", ""<""]]]","[[[""char *""], ""char *""]]","[""\""Error trying to run script: %s\\n\""""]"
"bftpd_log ( ""Administrative login FAILED\n"" )",29:4:507:549,/data/download/bftpd/bftpd/commands_admin.c,"[[[""control_printf"", ""SL_FAILURE"", ""\""421 Login incorrect.\""""]], [[""ENTRY""]]]",[],"[""\""Administrative login FAILED\\n\""""]"
"bftpd_log ( ""Administrative login SUCCESSFUL\n"" )",53:4:1236:1282,/data/download/bftpd/bftpd/commands_admin.c,"[[[""control_printf"", ""SL_SUCCESS"", ""\""230 Administrative login successful.\""""]], [[""signal"", ""SIGALRM"", ""SIG_IGN""]]]",[],"[""\""Administrative login SUCCESSFUL\\n\""""]"
"bftpd_log ( ""Warning: Unable to open %s.\n"" , _PATH_WTMP )",119:3:2520:2574,/data/download/bftpd/bftpd/login.c,"[[[""!"", ""wtmp"", ""fopen"", ""_PATH_WTMP"", ""\""a\"""", ""=""]], [[""strcasecmp"", ""config_getoption"", ""\""LOG_WTMP\"""", ""\""no\""""]]]",[],"[""\""Warning: Unable to open %s.\\n\""""]"
bftpd_logwtmp ( 0 ),156:3:3252:3268,/data/download/bftpd/bftpd/login.c,"[[[""state"", ""STATE_AUTHENTICATED"", "">=""]], [[""wtmp""]]]",[],"[""0""]"
"bftpd_log ( ""Successfully logged in as user '%s'.\n"" , user )",429:1:12054:12111,/data/download/bftpd/bftpd/login.c,"[[[""checkpass"", ""char *""]], [[""!"", ""char *"", ""0""]], [[""!"", ""int""]], [[""!"", ""char *"", ""0""]], [[""!"", ""int""]], [[""!"", ""char *"", ""0""]], [[""!"", ""int""]], [[""checkuser"", ""checkshell"", ""||""]]]",[],"[""\""Successfully logged in as user '%s'.\\n\""""]"
bftpd_logwtmp ( 1 ),426:1:12002:12018,/data/download/bftpd/bftpd/login.c,"[[[""checkpass"", ""char *""]], [[""!"", ""char *"", ""0""]], [[""!"", ""int""]], [[""!"", ""char *"", ""0""]], [[""!"", ""int""]], [[""!"", ""char *"", ""0""]], [[""!"", ""int""]], [[""checkuser"", ""checkshell"", ""||""]]]",[],"[""1""]"
"bftpd_log ( ""Login as user '%s' failed. Already %d connections from %s.\n"" , user , maxusers , remotehostname )",291:12:7545:7650,/data/download/bftpd/bftpd/login.c,"[[[""int""]], [[""int"", ""bftpdutmp_dup_ip_count"", ""remotehostname"", ""==""]], [[""!"", ""char *""]], [[""!"", ""strcasecmp"", ""char *"", ""\""yes\""""]], [[""!"", ""strcasecmp"", ""char *"", ""\""yes\""""]], [[""!"", ""getpwnam"", ""user""]]]","[[[""int"", ""0"", ""=""], ""int""], [[""int"", ""unsigned long"", ""=""], ""int""]]","[""\""Login as user '%s' failed. Already %d connections from %s.\\n\""""]"
"bftpd_log ( ""Error getting max users per HOST in bftpd_login.\n"" , 0 )",284:12:7245:7311,/data/download/bftpd/bftpd/login.c,"[[[""unsigned long"", ""INT_MAX"", ""<=""]], [[""!"", ""char *""]], [[""!"", ""strcasecmp"", ""char *"", ""\""yes\""""]], [[""!"", ""strcasecmp"", ""char *"", ""\""yes\""""]], [[""!"", ""getpwnam"", ""user""]]]",[],"[""\""Error getting max users per HOST in bftpd_login.\\n\"""", ""0""]"
"bftpd_log ( ""Login as user '%s' failed. Already logged in %d times."" , maxusers )",272:16:6828:6905,/data/download/bftpd/bftpd/login.c,"[[[""int""]], [[""int"", ""bftpdutmp_usercount"", ""user"", ""==""]], [[""!"", ""char *""]], [[""!"", ""strcasecmp"", ""char *"", ""\""yes\""""]], [[""!"", ""strcasecmp"", ""char *"", ""\""yes\""""]], [[""!"", ""getpwnam"", ""user""]]]","[[[""int"", ""unsigned long"", ""=""], ""int""], [[""int"", ""0"", ""=""], ""int""]]","[""\""Login as user '%s' failed. Already logged in %d times.\""""]"
"bftpd_log ( ""error getting max users (SINGLE USER) in bftpd_login.\n"" , 0 )",267:11:6550:6621,/data/download/bftpd/bftpd/login.c,"[[[""unsigned long"", ""INT_MAX"", ""<=""]], [[""!"", ""char *""]], [[""!"", ""strcasecmp"", ""char *"", ""\""yes\""""]], [[""!"", ""strcasecmp"", ""char *"", ""\""yes\""""]], [[""!"", ""getpwnam"", ""user""]]]",[],"[""\""error getting max users (SINGLE USER) in bftpd_login.\\n\"""", ""0""]"
"bftpd_log ( ""Login as user '%s' failed. Too many users on server.\n"" , user )",259:16:6277:6350,/data/download/bftpd/bftpd/login.c,"[[[""int""]], [[""int"", ""bftpdutmp_usercount"", ""\""*\"""", ""==""]], [[""!"", ""char *""]], [[""!"", ""strcasecmp"", ""char *"", ""\""yes\""""]], [[""!"", ""strcasecmp"", ""char *"", ""\""yes\""""]], [[""!"", ""getpwnam"", ""user""]]]",[],"[""\""Login as user '%s' failed. Too many users on server.\\n\""""]"
"bftpd_log ( ""Error getting max users for GLOBAL in bftpd_login.\n"" , 0 )",254:11:6010:6078,/data/download/bftpd/bftpd/login.c,"[[[""unsigned long"", ""INT_MAX"", ""<=""]], [[""!"", ""char *""]], [[""!"", ""strcasecmp"", ""char *"", ""\""yes\""""]], [[""!"", ""strcasecmp"", ""char *"", ""\""yes\""""]], [[""!"", ""getpwnam"", ""user""]]]",[],"[""\""Error getting max users for GLOBAL in bftpd_login.\\n\"""", ""0""]"
"bftpd_log ( ""Login as user '%s' failed: Server disabled.\n"" , user )",245:3:5745:5809,/data/download/bftpd/bftpd/login.c,"[[[""char *"", ""0"", ""'\\0'"", ""!=""]], [[""strncasecmp"", ""foo"", ""config_getoption"", ""\""DENY_LOGIN\"""", ""="", ""\""no\"""", ""2""]]]",[],"[""\""Login as user '%s' failed: Server disabled.\\n\""""]"
"bftpd_log ( ""Quitting.\n"" )",102:1:2171:2195,/data/download/bftpd/bftpd/main.c,"[[[""config_end""]], [[""fclose"", ""groupfile""]]]",[],"[""\""Quitting.\\n\""""]"
"bftpd_log ( ""Caught HUP signal. Re-reading config file.\n"" )",126:3:2496:2553,/data/download/bftpd/bftpd/main.c,"[[[""int""]], [[""ENTRY""]]]",[],"[""\""Caught HUP signal. Re-reading config file.\\n\""""]"
"bftpd_log ( ""Kicked from the server due to control connection timeout.\n"" )",177:8:3883:3955,/data/download/bftpd/bftpd/main.c,"[[[""alarm_type""]]]",[],"[""\""Kicked from the server due to control connection timeout.\\n\""""]"
"bftpd_log ( ""Kicked from the server due to data connection timeout.\n"" )",173:8:3676:3745,/data/download/bftpd/bftpd/main.c,"[[[""alarm_type""]]]",[],"[""\""Kicked from the server due to data connection timeout.\\n\""""]"
"bftpd_log ( ""Processing command: %s\n"" , str )",434:2:12034:12076,/data/download/bftpd/bftpd/main.c,"[[[""fgets"", ""char [ MAX_STRING_LENGTH + 1 ]"", ""MAXCMD"", ""stdin""]], [[""getpeername"", ""fileno"", ""stderr"", ""&"", ""remotename"", ""&"", ""my_length""]]]","[[[""char [ MAX_STRING_LENGTH + 1 ]"", ""MAX_STRING_LENGTH"", ""1"", ""+""], ""char [ MAX_STRING_LENGTH + 1 ]""]]","[""\""Processing command: %s\\n\""""]"
"bftpd_log ( ""Incoming connection from %s.\n"" , remotehostname )",407:1:10867:10926,/data/download/bftpd/bftpd/main.c,"[[[""getpeername"", ""fileno"", ""stderr"", ""&"", ""remotename"", ""&"", ""my_length""]], [[""fork""]], [[""daemonmode"", ""1"", ""==""]], [[""daemonmode""]]]","[[[""remotehostname"", ""strdup"", ""char *"", ""=""], ""remotehostname""], [[""remotehostname"", ""\""\"""", ""=""], ""remotehostname""], [[""remotehostname"", ""\""\"""", ""=""], ""remotehostname""], [[""remotehostname"", ""\""\"""", ""=""], ""remotehostname""], [[""remotehostname"", ""strdup"", ""char *"", ""=""], ""remotehostname""], [[""remotehostname"", ""strdup"", ""struct hostent *"", ""h_name"", ""=""], ""remotehostname""]]","[""\""Incoming connection from %s.\\n\""""]"
"bftpd_log ( ""Exiting, becasue we have no way to authorize clients.\n"" )",324:11:8084:8152,/data/download/bftpd/bftpd/main.c,"[[[""!"", ""char *"", ""0""]], [[""fork""]], [[""daemonmode"", ""1"", ""==""]], [[""daemonmode""]]]",[],"[""\""Exiting, becasue we have no way to authorize clients.\\n\""""]"
"control_printf ( SL_SUCCESS , ""150 %s data connection established."" , xfertype == TYPE_BINARY ? ""BINARY"" : ""ASCII"" )",176:1:4026:4153,/data/download/bftpd/bftpd/commands.c,"[[[""sock"", ""-"", ""1"", ""==""]], [[""connect"", ""sock"", ""&"", ""sa"", ""-"", ""1"", ""==""]], [[""pasv""]], [[""bind"", ""sock"", ""&"", ""local"", ""0"", ""<""]]]",[],"[""\""150 %s data connection established.\"""", ""\""BINARY\"""", ""\""ASCII\""""]"
"control_printf ( SL_FAILURE , ""425-Unable to bind data socket.\r\n425 %s."" , strerror ( errno ) )",163:3:3580:3674,/data/download/bftpd/bftpd/commands.c,"[[[""bind"", ""sock"", ""&"", ""local"", ""0"", ""<""]], [[""pasv""]]]",[],"[""\""425-Unable to bind data socket.\\r\\n425 %s.\""""]"
"control_printf ( SL_FAILURE , ""425-Unable to accept data connection.\r\n425 %s."" , strerror ( errno ) )",147:12:3024:3140,/data/download/bftpd/bftpd/commands.c,"[[[""sock"", ""-"", ""1"", ""==""]], [[""pasv""]]]",[],"[""\""425-Unable to accept data connection.\\r\\n425 %s.\""""]"
"control_printf ( SL_SUCCESS , ""331 Password please."" )",225:2:5433:5483,/data/download/bftpd/bftpd/commands.c,"[[[""!"", ""strcasecmp"", ""config_getoption"", ""\""ANONYMOUS_USER\"""", ""\""yes\""""]], [[""state""]]]",[],"[""\""331 Password please.\""""]"
"control_printf ( SL_SUCCESS , ""331 Password please."" )",220:16:5314:5364,/data/download/bftpd/bftpd/commands.c,"[[[""!"", ""strcasecmp"", ""config_getoption"", ""\""ANONYMOUS_USER\"""", ""\""yes\""""]], [[""state""]]]",[],"[""\""331 Password please.\""""]"
"control_printf ( SL_FAILURE , ""503 Username already given."" )",202:2:4722:4779,/data/download/bftpd/bftpd/commands.c,"[[[""state""]]]",[],"[""\""503 Username already given.\""""]"
"control_printf ( SL_FAILURE , ""530 Login incorrect."" )",237:2:5706:5756,/data/download/bftpd/bftpd/commands.c,"[[[""bftpd_login"", ""char *""]], [[""state"", ""STATE_USER"", "">""]]]",[],"[""\""530 Login incorrect.\""""]"
"control_printf ( SL_FAILURE , ""503 Already logged in."" )",232:2:5556:5608,/data/download/bftpd/bftpd/commands.c,"[[[""state"", ""STATE_USER"", "">""]]]",[],"[""\""503 Already logged in.\""""]"
"control_printf ( SL_SUCCESS , ""257 \""%s\"" is the current working directory."" , my_cwd )",251:9:5971:6053,/data/download/bftpd/bftpd/commands.c,"[[[""char *""]]]","[[[""char *"", ""bftpd_cwd_getcwd"", ""=""], ""char *""]]","[""\""257 \\\""%s\\\"" is the current working directory.\""""]"
"control_printf ( SL_FAILURE , ""500 Type '%c' not supported."" , * params )",266:8:6456:6523,/data/download/bftpd/bftpd/commands.c,"[[[""*"", ""char *"", ""'I'"", ""=="", ""*"", ""char *"", ""'i'"", ""=="", ""||""]], [[""*"", ""char *"", ""'A'"", ""=="", ""*"", ""char *"", ""'a'"", ""=="", ""||""]]]","[[[""char *""], ""char *""]]","[""\""500 Type '%c' not supported.\""""]"
"control_printf ( SL_SUCCESS , ""200 Transfer type changed to BINARY"" )",263:7:6338:6403,/data/download/bftpd/bftpd/commands.c,"[[[""*"", ""char *"", ""'I'"", ""=="", ""*"", ""char *"", ""'i'"", ""=="", ""||""]], [[""*"", ""char *"", ""'A'"", ""=="", ""*"", ""char *"", ""'a'"", ""=="", ""||""]]]",[],"[""\""200 Transfer type changed to BINARY\""""]"
"control_printf ( SL_SUCCESS , ""200 Transfer type changed to ASCII"" )",260:8:6179:6243,/data/download/bftpd/bftpd/commands.c,"[[[""*"", ""char *"", ""'A'"", ""=="", ""*"", ""char *"", ""'a'"", ""=="", ""||""]]]",[],"[""\""200 Transfer type changed to ASCII\""""]"
"control_printf ( SL_SUCCESS , ""200 PORT %lu.%lu.%lu.%lu:%lu OK"" , a0 , a1 , a2 , a3 , ( p0 << 8 ) + p1 )",287:2:7156:7260,/data/download/bftpd/bftpd/commands.c,"[[[""unsigned long"", ""remotename"", ""sin_addr"", ""s_addr"", ""!=""]], [[""strncasecmp"", ""config_getoption"", ""\""ALLOW_FXP\"""", ""\""yes\"""", ""3""]], [[""epsvall""]]]","[[[""unsigned long"", ""a1"", ""a2"", ""a3"", ""p0"", ""p1"", ""addr""], ""a3""], [[""unsigned long"", ""a1"", ""a2"", ""a3"", ""p0"", ""p1"", ""addr""], ""a2""], [[""unsigned long"", ""a1"", ""a2"", ""a3"", ""p0"", ""p1"", ""addr""], ""a1""], [[""unsigned long"", ""a1"", ""a2"", ""a3"", ""p0"", ""p1"", ""addr""], ""p0""], [[""unsigned long"", ""a1"", ""a2"", ""a3"", ""p0"", ""p1"", ""addr""], ""unsigned long""], [[""unsigned long"", ""a1"", ""a2"", ""a3"", ""p0"", ""p1"", ""addr""], ""p1""]]","[""\""200 PORT %lu.%lu.%lu.%lu:%lu OK\"""", ""8""]"
"control_printf ( SL_FAILURE , ""500 The given address is not yours."" )",278:6:6952:7017,/data/download/bftpd/bftpd/commands.c,"[[[""unsigned long"", ""remotename"", ""sin_addr"", ""s_addr"", ""!=""]], [[""strncasecmp"", ""config_getoption"", ""\""ALLOW_FXP\"""", ""\""yes\"""", ""3""]], [[""epsvall""]]]",[],"[""\""500 The given address is not yours.\""""]"
"control_printf ( SL_FAILURE , ""500 EPSV ALL has been called."" )",272:6:6631:6690,/data/download/bftpd/bftpd/commands.c,"[[[""epsvall""]]]",[],"[""\""500 EPSV ALL has been called.\""""]"
"control_printf ( SL_FAILURE , ""200 EPRT %s:%i OK"" , addr , port )",325:4:8301:8360,/data/download/bftpd/bftpd/commands.c,"[[[""sa"", ""sin_addr"", ""s_addr"", ""remotename"", ""sin_addr"", ""s_addr"", ""!=""]], [[""strncasecmp"", ""config_getoption"", ""\""ALLOW_FXP\"""", ""\""yes\"""", ""3""]], [[""int"", ""1"", ""!=""]]]","[[[""char [ 51 ]"", ""51""], ""char [ 51 ]""], [[""int""], ""int""]]","[""\""200 EPRT %s:%i OK\""""]"
"control_printf ( SL_FAILURE , ""500 The given address is not yours."" )",317:8:8116:8181,/data/download/bftpd/bftpd/commands.c,"[[[""sa"", ""sin_addr"", ""s_addr"", ""remotename"", ""sin_addr"", ""s_addr"", ""!=""]], [[""strncasecmp"", ""config_getoption"", ""\""ALLOW_FXP\"""", ""\""yes\"""", ""3""]], [[""int"", ""1"", ""!=""]]]",[],"[""\""500 The given address is not yours.\""""]"
"control_printf ( SL_FAILURE , ""522 Protocol unsupported, use (1)"" )",312:8:7859:7922,/data/download/bftpd/bftpd/commands.c,"[[[""int"", ""1"", ""!=""]], [[""sscanf"", ""char *"", ""char [ 20 ]"", ""&"", ""af"", ""char [ 51 ]"", ""&"", ""port"", ""3"", ""<""]]]",[],"[""\""522 Protocol unsupported, use (1)\""""]"
"control_printf ( SL_FAILURE , ""500 Syntax error."" )",308:8:7761:7808,/data/download/bftpd/bftpd/commands.c,"[[[""sscanf"", ""char *"", ""char [ 20 ]"", ""&"", ""af"", ""char [ 51 ]"", ""&"", ""port"", ""3"", ""<""]], [[""strlen"", ""char *"", ""5"", ""<""]]]",[],"[""\""500 Syntax error.\""""]"
"control_printf ( SL_FAILURE , ""500 Syntax error."" )",302:8:7526:7573,/data/download/bftpd/bftpd/commands.c,"[[[""strlen"", ""char *"", ""5"", ""<""]], [[""epsvall""]]]",[],"[""\""500 Syntax error.\""""]"
"control_printf ( SL_FAILURE , ""500 EPSV ALL has been called."" )",298:8:7405:7464,/data/download/bftpd/bftpd/commands.c,"[[[""epsvall""]]]",[],"[""\""500 EPSV ALL has been called.\""""]"
"control_printf ( SL_SUCCESS , ""227 Entering Passive Mode (%i,%i,%i,%i,%i,%i)"" , a1 , a2 , a3 , a4 , ntohs ( localsock . sin_port ) >> 8 , ntohs ( localsock . sin_port ) & 0xFF )",396:1:10515:10676,/data/download/bftpd/bftpd/commands.c,"[[[""listen"", ""pasvsock"", ""1""]], [[""bind"", ""pasvsock"", ""&"", ""sa"", ""-"", ""1"", ""==""]], [[""!"", ""int""]]]","[[[""int"", ""a2"", ""a3"", ""a4""], ""a4""], [[""int"", ""a2"", ""a3"", ""a4""], ""a3""], [[""int"", ""a2"", ""a3"", ""a4""], ""a2""], [[""int"", ""a2"", ""a3"", ""a4""], ""int""], [[""struct sockaddr_in""], ""struct sockaddr_in""]]","[""\""227 Entering Passive Mode (%i,%i,%i,%i,%i,%i)\"""", ""8"", ""0xFF""]"
"control_printf ( SL_FAILURE , ""425-Error: Unable to make socket listen.\r\n425 %s"" , strerror ( errno ) )",376:2:9857:9959,/data/download/bftpd/bftpd/commands.c,"[[[""listen"", ""pasvsock"", ""1""]], [[""bind"", ""pasvsock"", ""&"", ""sa"", ""-"", ""1"", ""==""]], [[""!"", ""int""]]]",[],"[""\""425-Error: Unable to make socket listen.\\r\\n425 %s\""""]"
"control_printf ( SL_FAILURE , ""425 Error: Unable to bind data socket."" )",369:12:9641:9709,/data/download/bftpd/bftpd/commands.c,"[[[""!"", ""int""]], [[""!"", ""config_getoption"", ""\""PASSIVE_PORTS\"""", ""!"", ""strlen"", ""config_getoption"", ""\""PASSIVE_PORTS\"""", ""||""]]]",[],"[""\""425 Error: Unable to bind data socket.\""""]"
"control_printf ( SL_FAILURE , ""425-Error: Unable to bind data socket.\r\n425 %s"" , strerror ( errno ) )",348:12:8964:9059,/data/download/bftpd/bftpd/commands.c,"[[[""bind"", ""pasvsock"", ""&"", ""sa"", ""-"", ""1"", ""==""]], [[""!"", ""config_getoption"", ""\""PASSIVE_PORTS\"""", ""!"", ""strlen"", ""config_getoption"", ""\""PASSIVE_PORTS\"""", ""||""]]]",[],"[""\""425-Error: Unable to bind data socket.\\r\\n425 %s\""""]"
"control_printf ( SL_FAILURE , ""500 EPSV ALL has been called."" )",336:8:8533:8592,/data/download/bftpd/bftpd/commands.c,"[[[""epsvall""]]]",[],"[""\""500 EPSV ALL has been called.\""""]"
"control_printf ( SL_SUCCESS , ""229 Entering extended passive mode (|||%i|)"" , ntohs ( localsock . sin_port ) )",437:4:11833:11946,/data/download/bftpd/bftpd/commands.c,"[[[""listen"", ""pasvsock"", ""1""]], [[""bind"", ""pasvsock"", ""&"", ""sa"", ""-"", ""1"", ""==""]]]","[[[""struct sockaddr_in""], ""struct sockaddr_in""]]","[""\""229 Entering extended passive mode (|||%i|)\""""]"
"control_printf ( SL_FAILURE , ""500-Error: Unable to make socket listen.\r\n425 %s"" , strerror ( errno ) )",431:2:11602:11704,/data/download/bftpd/bftpd/commands.c,"[[[""listen"", ""pasvsock"", ""1""]], [[""bind"", ""pasvsock"", ""&"", ""sa"", ""-"", ""1"", ""==""]]]",[],"[""\""500-Error: Unable to make socket listen.\\r\\n425 %s\""""]"
"control_printf ( SL_FAILURE , ""500-Error: Unable to bind data socket.\r\n425 %s"" , strerror ( errno ) )",426:2:11457:11557,/data/download/bftpd/bftpd/commands.c,"[[[""bind"", ""pasvsock"", ""&"", ""sa"", ""-"", ""1"", ""==""]], [[""!"", ""strncasecmp"", ""char *"", ""\""ALL\"""", ""3""]], [[""char *"", ""0""]], [[""int"", ""1"", ""!=""]]]",[],"[""\""500-Error: Unable to bind data socket.\\r\\n425 %s\""""]"
"control_printf ( SL_FAILURE , ""522 Protocol unsupported, use (1)"" )",415:20:11110:11173,/data/download/bftpd/bftpd/commands.c,"[[[""int"", ""1"", ""!=""]], [[""sscanf"", ""char *"", ""\""%i\"""", ""&"", ""af"", ""1"", ""<""]]]",[],"[""\""522 Protocol unsupported, use (1)\""""]"
"control_printf ( SL_FAILURE , ""500 Syntax error."" )",411:16:10965:11012,/data/download/bftpd/bftpd/commands.c,"[[[""sscanf"", ""char *"", ""\""%i\"""", ""&"", ""af"", ""1"", ""<""]], [[""!"", ""strncasecmp"", ""char *"", ""\""ALL\"""", ""3""]]]",[],"[""\""500 Syntax error.\""""]"
"control_printf ( SL_SUCCESS , ""226 Aborted."" )",463:5:12518:12560,/data/download/bftpd/bftpd/commands.c,"[[[""char *""]], [[""strstr"", ""char [ 256 ]"", ""\""ABOR\""""]], [[""!"", ""select"", ""fileno"", ""stdin"", ""1"", ""+"", ""&"", ""rfds"", ""NULL"", ""NULL"", ""&"", ""tv""]], [[""char""]]]",[],"[""\""226 Aborted.\""""]"
"control_printf ( SL_SUCCESS , ""426 Transfer aborted."" )",460:8:12427:12478,/data/download/bftpd/bftpd/commands.c,"[[[""char *""]], [[""strstr"", ""char [ 256 ]"", ""\""ABOR\""""]], [[""!"", ""select"", ""fileno"", ""stdin"", ""1"", ""+"", ""&"", ""rfds"", ""NULL"", ""NULL"", ""&"", ""tv""]], [[""char""]]]",[],"[""\""426 Transfer aborted.\""""]"
"control_printf ( SL_SUCCESS , ""226 File transmission successful."" )",778:1:22067:22130,/data/download/bftpd/bftpd/commands.c,"[[[""int"", ""-"", ""1"", ""==""]], [[""!"", ""i"", ""recv"", ""sock"", ""char *"", ""int"", ""1"", ""-"", ""0"", ""=""]], [[""!"", ""int""]], [[""FD_ISSET"", ""int"", ""&"", ""rfds""]]]",[],"[""\""226 File transmission successful.\""""]"
"control_printf ( SL_FAILURE , ""426 Kicked due to data transmission timeout."" )",695:12:19713:19787,/data/download/bftpd/bftpd/commands.c,"[[[""!"", ""select"", ""int"", ""&"", ""rfds"", ""NULL"", ""NULL"", ""&"", ""tv""]]]",[],"[""\""426 Kicked due to data transmission timeout.\""""]"
"control_printf ( SL_FAILURE , ""553 Error: An unknown error occured on the server."" )",671:7:18972:19052,/data/download/bftpd/bftpd/commands.c,"[[[""!"", ""char *""]], [[""dataconn""]]]",[],"[""\""553 Error: An unknown error occured on the server.\""""]"
"control_printf ( SL_FAILURE , ""553 Error: An error occured creating compressed file."" )",629:14:17787:17870,/data/download/bftpd/bftpd/commands.c,"[[[""!"", ""gzFile""]], [[""int""]]]",[],"[""\""553 Error: An error occured creating compressed file.\""""]"
"control_printf ( SL_FAILURE , ""553 Error: %s."" , strerror ( errno ) )",608:2:17230:17291,/data/download/bftpd/bftpd/commands.c,"[[[""int"", ""-"", ""1"", ""==""]], [[""!"", ""int""]]]",[],"[""\""553 Error: %s.\""""]"
"control_printf ( SL_FAILURE , ""553 Error: Remote file is write protected."" )",588:14:16745:16839,/data/download/bftpd/bftpd/commands.c,"[[[""!"", ""strcasecmp"", ""config_getoption"", ""\""ALLOWCOMMAND_DELE\"""", ""\""no\""""]], [[""int"", ""0"", "">=""]]]",[],"[""\""553 Error: Remote file is write protected.\""""]"
"control_printf ( SL_SUCCESS , ""226 File transmission successful."" )",1275:1:38154:38217,/data/download/bftpd/bftpd/commands.c,"[[[""!"", ""char *""]], [[""int""]], [[""!"", ""char *""]], [[""i"", ""read"", ""int"", ""char *"", ""int"", ""=""]], [[""dataconn""]], [[""fork""]], [[""!"", ""char *""]], [[""dataconn""]], [[""struct stat"", ""st_size"", ""offset"", ""-"", ""ratio_send"", ""*"", ""ratio_recv"", ""/"", ""bytes_recvd"", ""bytes_sent"", ""-"", "">""]], [[""strcmp"", ""config_getoption"", ""\""RATIO\"""", ""\""none\""""]], [[""fork""]], [[""!"", ""char *""]], [[""ssize_t"", ""0"", ""<""]], [[""int"", ""DO_TARONLY"", ""==""]], [[""dataconn""]], [[""!"", ""gzFile""]]]",[],"[""\""226 File transmission successful.\""""]"
"control_printf ( SL_SUCCESS , ""226 Aborted."" )",1246:35:37087:37129,/data/download/bftpd/bftpd/commands.c,"[[[""ssize_t"", ""0"", ""<""]], [[""test_abort"", ""1"", ""int"", ""sock""]]]",[],"[""\""226 Aborted.\""""]"
"control_printf ( SL_SUCCESS , ""426 Transfer aborted."" )",1245:35:36999:37050,/data/download/bftpd/bftpd/commands.c,"[[[""ssize_t"", ""0"", ""<""]], [[""test_abort"", ""1"", ""int"", ""sock""]]]",[],"[""\""426 Transfer aborted.\""""]"
"control_printf ( SL_FAILURE , ""553 An unknown error occured."" )",1213:28:35641:35700,/data/download/bftpd/bftpd/commands.c,"[[[""!"", ""char *""]], [[""dataconn""]]]",[],"[""\""553 An unknown error occured.\""""]"
"control_printf ( SL_FAILURE , ""553 An unknown error occured on the server."" , 0 )",1151:18:33535:33611,/data/download/bftpd/bftpd/commands.c,"[[[""!"", ""char *""]], [[""!"", ""gzFile""]]]",[],"[""\""553 An unknown error occured on the server.\"""", ""0""]"
"control_printf ( SL_FAILURE , ""553 An unknown error occured on the server."" , 0 )",1140:19:33142:33218,/data/download/bftpd/bftpd/commands.c,"[[[""!"", ""gzFile""]], [[""dataconn""]]]",[],"[""\""553 An unknown error occured on the server.\"""", ""0""]"
"control_printf ( SL_FAILURE , ""553 An unknown error occured on the server."" , 0 )",1088:15:31339:31415,/data/download/bftpd/bftpd/commands.c,"[[[""!"", ""char *""]], [[""dataconn""]]]",[],"[""\""553 An unknown error occured on the server.\"""", ""0""]"
"control_printf ( SL_FAILURE , ""553 Error: %s."" , strerror ( errno ) )",1074:4:30961:31022,/data/download/bftpd/bftpd/commands.c,"[[[""phile"", ""open"", ""char *"", ""O_RDONLY"", ""="", ""0"", ""<""]], [[""int""]]]",[],"[""\""553 Error: %s.\""""]"
"control_printf ( SL_FAILURE , ""553 An unknown error occured on the server."" , 9 )",991:19:28112:28188,/data/download/bftpd/bftpd/commands.c,"[[[""!"", ""char *""]], [[""fork""]]]",[],"[""\""553 An unknown error occured on the server.\"""", ""9""]"
"control_printf ( SL_FAILURE , ""553 File too big. Send at least %lf bytes first."" , ( double ) ( ( ( statbuf . st_size - offset ) * ratio_send ) / ratio_recv ) - bytes_recvd )",964:2:27253:27420,/data/download/bftpd/bftpd/commands.c,"[[[""struct stat"", ""st_size"", ""offset"", ""-"", ""ratio_send"", ""*"", ""ratio_recv"", ""/"", ""bytes_recvd"", ""bytes_sent"", ""-"", "">""]], [[""strcmp"", ""config_getoption"", ""\""RATIO\"""", ""\""none\""""]], [[""S_ISDIR"", ""struct stat"", ""st_mode""]]]","[[[""struct stat""], ""struct stat""]]","[""\""553 File too big. Send at least %lf bytes first.\""""]"
"control_printf ( SL_FAILURE , ""550 Error: Is a directory."" )",954:2:26895:26951,/data/download/bftpd/bftpd/commands.c,"[[[""S_ISDIR"", ""struct stat"", ""st_mode""]], [[""int"", ""-"", ""1"", ""==""]], [[""int"", ""DO_NORMAL"", ""==""]]]",[],"[""\""550 Error: Is a directory.\""""]"
"control_printf ( SL_FAILURE , ""553 Error: %s."" , strerror ( errno ) )",929:3:26264:26325,/data/download/bftpd/bftpd/commands.c,"[[[""int"", ""DO_NORMAL"", ""==""]], [[""int"", ""-"", ""1"", ""==""]]]",[],"[""\""553 Error: %s.\""""]"
"control_printf ( SL_FAILURE , ""553 An unknown error occured on the server."" , 9 )",896:11:25381:25457,/data/download/bftpd/bftpd/commands.c,"[[[""!"", ""char *""]]]",[],"[""\""553 An unknown error occured on the server.\"""", ""9""]"
"control_printf ( SL_SUCCESS , ""226 Directory list has been submitted."" )",1317:1:39411:39479,/data/download/bftpd/bftpd/commands.c,"[[[""dataconn""]]]",[],"[""\""226 Directory list has been submitted.\""""]"
"control_printf ( SL_SUCCESS , ""215 UNIX Type: L8"" )",1332:1:39645:39692,/data/download/bftpd/bftpd/commands.c,"[[[""char *""]], [[""ENTRY""]]]",[],"[""\""215 UNIX Type: L8\""""]"
"control_printf ( SL_FAILURE , ""550 Error while determining the modification time: %s"" , strerror ( errno ) )",1347:2:40142:40246,/data/download/bftpd/bftpd/commands.c,"[[[""!"", ""stat"", ""char *"", ""&"", ""statbuf""]]]",[],"[""\""550 Error while determining the modification time: %s\""""]"
"control_printf ( SL_SUCCESS , ""213 %04i%02i%02i%02i%02i%02i"" , filetime -> tm_year + 1900 , filetime -> tm_mon + 1 , filetime -> tm_mday , filetime -> tm_hour , filetime -> tm_min , filetime -> tm_sec )",1342:2:39936:40128,/data/download/bftpd/bftpd/commands.c,"[[[""!"", ""stat"", ""char *"", ""&"", ""statbuf""]]]","[[[""struct tm *"", ""gmtime"", ""&"", ""struct stat"", ""st_mtime"", ""=""], ""struct tm *""]]","[""\""213 %04i%02i%02i%02i%02i%02i\"""", ""1900"", ""1""]"
"control_printf ( SL_SUCCESS , ""250 OK"" )",1361:2:40556:40592,/data/download/bftpd/bftpd/commands.c,"[[[""bftpd_cwd_chdir"", ""char *""]]]",[],"[""\""250 OK\""""]"
"control_printf ( SL_FAILURE , ""451 Error: %s."" , strerror ( errno ) )",1358:2:40431:40492,/data/download/bftpd/bftpd/commands.c,"[[[""bftpd_cwd_chdir"", ""char *""]]]",[],"[""\""451 Error: %s.\""""]"
"control_printf ( SL_SUCCESS , ""250 OK"" )",1369:1:40703:40739,/data/download/bftpd/bftpd/commands.c,"[[[""bftpd_cwd_chdir"", ""\""..\""""]], [[""bftpd_log"", ""\""Changed directory to '..'.\\n\""""]]]",[],"[""\""250 OK\""""]"
"control_printf ( SL_SUCCESS , ""200 OK"" )",1406:24:42046:42082,/data/download/bftpd/bftpd/commands.c,"[[[""unlink"", ""char *""]], [[""S_ISDIR"", ""struct stat"", ""st_mode""]]]",[],"[""\""200 OK\""""]"
"control_printf ( SL_FAILURE , ""451 Error: %s."" , strerror ( errno ) )",1401:24:41824:41885,/data/download/bftpd/bftpd/commands.c,"[[[""unlink"", ""char *""]], [[""S_ISDIR"", ""struct stat"", ""st_mode""]]]",[],"[""\""451 Error: %s.\""""]"
"control_printf ( SL_FAILURE , ""550 %s: Is a directory"" , filename )",1394:21:41506:41568,/data/download/bftpd/bftpd/commands.c,"[[[""S_ISDIR"", ""struct stat"", ""st_mode""]], [[""lstat"", ""char *"", ""&"", ""sbuf"", ""-"", ""1"", ""==""]]]","[[[""char *""], ""char *""]]","[""\""550 %s: Is a directory\""""]"
"control_printf ( SL_FAILURE , ""451 Error: %s."" , strerror ( errno ) )",1385:2:41119:41180,/data/download/bftpd/bftpd/commands.c,"[[[""lstat"", ""char *"", ""&"", ""sbuf"", ""-"", ""1"", ""==""]]]",[],"[""\""451 Error: %s.\""""]"
"control_printf ( SL_SUCCESS , ""257 \""%s\"" has been created."" , dirname )",1430:2:42643:42710,/data/download/bftpd/bftpd/commands.c,"[[[""mkdir"", ""char *"", ""0777""]]]","[[[""char *""], ""char *""]]","[""\""257 \\\""%s\\\"" has been created.\""""]"
"control_printf ( SL_FAILURE , ""451 Error: %s."" , strerror ( errno ) )",1427:2:42517:42578,/data/download/bftpd/bftpd/commands.c,"[[[""mkdir"", ""char *"", ""0777""]]]",[],"[""\""451 Error: %s.\""""]"
"control_printf ( SL_SUCCESS , ""250 OK"" )",1463:2:43805:43841,/data/download/bftpd/bftpd/commands.c,"[[[""rmdir"", ""char *""]]]",[],"[""\""250 OK\""""]"
"control_printf ( SL_FAILURE , ""451 Error: %s."" , strerror ( errno ) )",1458:18:43643:43704,/data/download/bftpd/bftpd/commands.c,"[[[""errno"", ""ENOTEMPTY"", ""==""]], [[""rmdir"", ""char *""]]]",[],"[""\""451 Error: %s.\""""]"
"control_printf ( SL_FAILURE , ""550 %s: Directory not empty"" , dirname )",1453:19:43391:43457,/data/download/bftpd/bftpd/commands.c,"[[[""errno"", ""ENOTEMPTY"", ""==""]], [[""rmdir"", ""char *""]]]","[[[""char *""], ""char *""]]","[""\""550 %s: Directory not empty\""""]"
"control_printf ( SL_SUCCESS , ""200 OK"" )",1473:1:43989:44025,/data/download/bftpd/bftpd/commands.c,"[[[""char *""]], [[""ENTRY""]]]",[],"[""\""200 OK\""""]"
"control_printf ( SL_FAILURE , ""451 Error: %s."" , strerror ( errno ) )",1489:2:44362:44423,/data/download/bftpd/bftpd/commands.c,"[[[""file"", ""fopen"", ""char *"", ""\""r\"""", ""=""]]]",[],"[""\""451 Error: %s.\""""]"
"control_printf ( SL_SUCCESS , ""350 File exists, ready for destination name"" )",1486:2:44259:44332,/data/download/bftpd/bftpd/commands.c,"[[[""file"", ""fopen"", ""char *"", ""\""r\"""", ""=""]]]",[],"[""\""350 File exists, ready for destination name\""""]"
"control_printf ( SL_SUCCESS , ""250 OK"" )",1506:2:44923:44959,/data/download/bftpd/bftpd/commands.c,"[[[""rename"", ""philename"", ""char *""]]]",[],"[""\""250 OK\""""]"
"control_printf ( SL_FAILURE , ""451 Error: %s."" , strerror ( errno ) )",1503:2:44756:44817,/data/download/bftpd/bftpd/commands.c,"[[[""rename"", ""philename"", ""char *""]]]",[],"[""\""451 Error: %s.\""""]"
"control_printf ( SL_SUCCESS , ""350 Restarting at offset %i."" , offset )",1521:4:45211:45277,/data/download/bftpd/bftpd/commands.c,"[[[""offset"", ""strtoul"", ""char *"", ""NULL"", ""10"", ""=""]], [[""char *""]]]","[[[""offset"", ""strtoul"", ""char *"", ""NULL"", ""10"", ""=""], ""offset""]]","[""\""350 Restarting at offset %i.\""""]"
"control_printf ( SL_FAILURE , ""550 Error: %s."" , strerror ( errno ) )",1531:2:45492:45553,/data/download/bftpd/bftpd/commands.c,"[[[""!"", ""stat"", ""char *"", ""&"", ""statbuf""]]]",[],"[""\""550 Error: %s.\""""]"
"control_printf ( SL_SUCCESS , ""213 %i"" , ( int ) statbuf . st_size )",1529:2:45419:45478,/data/download/bftpd/bftpd/commands.c,"[[[""!"", ""stat"", ""char *"", ""&"", ""statbuf""]]]","[[[""struct stat""], ""struct stat""]]","[""\""213 %i\""""]"
"control_printf ( SL_SUCCESS , ""221 %s"" , config_getoption ( ""QUIT_MSG"" ) )",1538:1:45611:45677,/data/download/bftpd/bftpd/commands.c,"[[[""char *""]], [[""ENTRY""]]]",[],"[""\""221 %s\"""", ""\""QUIT_MSG\""""]"
"control_printf ( SL_SUCCESS , ""213 End of Status."" )",1550:4:46030:46078,/data/download/bftpd/bftpd/commands.c,"[[[""bftpd_stat"", ""char *"", ""stderr""]], [[""control_printf"", ""SL_SUCCESS"", ""\""213-Status of %s:\"""", ""char *""]]]",[],"[""\""213 End of Status.\""""]"
"control_printf ( SL_SUCCESS , ""213-Status of %s:"" , filename )",1548:4:45935:45992,/data/download/bftpd/bftpd/commands.c,"[[[""char *"", ""char *"", ""bftpd_cwd_mappath"", ""char *"", ""=""]], [[""char *""]]]","[[[""char *""], ""char *""]]","[""\""213-Status of %s:\""""]"
"control_printf ( SL_SUCCESS , ""200 CHMOD successful."" )",1586:2:47030:47081,/data/download/bftpd/bftpd/commands.c,"[[[""chmod"", ""char *"", ""int""]], [[""!"", ""char *""]]]",[],"[""\""200 CHMOD successful.\""""]"
"control_printf ( SL_FAILURE , ""Error: %s."" , strerror ( errno ) )",1582:2:46879:46936,/data/download/bftpd/bftpd/commands.c,"[[[""chmod"", ""char *"", ""int""]], [[""!"", ""char *""]]]",[],"[""\""Error: %s.\""""]"
"control_printf ( SL_FAILURE , ""550: An error occured on the server trying to CHMOD."" )",1569:12:46435:46517,/data/download/bftpd/bftpd/commands.c,"[[[""!"", ""char *""]], [[""!"", ""strchr"", ""char *"", ""' '""]]]",[],"[""\""550: An error occured on the server trying to CHMOD.\""""]"
"control_printf ( SL_FAILURE , ""550 Usage: SITE CHMOD <permissions> <filename>"" )",1563:2:46244:46320,/data/download/bftpd/bftpd/commands.c,"[[[""!"", ""strchr"", ""char *"", ""' '""]]]",[],"[""\""550 Usage: SITE CHMOD <permissions> <filename>\""""]"
"control_printf ( SL_SUCCESS , ""200 CHOWN successful."" )",1629:2:48280:48331,/data/download/bftpd/bftpd/commands.c,"[[[""chown"", ""char *"", ""int"", ""int""]], [[""!"", ""sscanf"", ""char *"", ""\""%i\"""", ""&"", ""gid""]], [[""gid"", ""mygetpwnam"", ""char *"", ""groupfile"", ""="", ""0"", ""<""]]]",[],"[""\""200 CHOWN successful.\""""]"
"control_printf ( SL_FAILURE , ""550 Error: %s."" , strerror ( errno ) )",1625:2:48123:48184,/data/download/bftpd/bftpd/commands.c,"[[[""chown"", ""char *"", ""int"", ""int""]], [[""!"", ""sscanf"", ""char *"", ""\""%i\"""", ""&"", ""gid""]], [[""gid"", ""mygetpwnam"", ""char *"", ""groupfile"", ""="", ""0"", ""<""]]]",[],"[""\""550 Error: %s.\""""]"
"control_printf ( SL_FAILURE , ""550 Group '%s' not found."" , group )",1617:3:47893:47955,/data/download/bftpd/bftpd/commands.c,"[[[""gid"", ""mygetpwnam"", ""char *"", ""groupfile"", ""="", ""0"", ""<""]], [[""!"", ""sscanf"", ""char *"", ""\""%i\"""", ""&"", ""gid""]]]","[[[""char *"", ""MAXCMD"", ""1"", ""+"", ""owner"", ""MAXCMD"", ""1"", ""+"", ""group"", ""MAXCMD"", ""1"", ""+"", ""filename"", ""MAXCMD"", ""1"", ""+"", ""mapped""], ""group""]]","[""\""550 Group '%s' not found.\""""]"
"control_printf ( SL_FAILURE , ""550 User '%s' not found."" , owner )",1612:3:47727:47788,/data/download/bftpd/bftpd/commands.c,"[[[""uid"", ""mygetpwnam"", ""char *"", ""passwdfile"", ""="", ""0"", ""<""]], [[""!"", ""sscanf"", ""char *"", ""\""%i\"""", ""&"", ""uid""]]]","[[[""char *"", ""MAXCMD"", ""1"", ""+"", ""owner"", ""MAXCMD"", ""1"", ""+"", ""group"", ""MAXCMD"", ""1"", ""+"", ""filename"", ""MAXCMD"", ""1"", ""+"", ""mapped""], ""owner""]]","[""\""550 User '%s' not found.\""""]"
"control_printf ( SL_FAILURE , ""550 Usage: SITE CHOWN <owner>[.<group>] <filename>"" )",1600:2:47361:47441,/data/download/bftpd/bftpd/commands.c,"[[[""!"", ""strchr"", ""char *"", ""' '""]]]",[],"[""\""550 Usage: SITE CHOWN <owner>[.<group>] <filename>\""""]"
"control_printf ( SL_SUCCESS , ""200 MD5 finger print: %s."" , output_string )",1676:4:49322:49392,/data/download/bftpd/bftpd/commands.c,"[[[""!"", ""FILE *""]], [[""!"", ""char *""]]]","[[[""char [ 64 ]"", ""64""], ""char [ 64 ]""]]","[""\""200 MD5 finger print: %s.\""""]"
"control_printf ( SL_FAILURE , ""550 Unable to open file `%s'."" , philename )",1662:8:48865:48935,/data/download/bftpd/bftpd/commands.c,"[[[""!"", ""FILE *""]], [[""!"", ""char *""]]]","[[[""char *""], ""char *""]]","[""\""550 Unable to open file `%s'.\""""]"
"control_printf ( SL_FAILURE , ""550 File not found."" )",1654:7:48705:48754,/data/download/bftpd/bftpd/commands.c,"[[[""!"", ""char *""]]]",[],"[""\""550 File not found.\""""]"
"control_printf ( SL_FAILURE , ""550 Unknown command: 'SITE %s'."" , str )",1712:1:50448:50514,/data/download/bftpd/bftpd/commands.c,"[[[""!"", ""strcasecmp"", ""char *"", ""\""help\""""]], [[""const struct command [ ]"", ""int"", ""name""]]]","[[[""char *""], ""char *""]]","[""\""550 Unknown command: 'SITE %s'.\""""]"
"control_printf ( SL_SUCCESS , ""211 site md5 <filename>"" )",1709:12:50362:50415,/data/download/bftpd/bftpd/commands.c,"[[[""!"", ""strcasecmp"", ""char *"", ""\""help\""""]], [[""const struct command [ ]"", ""int"", ""name""]]]",[],"[""\""211 site md5 <filename>\""""]"
"control_printf ( SL_SUCCESS , ""211-site chown <owner> <filename>"" )",1708:12:50285:50348,/data/download/bftpd/bftpd/commands.c,"[[[""!"", ""strcasecmp"", ""char *"", ""\""help\""""]], [[""const struct command [ ]"", ""int"", ""name""]]]",[],"[""\""211-site chown <owner> <filename>\""""]"
"control_printf ( SL_SUCCESS , ""211-site chmod <mask> <filename>"" )",1707:12:50209:50271,/data/download/bftpd/bftpd/commands.c,"[[[""!"", ""strcasecmp"", ""char *"", ""\""help\""""]], [[""const struct command [ ]"", ""int"", ""name""]]]",[],"[""\""211-site chmod <mask> <filename>\""""]"
"control_printf ( SL_SUCCESS , ""211-Possible usages for SITE command:"" )",1706:12:50128:50195,/data/download/bftpd/bftpd/commands.c,"[[[""!"", ""strcasecmp"", ""char *"", ""\""help\""""]], [[""const struct command [ ]"", ""int"", ""name""]]]",[],"[""\""211-Possible usages for SITE command:\""""]"
"control_printf ( SL_FAILURE , ""550 SITE commands are disabled."" )",1692:2:49755:49816,/data/download/bftpd/bftpd/commands.c,"[[[""!"", ""strcasecmp"", ""config_getoption"", ""\""ENABLE_SITE\"""", ""\""no\""""]]]",[],"[""\""550 SITE commands are disabled.\""""]"
"control_printf ( SL_FAILURE , ""550 Not implemented yet\r\n"" )",1717:4:50555:50612,/data/download/bftpd/bftpd/commands.c,"[[[""char *""]], [[""ENTRY""]]]",[],"[""\""550 Not implemented yet\\r\\n\""""]"
"control_printf ( SL_SUCCESS , ""211 End"" )",1775:4:53839:53876,/data/download/bftpd/bftpd/commands.c,"[[[""control_printf"", ""SL_SUCCESS"", ""\"" UTF8\""""]]]",[],"[""\""211 End\""""]"
"control_printf ( SL_SUCCESS , "" UTF8"" )",1774:4:53798:53833,/data/download/bftpd/bftpd/commands.c,"[[[""int""]], [[""int"", ""0"", ""=""]]]",[],"[""\"" UTF8\""""]"
"control_printf ( SL_SUCCESS , "" %s"" , commands [ i ] . name )",1773:12:53741:53792,/data/download/bftpd/bftpd/commands.c,"[[[""commands"", ""int"", ""showinfeat""]], [[""commands"", ""int"", ""name""]]]","[[[""int"", ""0"", ""=""], ""int""], [[""int""], ""int""]]","[""\"" %s\""""]"
"control_printf ( SL_SUCCESS , ""211-Extensions supported:"" )",1770:4:53597:53652,/data/download/bftpd/bftpd/commands.c,"[[[""int""]], [[""char *""]]]",[],"[""\""211-Extensions supported:\""""]"
"control_printf ( SL_SUCCESS , ""550 %s not implemented"" , params )",1783:7:54023:54083,/data/download/bftpd/bftpd/commands.c,"[[[""!"", ""strcasecmp"", ""char *"", ""\""utf8 on\""""]]]","[[[""char *""], ""char *""]]","[""\""550 %s not implemented\""""]"
"control_printf ( SL_SUCCESS , ""200 UTF8 ON"" )",1781:7:53964:54005,/data/download/bftpd/bftpd/commands.c,"[[[""!"", ""strcasecmp"", ""char *"", ""\""utf8 on\""""]]]",[],"[""\""200 UTF8 ON\""""]"
"control_printf ( SL_SUCCESS , ""214 Syntax: %s"" , commands [ i ] . syntax )",1798:4:54481:54545,/data/download/bftpd/bftpd/commands.c,"[[[""!"", ""strcasecmp"", ""char *"", ""commands"", ""int"", ""name""]], [[""commands"", ""int"", ""name""]]]","[[[""int"", ""0"", ""=""], ""int""], [[""int""], ""int""]]","[""\""214 Syntax: %s\""""]"
"control_printf ( SL_SUCCESS , ""214 End of help"" )",1794:8:54337:54382,/data/download/bftpd/bftpd/commands.c,"[[[""char *"", ""0"", ""'\\0'"", ""==""]]]",[],"[""\""214 End of help\""""]"
"control_printf ( SL_SUCCESS , ""214-%s"" , commands [ i ] . name )",1793:3:54273:54327,/data/download/bftpd/bftpd/commands.c,"[[[""commands"", ""int"", ""name""]], [[""char *"", ""0"", ""'\\0'"", ""==""]]]","[[[""int""], ""int""], [[""int"", ""0"", ""=""], ""int""]]","[""\""214-%s\""""]"
"control_printf ( SL_SUCCESS , ""214-The following commands are recognized."" )",1791:2:54159:54231,/data/download/bftpd/bftpd/commands.c,"[[[""char *"", ""0"", ""'\\0'"", ""==""]]]",[],"[""\""214-The following commands are recognized.\""""]"
"control_printf ( SL_FAILURE , ""500 Unknown command: \""%s\"""" , str )",1847:1:55857:55919,/data/download/bftpd/bftpd/commands.c,"[[[""commands"", ""int"", ""name""]], [[""state""]], [[""!"", ""strncasecmp"", ""char *"", ""commands"", ""int"", ""name"", ""strlen"", ""commands"", ""int"", ""name""]]]","[[[""char *""], ""char *""]]","[""\""500 Unknown command: \\\""%s\\\""\""""]"
"control_printf ( SL_FAILURE , ""503 RNFR before RNTO expected."" )",1840:6:55753:55813,/data/download/bftpd/bftpd/commands.c,"[[[""state"", ""STATE_AUTHENTICATED"", ""==""]], [[""state"", ""commands"", ""int"", ""state_needed"", "">=""]]]",[],"[""\""503 RNFR before RNTO expected.\""""]"
"control_printf ( SL_FAILURE , ""503 PASS expected."" )",1836:6:55641:55689,/data/download/bftpd/bftpd/commands.c,"[[[""state"", ""STATE_USER"", ""==""]], [[""state"", ""commands"", ""int"", ""state_needed"", "">=""]]]",[],"[""\""503 PASS expected.\""""]"
"control_printf ( SL_FAILURE , ""503 USER expected."" )",1832:6:55538:55586,/data/download/bftpd/bftpd/commands.c,"[[[""state"", ""STATE_CONNECTED"", ""==""]], [[""state"", ""commands"", ""int"", ""state_needed"", "">=""]]]",[],"[""\""503 USER expected.\""""]"
"control_printf ( SL_FAILURE , ""550 The command '%s' is disabled."" , commands [ i ] . name )",1817:16:55074:55179,/data/download/bftpd/bftpd/commands.c,"[[[""!"", ""strcasecmp"", ""config_getoption"", ""char [ 64 ]"", ""\""no\""""]], [[""!"", ""strncasecmp"", ""char *"", ""commands"", ""int"", ""name"", ""strlen"", ""commands"", ""int"", ""name""]]]","[[[""int"", ""0"", ""=""], ""int""], [[""int""], ""int""]]","[""\""550 The command '%s' is disabled.\""""]"
"control_printf ( SL_FAILURE , ""421 Login incorrect."" )",28:4:451:501,/data/download/bftpd/bftpd/commands_admin.c,"[[[""ENTRY""]]]",[],"[""\""421 Login incorrect.\""""]"
"control_printf ( SL_SUCCESS , ""230 Administrative login successful."" )",52:4:1164:1230,/data/download/bftpd/bftpd/commands_admin.c,"[[[""signal"", ""SIGALRM"", ""SIG_IGN""]], [[""loginfailed""]]]",[],"[""\""230 Administrative login successful.\""""]"
"control_printf ( SL_FAILURE , ""500 Not implemented yet."" )",62:4:1435:1489,/data/download/bftpd/bftpd/commands_admin.c,"[[[""char *""]], [[""ENTRY""]]]",[],"[""\""500 Not implemented yet.\""""]"
"control_printf ( SL_SUCCESS , ""202 Logfile transmission stopped."" )",87:4:2241:2304,/data/download/bftpd/bftpd/commands_admin.c,"[[[""admin_parsecmd"", ""char [ 256 ]""]], [[""fseek"", ""mystatuslog"", ""0"", ""SEEK_END""]]]",[],"[""\""202 Logfile transmission stopped.\""""]"
"control_printf ( SL_SUCCESS , ""200 Starting logfile transmission."" )",70:4:1598:1662,/data/download/bftpd/bftpd/commands_admin.c,"[[[""char [ 256 ]"", ""256""]], [[""struct timeval""]]]",[],"[""\""200 Starting logfile transmission.\""""]"
"control_printf ( SL_SUCCESS , ""201 Stopping logfile transmission."" )",93:4:2379:2443,/data/download/bftpd/bftpd/commands_admin.c,"[[[""mystatuslog"", ""NULL"", ""=""]], [[""char *""]]]",[],"[""\""201 Stopping logfile transmission.\""""]"
"control_printf ( SL_FAILURE , ""500 Error: The given PID does not belong to bftpd."" )",129:8:3483:3563,/data/download/bftpd/bftpd/commands_admin.c,"[[[""bftpdutmp_pidexists"", ""int""]], [[""!"", ""int""]]]",[],"[""\""500 Error: The given PID does not belong to bftpd.\""""]"
"control_printf ( SL_FAILURE , ""200 OK"" )",127:12:3426:3462,/data/download/bftpd/bftpd/commands_admin.c,"[[[""kill"", ""int"", ""SIGTERM""]], [[""bftpdutmp_pidexists"", ""int""]]]",[],"[""\""200 OK\""""]"
"control_printf ( SL_FAILURE , ""500 Error: %s."" , strerror ( errno ) )",125:12:3338:3399,/data/download/bftpd/bftpd/commands_admin.c,"[[[""kill"", ""int"", ""SIGTERM""]], [[""bftpdutmp_pidexists"", ""int""]]]",[],"[""\""500 Error: %s.\""""]"
"control_printf ( SL_FAILURE , ""500 Error: Given PID is not valid."" )",122:8:3187:3251,/data/download/bftpd/bftpd/commands_admin.c,"[[[""!"", ""int""]]]",[],"[""\""500 Error: Given PID is not valid.\""""]"
"control_printf ( SL_SUCCESS , ""221 See you later..."" )",134:4:3611:3661,/data/download/bftpd/bftpd/commands_admin.c,"[[[""char *""]], [[""ENTRY""]]]",[],"[""\""221 See you later...\""""]"
"control_printf ( SL_FAILURE , ""500 Unknown command: \""%s\"""" , str )",171:1:4599:4661,/data/download/bftpd/bftpd/commands_admin.c,"[[[""admin_commands"", ""int"", ""name""]], [[""!"", ""strncasecmp"", ""char *"", ""admin_commands"", ""int"", ""name"", ""strlen"", ""admin_commands"", ""int"", ""name""]]]","[[[""char *""], ""char *""]]","[""\""500 Unknown command: \\\""%s\\\""\""""]"
"control_printf ( SL_FAILURE , ""421 Initial chroot failed.\r\n."" )",170:12:3495:3556,/data/download/bftpd/bftpd/login.c,"[[[""chroot"", ""char *"", ""-"", ""1"", ""==""]], [[""char *"", ""0""]]]",[],"[""\""421 Initial chroot failed.\\r\\n.\""""]"
"control_printf ( SL_SUCCESS , ""230 User logged in."" )",424:1:11931:11980,/data/download/bftpd/bftpd/login.c,"[[[""checkpass"", ""char *""]], [[""!"", ""char *"", ""0""]], [[""!"", ""int""]], [[""!"", ""char *"", ""0""]], [[""!"", ""int""]], [[""!"", ""char *"", ""0""]], [[""!"", ""int""]], [[""checkuser"", ""checkshell"", ""||""]]]",[],"[""\""230 User logged in.\""""]"
"control_printf ( SL_FAILURE , ""421 Unable to change working directory.\r\n"" )",409:20:11405:11478,/data/download/bftpd/bftpd/login.c,"[[[""chdir"", ""\""/\""""]], [[""!"", ""strcasecmp"", ""config_getoption"", ""\""DO_CHROOT\"""", ""\""yes\""""]]]",[],"[""\""421 Unable to change working directory.\\r\\n\""""]"
"control_printf ( SL_FAILURE , ""421 Unable to change root directory.\r\n"" )",404:20:11214:11284,/data/download/bftpd/bftpd/login.c,"[[[""chroot"", ""char *""]], [[""!"", ""strcasecmp"", ""config_getoption"", ""\""DO_CHROOT\"""", ""\""yes\""""]]]",[],"[""\""421 Unable to change root directory.\\r\\n\""""]"
"control_printf ( SL_FAILURE , ""421 Unable to change working directory.\r\n"" )",384:17:10482:10555,/data/download/bftpd/bftpd/login.c,"[[[""chdir"", ""\""/\""""]], [[""!"", ""strcasecmp"", ""config_getoption"", ""\""DO_CHROOT\"""", ""\""yes\""""]]]",[],"[""\""421 Unable to change working directory.\\r\\n\""""]"
"control_printf ( SL_FAILURE , ""421 Unable to change root directory.\r\n"" )",379:17:10306:10376,/data/download/bftpd/bftpd/login.c,"[[[""chroot"", ""char [ MAX_STRING_LENGTH + 1 ]""]], [[""!"", ""strcasecmp"", ""config_getoption"", ""\""DO_CHROOT\"""", ""\""yes\""""]]]",[],"[""\""421 Unable to change root directory.\\r\\n\""""]"
"control_printf ( SL_FAILURE , ""230 Couldn't change cwd to '%s': %s.\r\n"" , str , strerror ( errno ) )",358:3:9578:9676,/data/download/bftpd/bftpd/login.c,"[[[""chdir"", ""char [ MAX_STRING_LENGTH + 1 ]""]], [[""strcasecmp"", ""config_getoption"", ""\""DO_CHROOT\"""", ""\""no\""""]]]","[[[""char [ MAX_STRING_LENGTH + 1 ]"", ""MAX_STRING_LENGTH"", ""1"", ""+""], ""char [ MAX_STRING_LENGTH + 1 ]""]]","[""\""230 Couldn't change cwd to '%s': %s.\\r\\n\""""]"
"control_printf ( SL_FAILURE , ""421 Unable to change uid.\r\n"" )",354:3:9478:9537,/data/download/bftpd/bftpd/login.c,"[[[""bftpd_setuid"", ""userinfo"", ""pw_uid""]], [[""strcasecmp"", ""config_getoption"", ""\""DO_CHROOT\"""", ""\""no\""""]]]",[],"[""\""421 Unable to change uid.\\r\\n\""""]"
"control_printf ( SL_FAILURE , ""421 Unable to change working directory.\r\n%s."" , strerror ( errno ) )",348:3:9309:9408,/data/download/bftpd/bftpd/login.c,"[[[""chdir"", ""\""/\""""]], [[""strcasecmp"", ""config_getoption"", ""\""DO_CHROOT\"""", ""\""no\""""]]]",[],"[""\""421 Unable to change working directory.\\r\\n%s.\""""]"
"control_printf ( SL_FAILURE , ""421 Unable to change uid.\r\n"" )",344:3:9209:9268,/data/download/bftpd/bftpd/login.c,"[[[""bftpd_setuid"", ""userinfo"", ""pw_uid""]], [[""strcasecmp"", ""config_getoption"", ""\""DO_CHROOT\"""", ""\""no\""""]]]",[],"[""\""421 Unable to change uid.\\r\\n\""""]"
"control_printf ( SL_FAILURE , ""421 Unable to change root directory.\r\n%s."" , strerror ( errno ) )",339:3:9054:9149,/data/download/bftpd/bftpd/login.c,"[[[""chroot"", ""char [ MAX_STRING_LENGTH + 1 ]""]], [[""strcasecmp"", ""config_getoption"", ""\""DO_CHROOT\"""", ""\""no\""""]]]",[],"[""\""421 Unable to change root directory.\\r\\n%s.\""""]"
"control_printf ( SL_FAILURE , ""530 Login incorrect."" )",300:2:7886:7936,/data/download/bftpd/bftpd/login.c,"[[[""checkuser"", ""checkshell"", ""||""]], [[""!"", ""char *"", ""0""]], [[""!"", ""int""]]]",[],"[""\""530 Login incorrect.\""""]"
"control_printf ( SL_FAILURE , ""421 Too many connections from your IP address."" )",290:12:7455:7531,/data/download/bftpd/bftpd/login.c,"[[[""int""]], [[""int"", ""bftpdutmp_dup_ip_count"", ""remotehostname"", ""==""]], [[""!"", ""char *""]], [[""!"", ""strcasecmp"", ""char *"", ""\""yes\""""]], [[""!"", ""strcasecmp"", ""char *"", ""\""yes\""""]], [[""!"", ""getpwnam"", ""user""]]]",[],"[""\""421 Too many connections from your IP address.\""""]"
"control_printf ( SL_FAILURE , ""421 User %s is already logged in %i times."" , user , maxusers )",271:2:6722:6810,/data/download/bftpd/bftpd/login.c,"[[[""int""]], [[""int"", ""bftpdutmp_usercount"", ""user"", ""==""]], [[""!"", ""char *""]], [[""!"", ""strcasecmp"", ""char *"", ""\""yes\""""]], [[""!"", ""strcasecmp"", ""char *"", ""\""yes\""""]], [[""!"", ""getpwnam"", ""user""]]]","[[[""int"", ""unsigned long"", ""=""], ""int""], [[""int"", ""0"", ""=""], ""int""]]","[""\""421 User %s is already logged in %i times.\""""]"
"control_printf ( SL_FAILURE , ""421 There are already %i users logged in."" , maxusers )",258:2:6178:6259,/data/download/bftpd/bftpd/login.c,"[[[""int""]], [[""int"", ""bftpdutmp_usercount"", ""\""*\"""", ""==""]], [[""!"", ""char *""]], [[""!"", ""strcasecmp"", ""char *"", ""\""yes\""""]], [[""!"", ""strcasecmp"", ""char *"", ""\""yes\""""]], [[""!"", ""getpwnam"", ""user""]]]","[[[""int"", ""unsigned long"", ""=""], ""int""], [[""int"", ""0"", ""=""], ""int""]]","[""\""421 There are already %i users logged in.\""""]"
"control_printf ( SL_FAILURE , ""530 Login incorrect."" )",244:4:5690:5740,/data/download/bftpd/bftpd/login.c,"[[[""strncasecmp"", ""char *"", ""\""yes\"""", ""3""]], [[""char *"", ""0"", ""'\\0'"", ""!=""]]]",[],"[""\""530 Login incorrect.\""""]"
"control_printf ( SL_FAILURE , ""530-Server disabled.\r\n421 Reason: %s"" , foo )",242:4:5603:5676,/data/download/bftpd/bftpd/login.c,"[[[""strncasecmp"", ""char *"", ""\""yes\"""", ""3""]], [[""char *"", ""0"", ""'\\0'"", ""!=""]]]","[[[""strncasecmp"", ""char *"", ""config_getoption"", ""\""DENY_LOGIN\"""", ""="", ""\""no\"""", ""2""], ""char *""]]","[""\""530-Server disabled.\\r\\n421 Reason: %s\""""]"
"control_printf ( SL_FAILURE , ""530 Anonymous user not allowed."" )",232:18:5311:5372,/data/download/bftpd/bftpd/login.c,"[[[""!"", ""strcasecmp"", ""char *"", ""\""yes\""""]], [[""!"", ""char *""]]]",[],"[""\""530 Anonymous user not allowed.\""""]"
"control_printf ( SL_FAILURE , ""530 Login incorrect."" )",215:16:4788:4838,/data/download/bftpd/bftpd/login.c,"[[[""!"", ""getpwnam"", ""user""]], [[""!"", ""strcasecmp"", ""char *"", ""\""yes\""""]]]",[],"[""\""530 Login incorrect.\""""]"
"control_printf ( SL_SUCCESS , ""%i-%s"" , number , foo )",88:3:1949:1997,/data/download/bftpd/bftpd/main.c,"[[[""fgets"", ""char [ MAX_STRING_LENGTH ]"", ""MAX_STRING_LENGTH"", ""FILE *""]], [[""FILE *""]]]","[[[""int""], ""int""], [[""char [ MAX_STRING_LENGTH ]"", ""MAX_STRING_LENGTH""], ""char [ MAX_STRING_LENGTH ]""]]","[""\""%i-%s\""""]"
"control_printf ( SL_FAILURE , ""421 Kicked from the server due to control connection timeout."" )",178:8:3965:4056,/data/download/bftpd/bftpd/main.c,"[[[""alarm_type""]]]",[],"[""\""421 Kicked from the server due to control connection timeout.\""""]"
"control_printf ( SL_FAILURE , ""421 Kicked from the server due to data connection timeout."" )",174:8:3755:3843,/data/download/bftpd/bftpd/main.c,"[[[""alarm_type""]]]",[],"[""\""421 Kicked from the server due to data connection timeout.\""""]"
"control_printf ( SL_SUCCESS , ""220 %s"" , str )",422:1:11597:11638,/data/download/bftpd/bftpd/main.c,"[[[""getpeername"", ""fileno"", ""stderr"", ""&"", ""remotename"", ""&"", ""my_length""]], [[""fork""]], [[""daemonmode"", ""1"", ""==""]], [[""daemonmode""]]]","[[[""char [ MAX_STRING_LENGTH + 1 ]"", ""MAX_STRING_LENGTH"", ""1"", ""+""], ""char [ MAX_STRING_LENGTH + 1 ]""]]","[""\""220 %s\""""]"
"control_printf ( SL_FAILURE , ""421-Could not get peer IP address.\r\n421 %s."" , strerror ( errno ) )",370:2:9500:9609,/data/download/bftpd/bftpd/main.c,"[[[""getpeername"", ""fileno"", ""stderr"", ""&"", ""remotename"", ""&"", ""my_length""]], [[""fork""]], [[""daemonmode"", ""1"", ""==""]], [[""daemonmode""]]]",[],"[""\""421-Could not get peer IP address.\\r\\n421 %s.\""""]"
"control_printf ( SL_FAILURE , ""421 Memory error while handling config file."" )",218:20:7723:7797,/data/download/bftpd/bftpd/options.c,"[[[""!"", ""struct group_of_users *""]], [[""strstr"", ""char *"", ""\""group \"""", ""char *"", ""==""]]]",[],"[""\""421 Memory error while handling config file.\""""]"
"control_printf ( SL_FAILURE , ""421 Memory error while handling config file."" )",204:19:7086:7160,/data/download/bftpd/bftpd/options.c,"[[[""!"", ""struct user *"", ""name""]], [[""!"", ""struct user *""]]]",[],"[""\""421 Memory error while handling config file.\""""]"
"control_printf ( SL_FAILURE , ""421 Memory error while reading config file."" )",196:20:6809:6882,/data/download/bftpd/bftpd/options.c,"[[[""!"", ""struct user *""]], [[""strstr"", ""char *"", ""\""user \"""", ""char *"", ""==""]]]",[],"[""\""421 Memory error while reading config file.\""""]"
"control_printf ( SL_FAILURE , ""421 Unable to open configuration file."" )",175:2:5870:5938,/data/download/bftpd/bftpd/options.c,"[[[""!"", ""FILE *""]], [[""!"", ""configpath""]]]",[],"[""\""421 Unable to open configuration file.\""""]"
"fprintf ( stderr , ""%s\r\n"" , buffer )",87:4:1633:1666,/data/download/bftpd/bftpd/commands.c,"[[[""va_end"", ""va_list""]], [[""vsnprintf"", ""char [ MAX_STRING_LENGTH ]"", ""char *"", ""va_list""]]]","[[[""char [ MAX_STRING_LENGTH ]"", ""MAX_STRING_LENGTH""], ""char [ MAX_STRING_LENGTH ]""]]","[""\""%s\\r\\n\""""]"
"fprintf ( stderr , ""%s"" , buffer )",76:12:1924:1953,/data/download/bftpd/bftpd/commands_admin.c,"[[[""fgets"", ""char [ 256 ]"", ""mystatuslog""]], [[""mystatuslog""]]]","[[[""char [ 256 ]"", ""256""], ""char [ 256 ]""]]","[""\""%s\""""]"
"fprintf ( stderr , ""200 User listing finished.\n"" )",108:4:2921:2968,/data/download/bftpd/bftpd/commands_admin.c,"[[[""fprintf"", ""stderr"", ""\""200-%-10i%-15s%-20s%s\"""", ""struct bftpdutmp"", ""bu_pid"", ""struct bftpdutmp"", ""bu_name"", ""struct bftpdutmp"", ""bu_host"", ""ctime"", ""&"", ""struct bftpdutmp"", ""bu_time""]], [[]], [[""rewind"", ""bftpdutmp""]]]",[],"[""\""200 User listing finished.\\n\""""]"
"fprintf ( stderr , ""200-%-10i%-15s%-20s%s"" , tmp . bu_pid , tmp . bu_name , tmp . bu_host , ctime ( & ( tmp . bu_time ) ) )",105:8:2791:2909,/data/download/bftpd/bftpd/commands_admin.c,"[[[""!"", ""struct bftpdutmp"", ""bu_type""]], [[""fread"", ""&"", ""tmp"", ""1"", ""bftpdutmp""]]]","[[[""struct bftpdutmp""], ""struct bftpdutmp""]]","[""\""200-%-10i%-15s%-20s%s\""""]"
"fprintf ( stderr , ""200-PID       User           Host                Login time\n"" )",100:4:2568:2648,/data/download/bftpd/bftpd/commands_admin.c,"[[[""fprintf"", ""stderr"", ""\""200-User listing follows.\\n\""""]], [[""struct bftpdutmp""]]]",[],"[""\""200-PID       User           Host                Login time\\n\""""]"
"fprintf ( stderr , ""200-User listing follows.\n"" )",99:4:2516:2562,/data/download/bftpd/bftpd/commands_admin.c,"[[[""struct bftpdutmp""]], [[""char *""]]]",[],"[""\""200-User listing follows.\\n\""""]"
"fprintf ( client , ""%s %3i %-8s %-8s %llu %s %s%s\r\n"" , perm , ( int ) statbuf . st_nlink , uid , gid , ( unsigned long long ) statbuf . st_size , timestr , name , linktarget )",160:1:3859:4025,/data/download/bftpd/bftpd/dirlist.c,"[[[""!"", ""struct tm *""]], [[""!"", ""struct tm *""]]]","[[[""temp"", ""MAXCMD"", ""3"", ""+"", ""linktarget"", ""MAXCMD"", ""5"", ""+"", ""perm"", ""11"", ""timestr"", ""17"", ""char [ USERLEN + 1 ]"", ""USERLEN"", ""1"", ""+"", ""gid"", ""USERLEN"", ""1"", ""+""], ""timestr""], [[""char *""], ""char *""], [[""struct stat""], ""struct stat""], [[""temp"", ""MAXCMD"", ""3"", ""+"", ""linktarget"", ""MAXCMD"", ""5"", ""+"", ""perm"", ""11"", ""timestr"", ""17"", ""char [ USERLEN + 1 ]"", ""USERLEN"", ""1"", ""+"", ""gid"", ""USERLEN"", ""1"", ""+""], ""perm""], [[""temp"", ""MAXCMD"", ""3"", ""+"", ""linktarget"", ""MAXCMD"", ""5"", ""+"", ""perm"", ""11"", ""timestr"", ""17"", ""char [ USERLEN + 1 ]"", ""USERLEN"", ""1"", ""+"", ""gid"", ""USERLEN"", ""1"", ""+""], ""gid""], [[""temp"", ""MAXCMD"", ""3"", ""+"", ""linktarget"", ""MAXCMD"", ""5"", ""+"", ""perm"", ""11"", ""timestr"", ""17"", ""char [ USERLEN + 1 ]"", ""USERLEN"", ""1"", ""+"", ""gid"", ""USERLEN"", ""1"", ""+""], ""linktarget""], [[""FILE *""], ""FILE *""], [[""temp"", ""MAXCMD"", ""3"", ""+"", ""linktarget"", ""MAXCMD"", ""5"", ""+"", ""perm"", ""11"", ""timestr"", ""17"", ""char [ USERLEN + 1 ]"", ""USERLEN"", ""1"", ""+"", ""gid"", ""USERLEN"", ""1"", ""+""], ""char [ USERLEN + 1 ]""]]","[""\""%s %3i %-8s %-8s %llu %s %s%s\\r\\n\""""]"
"fprintf ( client , ""213-Error: %s.\n"" , strerror ( errno ) )",111:8:2366:2418,/data/download/bftpd/bftpd/dirlist.c,"[[[""lstat"", ""char *"", ""&"", ""statbuf"", ""-"", ""1"", ""==""]]]","[[[""FILE *""], ""FILE *""]]","[""\""213-Error: %s.\\n\""""]"
"fprintf ( client , ""%s\r\n"" , filename_index )",190:8:4726:4767,/data/download/bftpd/bftpd/dirlist.c,"[[[""char""]], [[""!"", ""stat"", ""char *"", ""&"", ""statbuf""]], [[""struct hidegroup *""]], [[""struct hidegroup *"", ""struct hidegroup *"", ""next"", ""=""]]]","[[[""char *""], ""char *""], [[""char *"", ""char *"", ""=""], ""char *""], [[""FILE *""], ""FILE *""]]","[""\""%s\\r\\n\""""]"
"fprintf ( statuslog , ""%i %i %i %s\n"" , ( int ) getpid ( ) , type , type2 , buffer )",66:8:1641:1729,/data/download/bftpd/bftpd/logging.c,"[[[""statuslog""]]]","[[[""char""], ""char""], [[""char""], ""char""], [[""char [ 1024 ]"", ""1024""], ""char [ 1024 ]""]]","[""\""%i %i %i %s\\n\""""]"
"fprintf ( logfile , ""%s %s[%i]: %s"" , timestr , global_argv [ 0 ] , ( int ) getpid ( ) , buffer )",85:2:2087:2173,/data/download/bftpd/bftpd/logging.c,"[[[""logfile""]]]","[[[""buffer"", ""1024"", ""char [ 40 ]"", ""40""], ""char [ 40 ]""], [[""buffer"", ""1024"", ""char [ 40 ]"", ""40""], ""buffer""]]","[""\""%s %s[%i]: %s\"""", ""0""]"
"fprintf ( send_receive_file , ""%s %.0f %.0f\n"" , username , sent , received )",175:4:4001:4071,/data/download/bftpd/bftpd/logging.c,"[[[""!"", ""send_receive_file""]]]","[[[""double""], ""double""], [[""double""], ""double""], [[""char *""], ""char *""]]","[""\""%s %.0f %.0f\\n\""""]"
"fprintf ( stderr , ""Listen failed: %s\n"" , strerror ( errno ) )",264:3:6426:6481,/data/download/bftpd/bftpd/main.c,"[[[""listen"", ""listensocket"", ""5""]], [[""fork""]], [[""daemonmode"", ""1"", ""==""]]]",[],"[""\""Listen failed: %s\\n\""""]"
"fprintf ( stderr , ""Bind failed: %s\n"" , strerror ( errno ) )",260:3:6319:6372,/data/download/bftpd/bftpd/main.c,"[[[""bind"", ""listensocket"", ""&"", ""myaddr"", ""0"", ""<""]], [[""fork""]], [[""daemonmode"", ""1"", ""==""]]]",[],"[""\""Bind failed: %s\\n\""""]"
"bftpd_statuslog ( 3 , success , ""%s"" , buffer )",89:4:1722:1763,/data/download/bftpd/bftpd/commands.c,"[[[""replace"", ""char [ MAX_STRING_LENGTH ]"", ""\""\\r\"""", ""\""\"""", ""MAX_STRING_LENGTH""]], [[""fprintf"", ""stderr"", ""\""%s\\r\\n\"""", ""char [ MAX_STRING_LENGTH ]""]]]","[[[""char""], ""char""], [[""char [ MAX_STRING_LENGTH ]"", ""MAX_STRING_LENGTH""], ""char [ MAX_STRING_LENGTH ]""]]","[""3"", ""\""%s\""""]"
"bftpd_statuslog ( 1 , 0 , ""quit"" )",103:4:2201:2230,/data/download/bftpd/bftpd/main.c,"[[[""bftpd_log"", ""\""Quitting.\\n\""""]], [[""config_end""]]]",[],"[""1"", ""0"", ""\""quit\""""]"
"bftpd_statuslog ( 2 , 0 , ""%s"" , str )",432:8:11985:12017,/data/download/bftpd/bftpd/main.c,"[[[""fgets"", ""char [ MAX_STRING_LENGTH + 1 ]"", ""MAXCMD"", ""stdin""]], [[""getpeername"", ""fileno"", ""stderr"", ""&"", ""remotename"", ""&"", ""my_length""]]]","[[[""char [ MAX_STRING_LENGTH + 1 ]"", ""MAX_STRING_LENGTH"", ""1"", ""+""], ""char [ MAX_STRING_LENGTH + 1 ]""]]","[""2"", ""0"", ""\""%s\""""]"
"bftpd_statuslog ( 1 , 0 , ""connect %s"" , remotehostname )",408:8:10936:10987,/data/download/bftpd/bftpd/main.c,"[[[""getpeername"", ""fileno"", ""stderr"", ""&"", ""remotename"", ""&"", ""my_length""]], [[""fork""]], [[""daemonmode"", ""1"", ""==""]], [[""daemonmode""]]]","[[[""remotehostname"", ""strdup"", ""char *"", ""=""], ""remotehostname""], [[""remotehostname"", ""\""\"""", ""=""], ""remotehostname""], [[""remotehostname"", ""\""\"""", ""=""], ""remotehostname""], [[""remotehostname"", ""\""\"""", ""=""], ""remotehostname""], [[""remotehostname"", ""strdup"", ""char *"", ""=""], ""remotehostname""], [[""remotehostname"", ""strdup"", ""struct hostent *"", ""h_name"", ""=""], ""remotehostname""]]","[""1"", ""0"", ""\""connect %s\""""]"
"vsnprintf ( buffer , sizeof ( buffer ) , format , val )",85:4:1564:1610,/data/download/bftpd/bftpd/commands.c,"[[[""va_start"", ""va_list"", ""char *""]], [[""va_list""]]]","[[[""char *""], ""char *""], [[""char [ MAX_STRING_LENGTH ]"", ""MAX_STRING_LENGTH""], ""char [ MAX_STRING_LENGTH ]""], [[""va_list""], ""va_list""]]",[]
"sprintf ( foo , ""%c%%i%c%%50[^%c]%c%%i%c"" , delim , delim , delim , delim , delim )",306:4:7624:7698,/data/download/bftpd/bftpd/commands.c,"[[[""strlen"", ""char *"", ""5"", ""<""]], [[""epsvall""]]]","[[[""char"", ""char *"", ""0"", ""=""], ""char""], [[""char [ 20 ]"", ""20""], ""char [ 20 ]""]]","[""\""%c%%i%c%%50[^%c]%c%%i%c\""""]"
"sprintf ( confstr , ""ALLOWCOMMAND_%s"" , commands [ i ] . name )",1815:12:54939:54992,/data/download/bftpd/bftpd/commands.c,"[[[""!"", ""strncasecmp"", ""char *"", ""commands"", ""int"", ""name"", ""strlen"", ""commands"", ""int"", ""name""]], [[""commands"", ""int"", ""name""]]]","[[[""int"", ""0"", ""=""], ""int""], [[""int""], ""int""], [[""char [ 64 ]"", ""pp"", ""confstr"", ""64""], ""confstr""]]","[""\""ALLOWCOMMAND_%s\""""]"
"sprintf ( linktarget , "" -> %s"" , temp )",118:2:2577:2612,/data/download/bftpd/bftpd/dirlist.c,"[[[""S_ISLNK"", ""struct stat"", ""st_mode""]], [[""lstat"", ""char *"", ""&"", ""statbuf"", ""-"", ""1"", ""==""]]]","[[[""temp"", ""MAXCMD"", ""3"", ""+"", ""linktarget"", ""MAXCMD"", ""5"", ""+"", ""perm"", ""11"", ""timestr"", ""17"", ""char [ USERLEN + 1 ]"", ""USERLEN"", ""1"", ""+"", ""gid"", ""USERLEN"", ""1"", ""+""], ""temp""], [[""temp"", ""MAXCMD"", ""3"", ""+"", ""linktarget"", ""MAXCMD"", ""5"", ""+"", ""perm"", ""11"", ""timestr"", ""17"", ""char [ USERLEN + 1 ]"", ""USERLEN"", ""1"", ""+"", ""gid"", ""USERLEN"", ""1"", ""+""], ""linktarget""]]","[""\"" -> %s\""""]"
"vsnprintf ( buffer , sizeof ( buffer ) , format , val )",63:8:1525:1571,/data/download/bftpd/bftpd/logging.c,"[[[""statuslog""]]]","[[[""char *""], ""char *""], [[""va_list""], ""va_list""], [[""char [ 1024 ]"", ""1024""], ""char [ 1024 ]""]]",[]
"vsnprintf ( buffer , sizeof ( buffer ) , format , val )",78:1:1886:1932,/data/download/bftpd/bftpd/logging.c,"[[[""va_start"", ""va_list"", ""char *""]], [[""time_t""]]]","[[[""char *""], ""char *""], [[""buffer"", ""1024"", ""char [ 40 ]"", ""40""], ""buffer""], [[""va_list""], ""va_list""]]",[]
"sprintf ( output , ""%d-%d-%d"" , my_local -> tm_year + 1900 , my_local -> tm_mon + 1 , my_local -> tm_mday )",126:7:2819:2913,/data/download/bftpd/bftpd/logging.c,"[[[""struct tm *""]]]","[[[""char [ 32 ]"", ""32""], ""char [ 32 ]""], [[""struct tm *"", ""localtime"", ""&"", ""my_time"", ""=""], ""struct tm *""]]","[""\""%d-%d-%d\"""", ""1900"", ""1""]"
"sprintf ( filename , ""%s/%s.txt"" , foldername , my_date )",149:4:3369:3420,/data/download/bftpd/bftpd/logging.c,"[[[""!"", ""char *""]], [[""!"", ""char *"", ""0""]]]","[[[""char *"", ""calloc"", ""strlen"", ""char *"", ""strlen"", ""char *"", ""16"", ""+"", ""+"", ""=""], ""char *""], [[""char *"", ""config_getoption"", ""\""BANDWIDTH\"""", ""=""], ""char *""], [[""char *"", ""Current_Date"", ""=""], ""char *""]]","[""\""%s/%s.txt\""""]"
"sprintf ( name , ""%i"" , uid )",87:1:1760:1784,/data/download/bftpd/bftpd/login.c,"[[[""FILE *""]], [[""fscanf"", ""FILE *"", ""\""%255s%*[^\\n]\\n\"""", ""char [ 256 ]"", ""EOF"", ""!=""]], [[""int"", ""int"", ""==""]], [[""char [ 256 ]"", ""0"", ""'#'"", ""=="", ""!"", ""strchr"", ""char [ 256 ]"", ""':'"", ""strchr"", ""char [ 256 ]"", ""':'"", ""char [ 256 ]"", ""USERLEN"", ""1"", ""-"", ""+"", "">"", ""||"", ""||""]], [[""FILE *""]]]","[[[""char *""], ""char *""], [[""int""], ""int""]]","[""\""%i\""""]"
"sprintf ( ut . ut_line , ""ftp%i"" , ( int ) getpid ( ) )",132:1:2742:2786,/data/download/bftpd/bftpd/login.c,"[[[""!"", ""wtmp""]]]","[[[""struct utmp"", ""ut_pid"", ""getpid"", ""=""], ""struct utmp""]]","[""\""ftp%i\""""]"
"printf ( ""Error while initializing PAM: %s\n"" , pam_strerror ( pamh , retval ) )",513:2:13887:13965,/data/download/bftpd/bftpd/login.c,"[[[""int"", ""PAM_SUCCESS"", ""!=""]]]","[[[""int"", ""int"", ""pam_start"", ""\""bftpd\"""", ""user"", ""&"", ""conv"", ""&"", ""pamh"", ""=""], ""int""]]","[""\""Error while initializing PAM: %s\\n\""""]"
