commit_sha,commit_message,file_name,change_type,log_node,old_log_loc,old_store_name,new_log_loc,new_store_name,old_context_list,new_context_list,old_ddg_list,old_static_list,new_ddg_list,new_static_list
23b3d46e96f88ff66bdd064e484c0ba9ffa10ebc,"Merge topic 'update-kwsys'

16ebd9f6 Merge branch 'upstream-KWSys' into update-kwsys
7be70ca6 KWSys 2017-05-16 (fe1f22ce)

Acked-by: Kitware Robot <kwrobot@kitware.com>
Merge-request: !856",Source/kwsys/ProcessUNIX.c,3,"[""16833"", ""True"", ""ExpressionStatement"", ""sprintf ( cp -> ExitExceptionString , \""Signal %d\"" , sig )""]",2247,/data/download/CMake/CMake/Kitware_CMake_0_old.cpp,2277,/data/download/CMake/CMake/Kitware_CMake_0_new.cpp,"[[[""int""]]]","[[[""int""]]]","[[[""kwsysProcess *""], ""kwsysProcess *""], [[""kwsysProcess *"", ""ExitException"", ""kwsysProcess_Exception_Other"", ""=""], ""* cp""], [[""int""], ""int""]]","[""\""Signal %d\""""]","[[[""kwsysProcess *""], ""kwsysProcess *""], [[""int""], ""int""], [[""kwsysProcess *"", ""ProcessResults"", ""int"", ""ExitException"", ""kwsysProcess_Exception_Other"", ""=""], ""* * cp""], [[""kwsysProcess *"", ""ProcessResults"", ""int"", ""ExitException"", ""kwsysProcess_Exception_Other"", ""=""], ""* idx""], [[""kwsysProcess *"", ""ProcessResults"", ""int"", ""ExitException"", ""kwsysProcess_Exception_Other"", ""=""], ""* cp -> ProcessResults""], [[""int""], ""int""]]","[""\""Signal %d\""""]"
23b3d46e96f88ff66bdd064e484c0ba9ffa10ebc,"Merge topic 'update-kwsys'

16ebd9f6 Merge branch 'upstream-KWSys' into update-kwsys
7be70ca6 KWSys 2017-05-16 (fe1f22ce)

Acked-by: Kitware Robot <kwrobot@kitware.com>
Merge-request: !856",Source/kwsys/ProcessWin32.c,3,"[""939222"", ""True"", ""ExpressionStatement"", ""_snprintf ( cp -> ExitExceptionString , KWSYSPE_PIPE_BUFFER_SIZE , \""Exit code 0x%x\\n\"" , code )""]",2124,/data/download/CMake/CMake/Kitware_CMake_1_old.cpp,2146,/data/download/CMake/CMake/Kitware_CMake_1_new.cpp,"[[[""int"", ""STATUS_NO_MEMORY"", ""==""]]]","[[[""int"", ""STATUS_NO_MEMORY"", ""==""]]]","[[[""kwsysProcess *""], ""kwsysProcess *""], [[""int""], ""int""], [[""kwsysProcess *"", ""ExitException"", ""kwsysProcess_Exception_Other"", ""=""], ""* cp""]]","[""\""Exit code 0x%x\\n\""""]","[[[""kwsysProcess *""], ""kwsysProcess *""], [[""int""], ""int""], [[""kwsysProcess *"", ""ProcessResults"", ""int"", ""ExitException"", ""kwsysProcess_Exception_Other"", ""=""], ""* * cp""], [[""kwsysProcess *"", ""ProcessResults"", ""int"", ""ExitException"", ""kwsysProcess_Exception_Other"", ""=""], ""* idx""], [[""int""], ""int""], [[""kwsysProcess *"", ""ProcessResults"", ""int"", ""ExitException"", ""kwsysProcess_Exception_Other"", ""=""], ""* cp -> ProcessResults""]]","[""\""Exit code 0x%x\\n\""""]"
16ebd9f6152fedd1804f13c91ed14e8963e53d3f,"Merge branch 'upstream-KWSys' into update-kwsys

* upstream-KWSys:
  KWSys 2017-05-16 (fe1f22ce)",Source/kwsys/ProcessUNIX.c,3,"[""1130179"", ""True"", ""ExpressionStatement"", ""sprintf ( cp -> ExitExceptionString , \""Signal %d\"" , sig )""]",2247,/data/download/CMake/CMake/Kitware_CMake_2_old.cpp,2277,/data/download/CMake/CMake/Kitware_CMake_2_new.cpp,"[[[""int""]]]","[[[""int""]]]","[[[""kwsysProcess *""], ""kwsysProcess *""], [[""int""], ""int""], [[""kwsysProcess *"", ""ExitException"", ""kwsysProcess_Exception_Other"", ""=""], ""* cp""]]","[""\""Signal %d\""""]","[[[""kwsysProcess *""], ""kwsysProcess *""], [[""int""], ""int""], [[""kwsysProcess *"", ""ProcessResults"", ""int"", ""ExitException"", ""kwsysProcess_Exception_Other"", ""=""], ""* * cp""], [[""kwsysProcess *"", ""ProcessResults"", ""int"", ""ExitException"", ""kwsysProcess_Exception_Other"", ""=""], ""* idx""], [[""kwsysProcess *"", ""ProcessResults"", ""int"", ""ExitException"", ""kwsysProcess_Exception_Other"", ""=""], ""* cp -> ProcessResults""], [[""int""], ""int""]]","[""\""Signal %d\""""]"
16ebd9f6152fedd1804f13c91ed14e8963e53d3f,"Merge branch 'upstream-KWSys' into update-kwsys

* upstream-KWSys:
  KWSys 2017-05-16 (fe1f22ce)",Source/kwsys/ProcessWin32.c,3,"[""1290998"", ""True"", ""ExpressionStatement"", ""_snprintf ( cp -> ExitExceptionString , KWSYSPE_PIPE_BUFFER_SIZE , \""Exit code 0x%x\\n\"" , code )""]",2124,/data/download/CMake/CMake/Kitware_CMake_3_old.cpp,2146,/data/download/CMake/CMake/Kitware_CMake_3_new.cpp,"[[[""int"", ""STATUS_NO_MEMORY"", ""==""]]]","[[[""int"", ""STATUS_NO_MEMORY"", ""==""]]]","[[[""kwsysProcess *""], ""kwsysProcess *""], [[""int""], ""int""], [[""kwsysProcess *"", ""ExitException"", ""kwsysProcess_Exception_Other"", ""=""], ""* cp""]]","[""\""Exit code 0x%x\\n\""""]","[[[""kwsysProcess *""], ""kwsysProcess *""], [[""int""], ""int""], [[""kwsysProcess *"", ""ProcessResults"", ""int"", ""ExitException"", ""kwsysProcess_Exception_Other"", ""=""], ""* * cp""], [[""kwsysProcess *"", ""ProcessResults"", ""int"", ""ExitException"", ""kwsysProcess_Exception_Other"", ""=""], ""* idx""], [[""int""], ""int""], [[""kwsysProcess *"", ""ProcessResults"", ""int"", ""ExitException"", ""kwsysProcess_Exception_Other"", ""=""], ""* cp -> ProcessResults""]]","[""\""Exit code 0x%x\\n\""""]"
7be70ca6cc888df532d2f1560e74d13642730ee5,"KWSys 2017-05-16 (fe1f22ce)

Code extracted from:

    https://gitlab.kitware.com/utils/kwsys.git

at commit fe1f22ceefdae18df33e5bab8483fec7a82d4cee (master).

Upstream Shortlog
-----------------

Adam Weisi (3):
      8a799e36 Process: Improve definition ordering in header file
      7d56ef24 Process: Save results from all children internally
      b7eba998 Process: Add APIs to get results of individual processes

Ben Boeckel (2):
      cea71543 style: remove separator comments
      874dc559 style: help clang-format near macros",ProcessUNIX.c,3,"[""1475008"", ""True"", ""ExpressionStatement"", ""sprintf ( cp -> ExitExceptionString , \""Signal %d\"" , sig )""]",2247,/data/download/CMake/CMake/Kitware_CMake_4_old.cpp,2277,/data/download/CMake/CMake/Kitware_CMake_4_new.cpp,"[[[""int""]]]","[[[""int""]]]","[[[""kwsysProcess *""], ""kwsysProcess *""], [[""int""], ""int""], [[""kwsysProcess *"", ""ExitException"", ""kwsysProcess_Exception_Other"", ""=""], ""* cp""]]","[""\""Signal %d\""""]","[[[""kwsysProcess *""], ""kwsysProcess *""], [[""int""], ""int""], [[""kwsysProcess *"", ""ProcessResults"", ""int"", ""ExitException"", ""kwsysProcess_Exception_Other"", ""=""], ""* * cp""], [[""kwsysProcess *"", ""ProcessResults"", ""int"", ""ExitException"", ""kwsysProcess_Exception_Other"", ""=""], ""* idx""], [[""kwsysProcess *"", ""ProcessResults"", ""int"", ""ExitException"", ""kwsysProcess_Exception_Other"", ""=""], ""* cp -> ProcessResults""], [[""int""], ""int""]]","[""\""Signal %d\""""]"
7be70ca6cc888df532d2f1560e74d13642730ee5,"KWSys 2017-05-16 (fe1f22ce)

Code extracted from:

    https://gitlab.kitware.com/utils/kwsys.git

at commit fe1f22ceefdae18df33e5bab8483fec7a82d4cee (master).

Upstream Shortlog
-----------------

Adam Weisi (3):
      8a799e36 Process: Improve definition ordering in header file
      7d56ef24 Process: Save results from all children internally
      b7eba998 Process: Add APIs to get results of individual processes

Ben Boeckel (2):
      cea71543 style: remove separator comments
      874dc559 style: help clang-format near macros",ProcessWin32.c,3,"[""1654824"", ""True"", ""ExpressionStatement"", ""_snprintf ( cp -> ExitExceptionString , KWSYSPE_PIPE_BUFFER_SIZE , \""Exit code 0x%x\\n\"" , code )""]",2124,/data/download/CMake/CMake/Kitware_CMake_5_old.cpp,2146,/data/download/CMake/CMake/Kitware_CMake_5_new.cpp,"[[[""int"", ""STATUS_NO_MEMORY"", ""==""]]]","[[[""int"", ""STATUS_NO_MEMORY"", ""==""]]]","[[[""kwsysProcess *""], ""kwsysProcess *""], [[""int""], ""int""], [[""kwsysProcess *"", ""ExitException"", ""kwsysProcess_Exception_Other"", ""=""], ""* cp""]]","[""\""Exit code 0x%x\\n\""""]","[[[""kwsysProcess *""], ""kwsysProcess *""], [[""int""], ""int""], [[""kwsysProcess *"", ""ProcessResults"", ""int"", ""ExitException"", ""kwsysProcess_Exception_Other"", ""=""], ""* * cp""], [[""kwsysProcess *"", ""ProcessResults"", ""int"", ""ExitException"", ""kwsysProcess_Exception_Other"", ""=""], ""* idx""], [[""int""], ""int""], [[""kwsysProcess *"", ""ProcessResults"", ""int"", ""ExitException"", ""kwsysProcess_Exception_Other"", ""=""], ""* cp -> ProcessResults""]]","[""\""Exit code 0x%x\\n\""""]"
8843120ded39b90423afd48ebfde4c059d9495ed,"Merge topic 'update-curl'

95d3ebcc curl: Set TLS/SSL build options the way we need for CMake
11ba72c6 curl: Skip building docs within CMake
29997590 Merge branch 'upstream-curl' into update-curl
fd7d521c curl 2017-04-19 (d957e218)
5af9c8e2 curl: Update script to get curl 7.54.0

Acked-by: Kitware Robot <kwrobot@kitware.com>
Merge-request: !828",Utilities/cmcurl/lib/conncache.c,3,"[""1773011"", ""True"", ""ReturnStatement"", ""return aprintf ( \""%s:%d\"" , hostname , conn -> port ) ;""]",144,/data/download/CMake/CMake/Kitware_CMake_6_old.cpp,142,/data/download/CMake/CMake/Kitware_CMake_6_new.cpp,"[[[""const char *"", ""struct connectdata *"", ""host"", ""name"", ""=""]], [[""const char *"", ""struct connectdata *"", ""conn_to_host"", ""name"", ""=""]], [[""const char *"", ""struct connectdata *"", ""http_proxy"", ""host"", ""name"", ""=""]], [[""const char *"", ""struct connectdata *"", ""socks_proxy"", ""host"", ""name"", ""=""]]]","[[[""DEBUGASSERT"", ""size_t"", ""32"", "">""]], [[""const char *"", ""struct connectdata *"", ""host"", ""name"", ""=""]], [[""const char *"", ""struct connectdata *"", ""conn_to_host"", ""name"", ""=""]], [[""const char *"", ""struct connectdata *"", ""http_proxy"", ""host"", ""name"", ""=""]], [[""const char *"", ""struct connectdata *"", ""socks_proxy"", ""host"", ""name"", ""=""]]]","[[[""const char *"", ""struct connectdata *"", ""host"", ""name"", ""=""], ""const char *""], [[""const char *"", ""struct connectdata *"", ""conn_to_host"", ""name"", ""=""], ""const char *""], [[""const char *"", ""struct connectdata *"", ""http_proxy"", ""host"", ""name"", ""=""], ""const char *""], [[""const char *"", ""struct connectdata *"", ""socks_proxy"", ""host"", ""name"", ""=""], ""const char *""], [[""struct connectdata *""], ""struct connectdata *""]]","[""\""%s:%d\""""]","[[[""size_t""], ""size_t""], [[""char *""], ""char *""], [[""const char *"", ""struct connectdata *"", ""conn_to_host"", ""name"", ""=""], ""const char *""], [[""const char *"", ""struct connectdata *"", ""http_proxy"", ""host"", ""name"", ""=""], ""const char *""], [[""const char *"", ""struct connectdata *"", ""socks_proxy"", ""host"", ""name"", ""=""], ""const char *""], [[""const char *"", ""struct connectdata *"", ""host"", ""name"", ""=""], ""const char *""], [[""struct connectdata *""], ""struct connectdata *""]]","[""\""%ld%s\""""]"
8843120ded39b90423afd48ebfde4c059d9495ed,"Merge topic 'update-curl'

95d3ebcc curl: Set TLS/SSL build options the way we need for CMake
11ba72c6 curl: Skip building docs within CMake
29997590 Merge branch 'upstream-curl' into update-curl
fd7d521c curl 2017-04-19 (d957e218)
5af9c8e2 curl: Update script to get curl 7.54.0

Acked-by: Kitware Robot <kwrobot@kitware.com>
Merge-request: !828",Utilities/cmcurl/lib/file.c,3,"[""1883505"", ""True"", ""Statement"", "",""]",479,/data/download/CMake/CMake/Kitware_CMake_7_old.cpp,478,/data/download/CMake/CMake/Kitware_CMake_7_new.cpp,"[[[""struct Curl_easy *"", ""set"", ""opt_no_body""]], [[""struct Curl_easy *"", ""set"", ""include_header""]], [[""bool""]], [[""!"", ""Curl_meets_timecondition"", ""struct Curl_easy *"", ""struct Curl_easy *"", ""info"", ""filetime""]], [[""bool""]], [[""!"", ""struct Curl_easy *"", ""state"", ""range""]], [[""struct Curl_easy *"", ""set"", ""timecondition""]]]","[[[""struct Curl_easy *"", ""set"", ""opt_no_body""]], [[""struct Curl_easy *"", ""set"", ""include_header""]], [[""bool""]], [[""!"", ""Curl_meets_timecondition"", ""struct Curl_easy *"", ""struct Curl_easy *"", ""info"", ""filetime""]], [[""bool""]], [[""!"", ""struct Curl_easy *"", ""state"", ""range""]], [[""struct Curl_easy *"", ""set"", ""timecondition""]]]",[],[],[],[]
8843120ded39b90423afd48ebfde4c059d9495ed,"Merge topic 'update-curl'

95d3ebcc curl: Set TLS/SSL build options the way we need for CMake
11ba72c6 curl: Skip building docs within CMake
29997590 Merge branch 'upstream-curl' into update-curl
fd7d521c curl 2017-04-19 (d957e218)
5af9c8e2 curl: Update script to get curl 7.54.0

Acked-by: Kitware Robot <kwrobot@kitware.com>
Merge-request: !828",Utilities/cmcurl/lib/ftp.c,3,"[""2039290"", ""True"", ""ExpressionStatement"", ""snprintf ( buf , sizeof ( conn -> data -> state . buffer ) , \""%04d%02d%02d %02d:%02d:%02d GMT\"" , year , month , day , hour , minute , second )""]",2110,/data/download/CMake/CMake/Kitware_CMake_8_old.cpp,2110,/data/download/CMake/CMake/Kitware_CMake_8_new.cpp,"[[[""6"", ""sscanf"", ""char *"", ""4"", ""+"", ""\""%04d%02d%02d%02d%02d%02d\"""", ""&"", ""year"", ""&"", ""month"", ""&"", ""day"", ""&"", ""hour"", ""&"", ""minute"", ""&"", ""second"", ""==""]], [[""int"", ""213"", ""==""]]]","[[[""6"", ""sscanf"", ""char *"", ""4"", ""+"", ""\""%04d%02d%02d%02d%02d%02d\"""", ""&"", ""year"", ""&"", ""month"", ""&"", ""day"", ""&"", ""hour"", ""&"", ""minute"", ""&"", ""second"", ""==""]], [[""int"", ""213"", ""==""]]]","[[[""char *"", ""char *"", ""struct Curl_easy *"", ""state"", ""buffer"", ""=""], ""char *""], [[""int"", ""month"", ""day"", ""hour"", ""minute"", ""second""], ""minute""], [[""int"", ""month"", ""day"", ""hour"", ""minute"", ""second""], ""hour""], [[""int"", ""month"", ""day"", ""hour"", ""minute"", ""second""], ""month""], [[""int"", ""month"", ""day"", ""hour"", ""minute"", ""second""], ""day""], [[""int"", ""month"", ""day"", ""hour"", ""minute"", ""second""], ""second""], [[""int"", ""month"", ""day"", ""hour"", ""minute"", ""second""], ""int""], [[""struct connectdata *""], ""struct connectdata *""]]","[""\""%04d%02d%02d %02d:%02d:%02d GMT\""""]","[[[""char *"", ""char *"", ""struct Curl_easy *"", ""state"", ""buffer"", ""=""], ""char *""], [[""int"", ""month"", ""day"", ""hour"", ""minute"", ""second""], ""minute""], [[""int"", ""month"", ""day"", ""hour"", ""minute"", ""second""], ""hour""], [[""int"", ""month"", ""day"", ""hour"", ""minute"", ""second""], ""month""], [[""int"", ""month"", ""day"", ""hour"", ""minute"", ""second""], ""day""], [[""int"", ""month"", ""day"", ""hour"", ""minute"", ""second""], ""second""], [[""int"", ""month"", ""day"", ""hour"", ""minute"", ""second""], ""int""], [[""struct connectdata *""], ""struct connectdata *""]]","[""\""%04d%02d%02d %02d:%02d:%02d GMT\""""]"
8843120ded39b90423afd48ebfde4c059d9495ed,"Merge topic 'update-curl'

95d3ebcc curl: Set TLS/SSL build options the way we need for CMake
11ba72c6 curl: Skip building docs within CMake
29997590 Merge branch 'upstream-curl' into update-curl
fd7d521c curl 2017-04-19 (d957e218)
5af9c8e2 curl: Update script to get curl 7.54.0

Acked-by: Kitware Robot <kwrobot@kitware.com>
Merge-request: !828",Utilities/cmcurl/lib/ftp.c,3,"[""2040179"", ""True"", ""Statement"", "",""]",2321,/data/download/CMake/CMake/Kitware_CMake_8_old.cpp,2321,/data/download/CMake/CMake/Kitware_CMake_8_new.cpp,"[[[""-"", ""1"", ""curl_off_t"", ""!=""]], [[""ftpstate"", ""FTP_SIZE"", ""==""]]]","[[[""-"", ""1"", ""curl_off_t"", ""!=""]], [[""ftpstate"", ""FTP_SIZE"", ""==""]]]",[],[],[],[]
8843120ded39b90423afd48ebfde4c059d9495ed,"Merge topic 'update-curl'

95d3ebcc curl: Set TLS/SSL build options the way we need for CMake
11ba72c6 curl: Skip building docs within CMake
29997590 Merge branch 'upstream-curl' into update-curl
fd7d521c curl 2017-04-19 (d957e218)
5af9c8e2 curl: Update script to get curl 7.54.0

Acked-by: Kitware Robot <kwrobot@kitware.com>
Merge-request: !828",Utilities/cmcurl/lib/http.c,3,"[""2115472"", ""True"", ""ExpressionStatement"", ""snprintf ( data -> state . buffer , sizeof ( data -> state . buffer ) , \""%s:%s\"" , user , pwd )""]",300,/data/download/CMake/CMake/Kitware_CMake_9_old.cpp,300,/data/download/CMake/CMake/Kitware_CMake_9_new.cpp,"[[[""const char *"", ""struct connectdata *"", ""passwd"", ""=""]], [[""const char *"", ""struct connectdata *"", ""http_proxy"", ""passwd"", ""=""]], [[""const char *"", ""struct connectdata *"", ""const char *"", ""=""]], [[""const char *"", ""struct connectdata *"", ""http_proxy"", ""const char *"", ""=""]]]","[[[""const char *"", ""struct connectdata *"", ""passwd"", ""=""]], [[""const char *"", ""struct connectdata *"", ""http_proxy"", ""passwd"", ""=""]], [[""const char *"", ""struct connectdata *"", ""const char *"", ""=""]], [[""const char *"", ""struct connectdata *"", ""http_proxy"", ""const char *"", ""=""]]]","[[[""const char *"", ""struct connectdata *"", ""http_proxy"", ""const char *"", ""=""], ""const char *""], [[""const char *"", ""struct connectdata *"", ""const char *"", ""=""], ""const char *""], [[""const char *"", ""struct connectdata *"", ""passwd"", ""=""], ""const char *""], [[""const char *"", ""struct connectdata *"", ""http_proxy"", ""passwd"", ""=""], ""const char *""], [[""struct Curl_easy *"", ""struct Curl_easy *"", ""struct connectdata *"", ""struct Curl_easy *"", ""=""], ""struct Curl_easy *""]]","[""\""%s:%s\""""]","[[[""const char *"", ""struct connectdata *"", ""const char *"", ""=""], ""const char *""], [[""const char *"", ""struct connectdata *"", ""http_proxy"", ""const char *"", ""=""], ""const char *""], [[""const char *"", ""struct connectdata *"", ""passwd"", ""=""], ""const char *""], [[""const char *"", ""struct connectdata *"", ""http_proxy"", ""passwd"", ""=""], ""const char *""], [[""struct Curl_easy *"", ""struct Curl_easy *"", ""struct connectdata *"", ""struct Curl_easy *"", ""=""], ""struct Curl_easy *""]]","[""\""%s:%s\""""]"
8843120ded39b90423afd48ebfde4c059d9495ed,"Merge topic 'update-curl'

95d3ebcc curl: Set TLS/SSL build options the way we need for CMake
11ba72c6 curl: Skip building docs within CMake
29997590 Merge branch 'upstream-curl' into update-curl
fd7d521c curl 2017-04-19 (d957e218)
5af9c8e2 curl: Update script to get curl 7.54.0

Acked-by: Kitware Robot <kwrobot@kitware.com>
Merge-request: !828",Utilities/cmcurl/lib/url.c,0,"[""167435"", ""True"", ""ExpressionStatement"", ""data -> state . headerbuff = malloc ( HEADERSIZE )""]",644,/data/download/CMake/CMake/Kitware_CMake_10_old.cpp,649,/data/download/CMake/CMake/Kitware_CMake_10_new.cpp,"[[[""CURLcode""]], [[""!"", ""struct Curl_easy *""]]]","[[[""!"", ""struct Curl_easy *"", ""state"", ""buffer""]], [[""CURLcode""]]]","[[[""struct Curl_easy *"", ""magic"", ""CURLEASY_MAGIC_NUMBER"", ""=""], ""* data""], [[""struct Curl_easy *"", ""calloc"", ""1"", ""=""], ""struct Curl_easy *""]]",[],[],"[""\""Error: malloc of buffer failed\\n\""""]"
8843120ded39b90423afd48ebfde4c059d9495ed,"Merge topic 'update-curl'

95d3ebcc curl: Set TLS/SSL build options the way we need for CMake
11ba72c6 curl: Skip building docs within CMake
29997590 Merge branch 'upstream-curl' into update-curl
fd7d521c curl 2017-04-19 (d957e218)
5af9c8e2 curl: Update script to get curl 7.54.0

Acked-by: Kitware Robot <kwrobot@kitware.com>
Merge-request: !828",Utilities/cmcurl/lib/vtls/cyassl.c,0,"[""295367"", ""True"", ""ReturnStatement"", ""return snprintf ( buffer , size , \""wolfSSL/%s\"" , WOLFSSL_VERSION ) ;""]",724,/data/download/CMake/CMake/Kitware_CMake_11_old.cpp,745,/data/download/CMake/CMake/Kitware_CMake_11_new.cpp,"[[[""size_t""]], [[""char *""]]]","[[[""size_t""]], [[""char *""]]]","[[[""char *""], ""char *""], [[""size_t""], ""size_t""]]","[""\""wolfSSL/%s\""""]","[[[""char *""], ""char *""], [[""size_t""], ""size_t""]]","[""\""wolfSSL/%s\""""]"
299975908ada992800791fac7f3739050e0ae2a9,"Merge branch 'upstream-curl' into update-curl

* upstream-curl:
  curl 2017-04-19 (d957e218)

Resolve conflicts in `CMakeLists.txt` in favor of the upstream version.
We will re-apply our logic as needed in following commits.",Utilities/cmcurl/lib/conncache.c,3,"[""404526"", ""True"", ""ReturnStatement"", ""return aprintf ( \""%s:%d\"" , hostname , conn -> port ) ;""]",144,/data/download/CMake/CMake/Kitware_CMake_12_old.cpp,142,/data/download/CMake/CMake/Kitware_CMake_12_new.cpp,"[[[""const char *"", ""struct connectdata *"", ""host"", ""name"", ""=""]], [[""const char *"", ""struct connectdata *"", ""conn_to_host"", ""name"", ""=""]], [[""const char *"", ""struct connectdata *"", ""http_proxy"", ""host"", ""name"", ""=""]], [[""const char *"", ""struct connectdata *"", ""socks_proxy"", ""host"", ""name"", ""=""]]]","[[[""DEBUGASSERT"", ""size_t"", ""32"", "">""]], [[""const char *"", ""struct connectdata *"", ""host"", ""name"", ""=""]], [[""const char *"", ""struct connectdata *"", ""conn_to_host"", ""name"", ""=""]], [[""const char *"", ""struct connectdata *"", ""http_proxy"", ""host"", ""name"", ""=""]], [[""const char *"", ""struct connectdata *"", ""socks_proxy"", ""host"", ""name"", ""=""]]]","[[[""const char *"", ""struct connectdata *"", ""conn_to_host"", ""name"", ""=""], ""const char *""], [[""const char *"", ""struct connectdata *"", ""socks_proxy"", ""host"", ""name"", ""=""], ""const char *""], [[""const char *"", ""struct connectdata *"", ""host"", ""name"", ""=""], ""const char *""], [[""const char *"", ""struct connectdata *"", ""http_proxy"", ""host"", ""name"", ""=""], ""const char *""], [[""struct connectdata *""], ""struct connectdata *""]]","[""\""%s:%d\""""]","[[[""size_t""], ""size_t""], [[""const char *"", ""struct connectdata *"", ""conn_to_host"", ""name"", ""=""], ""const char *""], [[""const char *"", ""struct connectdata *"", ""socks_proxy"", ""host"", ""name"", ""=""], ""const char *""], [[""const char *"", ""struct connectdata *"", ""host"", ""name"", ""=""], ""const char *""], [[""const char *"", ""struct connectdata *"", ""http_proxy"", ""host"", ""name"", ""=""], ""const char *""], [[""char *""], ""char *""], [[""struct connectdata *""], ""struct connectdata *""]]","[""\""%ld%s\""""]"
299975908ada992800791fac7f3739050e0ae2a9,"Merge branch 'upstream-curl' into update-curl

* upstream-curl:
  curl 2017-04-19 (d957e218)

Resolve conflicts in `CMakeLists.txt` in favor of the upstream version.
We will re-apply our logic as needed in following commits.",Utilities/cmcurl/lib/file.c,3,"[""521470"", ""True"", ""Statement"", "",""]",479,/data/download/CMake/CMake/Kitware_CMake_13_old.cpp,478,/data/download/CMake/CMake/Kitware_CMake_13_new.cpp,"[[[""struct Curl_easy *"", ""set"", ""opt_no_body""]], [[""struct Curl_easy *"", ""set"", ""include_header""]], [[""bool""]], [[""bool""]], [[""!"", ""struct Curl_easy *"", ""state"", ""range""]], [[""struct Curl_easy *"", ""set"", ""timecondition""]], [[""!"", ""Curl_meets_timecondition"", ""struct Curl_easy *"", ""struct Curl_easy *"", ""info"", ""filetime""]]]","[[[""struct Curl_easy *"", ""set"", ""opt_no_body""]], [[""struct Curl_easy *"", ""set"", ""include_header""]], [[""bool""]], [[""bool""]], [[""!"", ""struct Curl_easy *"", ""state"", ""range""]], [[""struct Curl_easy *"", ""set"", ""timecondition""]], [[""!"", ""Curl_meets_timecondition"", ""struct Curl_easy *"", ""struct Curl_easy *"", ""info"", ""filetime""]]]",[],[],[],[]
299975908ada992800791fac7f3739050e0ae2a9,"Merge branch 'upstream-curl' into update-curl

* upstream-curl:
  curl 2017-04-19 (d957e218)

Resolve conflicts in `CMakeLists.txt` in favor of the upstream version.
We will re-apply our logic as needed in following commits.",Utilities/cmcurl/lib/ftp.c,3,"[""711136"", ""True"", ""ExpressionStatement"", ""snprintf ( buf , sizeof ( conn -> data -> state . buffer ) , \""%04d%02d%02d %02d:%02d:%02d GMT\"" , year , month , day , hour , minute , second )""]",2110,/data/download/CMake/CMake/Kitware_CMake_14_old.cpp,2110,/data/download/CMake/CMake/Kitware_CMake_14_new.cpp,"[[[""6"", ""sscanf"", ""char *"", ""4"", ""+"", ""\""%04d%02d%02d%02d%02d%02d\"""", ""&"", ""year"", ""&"", ""month"", ""&"", ""day"", ""&"", ""hour"", ""&"", ""minute"", ""&"", ""second"", ""==""]], [[""int"", ""213"", ""==""]]]","[[[""6"", ""sscanf"", ""char *"", ""4"", ""+"", ""\""%04d%02d%02d%02d%02d%02d\"""", ""&"", ""year"", ""&"", ""month"", ""&"", ""day"", ""&"", ""hour"", ""&"", ""minute"", ""&"", ""second"", ""==""]], [[""int"", ""213"", ""==""]]]","[[[""char *"", ""char *"", ""struct Curl_easy *"", ""state"", ""buffer"", ""=""], ""char *""], [[""int"", ""month"", ""day"", ""hour"", ""minute"", ""second""], ""minute""], [[""int"", ""month"", ""day"", ""hour"", ""minute"", ""second""], ""hour""], [[""int"", ""month"", ""day"", ""hour"", ""minute"", ""second""], ""month""], [[""int"", ""month"", ""day"", ""hour"", ""minute"", ""second""], ""day""], [[""int"", ""month"", ""day"", ""hour"", ""minute"", ""second""], ""second""], [[""int"", ""month"", ""day"", ""hour"", ""minute"", ""second""], ""int""], [[""struct connectdata *""], ""struct connectdata *""]]","[""\""%04d%02d%02d %02d:%02d:%02d GMT\""""]","[[[""char *"", ""char *"", ""struct Curl_easy *"", ""state"", ""buffer"", ""=""], ""char *""], [[""int"", ""month"", ""day"", ""hour"", ""minute"", ""second""], ""minute""], [[""int"", ""month"", ""day"", ""hour"", ""minute"", ""second""], ""hour""], [[""int"", ""month"", ""day"", ""hour"", ""minute"", ""second""], ""month""], [[""int"", ""month"", ""day"", ""hour"", ""minute"", ""second""], ""day""], [[""int"", ""month"", ""day"", ""hour"", ""minute"", ""second""], ""second""], [[""int"", ""month"", ""day"", ""hour"", ""minute"", ""second""], ""int""], [[""struct connectdata *""], ""struct connectdata *""]]","[""\""%04d%02d%02d %02d:%02d:%02d GMT\""""]"
299975908ada992800791fac7f3739050e0ae2a9,"Merge branch 'upstream-curl' into update-curl

* upstream-curl:
  curl 2017-04-19 (d957e218)

Resolve conflicts in `CMakeLists.txt` in favor of the upstream version.
We will re-apply our logic as needed in following commits.",Utilities/cmcurl/lib/ftp.c,3,"[""712025"", ""True"", ""Statement"", "",""]",2321,/data/download/CMake/CMake/Kitware_CMake_14_old.cpp,2321,/data/download/CMake/CMake/Kitware_CMake_14_new.cpp,"[[[""-"", ""1"", ""curl_off_t"", ""!=""]], [[""ftpstate"", ""FTP_SIZE"", ""==""]]]","[[[""-"", ""1"", ""curl_off_t"", ""!=""]], [[""ftpstate"", ""FTP_SIZE"", ""==""]]]",[],[],[],[]
299975908ada992800791fac7f3739050e0ae2a9,"Merge branch 'upstream-curl' into update-curl

* upstream-curl:
  curl 2017-04-19 (d957e218)

Resolve conflicts in `CMakeLists.txt` in favor of the upstream version.
We will re-apply our logic as needed in following commits.",Utilities/cmcurl/lib/http.c,3,"[""850959"", ""True"", ""ExpressionStatement"", ""snprintf ( data -> state . buffer , sizeof ( data -> state . buffer ) , \""%s:%s\"" , user , pwd )""]",300,/data/download/CMake/CMake/Kitware_CMake_15_old.cpp,300,/data/download/CMake/CMake/Kitware_CMake_15_new.cpp,"[[[""const char *"", ""struct connectdata *"", ""passwd"", ""=""]], [[""const char *"", ""struct connectdata *"", ""http_proxy"", ""passwd"", ""=""]], [[""const char *"", ""struct connectdata *"", ""const char *"", ""=""]], [[""const char *"", ""struct connectdata *"", ""http_proxy"", ""const char *"", ""=""]]]","[[[""const char *"", ""struct connectdata *"", ""passwd"", ""=""]], [[""const char *"", ""struct connectdata *"", ""http_proxy"", ""passwd"", ""=""]], [[""const char *"", ""struct connectdata *"", ""const char *"", ""=""]], [[""const char *"", ""struct connectdata *"", ""http_proxy"", ""const char *"", ""=""]]]","[[[""const char *"", ""struct connectdata *"", ""http_proxy"", ""const char *"", ""=""], ""const char *""], [[""const char *"", ""struct connectdata *"", ""const char *"", ""=""], ""const char *""], [[""const char *"", ""struct connectdata *"", ""http_proxy"", ""passwd"", ""=""], ""const char *""], [[""const char *"", ""struct connectdata *"", ""passwd"", ""=""], ""const char *""], [[""struct Curl_easy *"", ""struct Curl_easy *"", ""struct connectdata *"", ""struct Curl_easy *"", ""=""], ""struct Curl_easy *""]]","[""\""%s:%s\""""]","[[[""const char *"", ""struct connectdata *"", ""const char *"", ""=""], ""const char *""], [[""const char *"", ""struct connectdata *"", ""http_proxy"", ""const char *"", ""=""], ""const char *""], [[""const char *"", ""struct connectdata *"", ""passwd"", ""=""], ""const char *""], [[""const char *"", ""struct connectdata *"", ""http_proxy"", ""passwd"", ""=""], ""const char *""], [[""struct Curl_easy *"", ""struct Curl_easy *"", ""struct connectdata *"", ""struct Curl_easy *"", ""=""], ""struct Curl_easy *""]]","[""\""%s:%s\""""]"
299975908ada992800791fac7f3739050e0ae2a9,"Merge branch 'upstream-curl' into update-curl

* upstream-curl:
  curl 2017-04-19 (d957e218)

Resolve conflicts in `CMakeLists.txt` in favor of the upstream version.
We will re-apply our logic as needed in following commits.",Utilities/cmcurl/lib/url.c,0,"[""887193"", ""True"", ""ExpressionStatement"", ""data -> state . headerbuff = malloc ( HEADERSIZE )""]",644,/data/download/CMake/CMake/Kitware_CMake_16_old.cpp,649,/data/download/CMake/CMake/Kitware_CMake_16_new.cpp,"[[[""CURLcode""]], [[""!"", ""struct Curl_easy *""]]]","[[[""!"", ""struct Curl_easy *"", ""state"", ""buffer""]], [[""CURLcode""]]]","[[[""struct Curl_easy *"", ""magic"", ""CURLEASY_MAGIC_NUMBER"", ""=""], ""* data""], [[""struct Curl_easy *"", ""calloc"", ""1"", ""=""], ""struct Curl_easy *""]]",[],[],"[""\""Error: malloc of buffer failed\\n\""""]"
299975908ada992800791fac7f3739050e0ae2a9,"Merge branch 'upstream-curl' into update-curl

* upstream-curl:
  curl 2017-04-19 (d957e218)

Resolve conflicts in `CMakeLists.txt` in favor of the upstream version.
We will re-apply our logic as needed in following commits.",Utilities/cmcurl/lib/vtls/cyassl.c,0,"[""911665"", ""True"", ""ReturnStatement"", ""return snprintf ( buffer , size , \""wolfSSL/%s\"" , WOLFSSL_VERSION ) ;""]",724,/data/download/CMake/CMake/Kitware_CMake_17_old.cpp,745,/data/download/CMake/CMake/Kitware_CMake_17_new.cpp,"[[[""size_t""]], [[""char *""]]]","[[[""size_t""]], [[""char *""]]]","[[[""char *""], ""char *""], [[""size_t""], ""size_t""]]","[""\""wolfSSL/%s\""""]","[[[""char *""], ""char *""], [[""size_t""], ""size_t""]]","[""\""wolfSSL/%s\""""]"
fd7d521c9d70655618db8232d45e5aaf81700f91,"curl 2017-04-19 (d957e218)

Code extracted from:

    https://github.com/curl/curl.git

at commit d957e2189fdc73cef0ff3d1fb58043d354754449 (curl-7_54_0).",lib/conncache.c,3,"[""914527"", ""True"", ""ReturnStatement"", ""return aprintf ( \""%s:%d\"" , hostname , conn -> port ) ;""]",144,/data/download/CMake/CMake/Kitware_CMake_18_old.cpp,142,/data/download/CMake/CMake/Kitware_CMake_18_new.cpp,"[[[""const char *"", ""struct connectdata *"", ""host"", ""name"", ""=""]], [[""const char *"", ""struct connectdata *"", ""conn_to_host"", ""name"", ""=""]], [[""const char *"", ""struct connectdata *"", ""http_proxy"", ""host"", ""name"", ""=""]], [[""const char *"", ""struct connectdata *"", ""socks_proxy"", ""host"", ""name"", ""=""]]]","[[[""DEBUGASSERT"", ""size_t"", ""32"", "">""]], [[""const char *"", ""struct connectdata *"", ""host"", ""name"", ""=""]], [[""const char *"", ""struct connectdata *"", ""conn_to_host"", ""name"", ""=""]], [[""const char *"", ""struct connectdata *"", ""http_proxy"", ""host"", ""name"", ""=""]], [[""const char *"", ""struct connectdata *"", ""socks_proxy"", ""host"", ""name"", ""=""]]]","[[[""const char *"", ""struct connectdata *"", ""host"", ""name"", ""=""], ""const char *""], [[""const char *"", ""struct connectdata *"", ""http_proxy"", ""host"", ""name"", ""=""], ""const char *""], [[""const char *"", ""struct connectdata *"", ""socks_proxy"", ""host"", ""name"", ""=""], ""const char *""], [[""const char *"", ""struct connectdata *"", ""conn_to_host"", ""name"", ""=""], ""const char *""], [[""struct connectdata *""], ""struct connectdata *""]]","[""\""%s:%d\""""]","[[[""size_t""], ""size_t""], [[""const char *"", ""struct connectdata *"", ""http_proxy"", ""host"", ""name"", ""=""], ""const char *""], [[""const char *"", ""struct connectdata *"", ""socks_proxy"", ""host"", ""name"", ""=""], ""const char *""], [[""const char *"", ""struct connectdata *"", ""host"", ""name"", ""=""], ""const char *""], [[""char *""], ""char *""], [[""const char *"", ""struct connectdata *"", ""conn_to_host"", ""name"", ""=""], ""const char *""], [[""struct connectdata *""], ""struct connectdata *""]]","[""\""%ld%s\""""]"
fd7d521c9d70655618db8232d45e5aaf81700f91,"curl 2017-04-19 (d957e218)

Code extracted from:

    https://github.com/curl/curl.git

at commit d957e2189fdc73cef0ff3d1fb58043d354754449 (curl-7_54_0).",lib/file.c,3,"[""919794"", ""True"", ""Statement"", "",""]",479,/data/download/CMake/CMake/Kitware_CMake_19_old.cpp,478,/data/download/CMake/CMake/Kitware_CMake_19_new.cpp,"[[[""struct Curl_easy *"", ""set"", ""opt_no_body""]], [[""struct Curl_easy *"", ""set"", ""include_header""]], [[""bool""]], [[""bool""]], [[""!"", ""struct Curl_easy *"", ""state"", ""range""]], [[""struct Curl_easy *"", ""set"", ""timecondition""]], [[""!"", ""Curl_meets_timecondition"", ""struct Curl_easy *"", ""struct Curl_easy *"", ""info"", ""filetime""]]]","[[[""struct Curl_easy *"", ""set"", ""opt_no_body""]], [[""struct Curl_easy *"", ""set"", ""include_header""]], [[""bool""]], [[""!"", ""Curl_meets_timecondition"", ""struct Curl_easy *"", ""struct Curl_easy *"", ""info"", ""filetime""]], [[""bool""]], [[""!"", ""struct Curl_easy *"", ""state"", ""range""]], [[""struct Curl_easy *"", ""set"", ""timecondition""]]]",[],[],[],[]
fd7d521c9d70655618db8232d45e5aaf81700f91,"curl 2017-04-19 (d957e218)

Code extracted from:

    https://github.com/curl/curl.git

at commit d957e2189fdc73cef0ff3d1fb58043d354754449 (curl-7_54_0).",lib/ftp.c,3,"[""968997"", ""True"", ""ExpressionStatement"", ""snprintf ( buf , sizeof ( conn -> data -> state . buffer ) , \""%04d%02d%02d %02d:%02d:%02d GMT\"" , year , month , day , hour , minute , second )""]",2110,/data/download/CMake/CMake/Kitware_CMake_20_old.cpp,2110,/data/download/CMake/CMake/Kitware_CMake_20_new.cpp,"[[[""6"", ""sscanf"", ""char *"", ""4"", ""+"", ""\""%04d%02d%02d%02d%02d%02d\"""", ""&"", ""year"", ""&"", ""month"", ""&"", ""day"", ""&"", ""hour"", ""&"", ""minute"", ""&"", ""second"", ""==""]], [[""int"", ""213"", ""==""]]]","[[[""6"", ""sscanf"", ""char *"", ""4"", ""+"", ""\""%04d%02d%02d%02d%02d%02d\"""", ""&"", ""year"", ""&"", ""month"", ""&"", ""day"", ""&"", ""hour"", ""&"", ""minute"", ""&"", ""second"", ""==""]], [[""int"", ""213"", ""==""]]]","[[[""char *"", ""char *"", ""struct Curl_easy *"", ""state"", ""buffer"", ""=""], ""char *""], [[""int"", ""month"", ""day"", ""hour"", ""minute"", ""second""], ""minute""], [[""int"", ""month"", ""day"", ""hour"", ""minute"", ""second""], ""hour""], [[""int"", ""month"", ""day"", ""hour"", ""minute"", ""second""], ""month""], [[""int"", ""month"", ""day"", ""hour"", ""minute"", ""second""], ""day""], [[""int"", ""month"", ""day"", ""hour"", ""minute"", ""second""], ""second""], [[""int"", ""month"", ""day"", ""hour"", ""minute"", ""second""], ""int""], [[""struct connectdata *""], ""struct connectdata *""]]","[""\""%04d%02d%02d %02d:%02d:%02d GMT\""""]","[[[""char *"", ""char *"", ""struct Curl_easy *"", ""state"", ""buffer"", ""=""], ""char *""], [[""int"", ""month"", ""day"", ""hour"", ""minute"", ""second""], ""minute""], [[""int"", ""month"", ""day"", ""hour"", ""minute"", ""second""], ""hour""], [[""int"", ""month"", ""day"", ""hour"", ""minute"", ""second""], ""month""], [[""int"", ""month"", ""day"", ""hour"", ""minute"", ""second""], ""day""], [[""int"", ""month"", ""day"", ""hour"", ""minute"", ""second""], ""second""], [[""int"", ""month"", ""day"", ""hour"", ""minute"", ""second""], ""int""], [[""struct connectdata *""], ""struct connectdata *""]]","[""\""%04d%02d%02d %02d:%02d:%02d GMT\""""]"
fd7d521c9d70655618db8232d45e5aaf81700f91,"curl 2017-04-19 (d957e218)

Code extracted from:

    https://github.com/curl/curl.git

at commit d957e2189fdc73cef0ff3d1fb58043d354754449 (curl-7_54_0).",lib/ftp.c,3,"[""969886"", ""True"", ""Statement"", "",""]",2321,/data/download/CMake/CMake/Kitware_CMake_20_old.cpp,2321,/data/download/CMake/CMake/Kitware_CMake_20_new.cpp,"[[[""-"", ""1"", ""curl_off_t"", ""!=""]], [[""ftpstate"", ""FTP_SIZE"", ""==""]]]","[[[""-"", ""1"", ""curl_off_t"", ""!=""]], [[""ftpstate"", ""FTP_SIZE"", ""==""]]]",[],[],[],[]
fd7d521c9d70655618db8232d45e5aaf81700f91,"curl 2017-04-19 (d957e218)

Code extracted from:

    https://github.com/curl/curl.git

at commit d957e2189fdc73cef0ff3d1fb58043d354754449 (curl-7_54_0).",lib/http.c,3,"[""995390"", ""True"", ""ExpressionStatement"", ""snprintf ( data -> state . buffer , sizeof ( data -> state . buffer ) , \""%s:%s\"" , user , pwd )""]",300,/data/download/CMake/CMake/Kitware_CMake_21_old.cpp,300,/data/download/CMake/CMake/Kitware_CMake_21_new.cpp,"[[[""const char *"", ""struct connectdata *"", ""passwd"", ""=""]], [[""const char *"", ""struct connectdata *"", ""http_proxy"", ""passwd"", ""=""]], [[""const char *"", ""struct connectdata *"", ""const char *"", ""=""]], [[""const char *"", ""struct connectdata *"", ""http_proxy"", ""const char *"", ""=""]]]","[[[""const char *"", ""struct connectdata *"", ""passwd"", ""=""]], [[""const char *"", ""struct connectdata *"", ""http_proxy"", ""passwd"", ""=""]], [[""const char *"", ""struct connectdata *"", ""const char *"", ""=""]], [[""const char *"", ""struct connectdata *"", ""http_proxy"", ""const char *"", ""=""]]]","[[[""const char *"", ""struct connectdata *"", ""const char *"", ""=""], ""const char *""], [[""const char *"", ""struct connectdata *"", ""http_proxy"", ""const char *"", ""=""], ""const char *""], [[""const char *"", ""struct connectdata *"", ""http_proxy"", ""passwd"", ""=""], ""const char *""], [[""const char *"", ""struct connectdata *"", ""passwd"", ""=""], ""const char *""], [[""struct Curl_easy *"", ""struct Curl_easy *"", ""struct connectdata *"", ""struct Curl_easy *"", ""=""], ""struct Curl_easy *""]]","[""\""%s:%s\""""]","[[[""const char *"", ""struct connectdata *"", ""const char *"", ""=""], ""const char *""], [[""const char *"", ""struct connectdata *"", ""http_proxy"", ""const char *"", ""=""], ""const char *""], [[""const char *"", ""struct connectdata *"", ""http_proxy"", ""passwd"", ""=""], ""const char *""], [[""const char *"", ""struct connectdata *"", ""passwd"", ""=""], ""const char *""], [[""struct Curl_easy *"", ""struct Curl_easy *"", ""struct connectdata *"", ""struct Curl_easy *"", ""=""], ""struct Curl_easy *""]]","[""\""%s:%s\""""]"
fd7d521c9d70655618db8232d45e5aaf81700f91,"curl 2017-04-19 (d957e218)

Code extracted from:

    https://github.com/curl/curl.git

at commit d957e2189fdc73cef0ff3d1fb58043d354754449 (curl-7_54_0).",lib/url.c,0,"[""1031624"", ""True"", ""ExpressionStatement"", ""data -> state . headerbuff = malloc ( HEADERSIZE )""]",644,/data/download/CMake/CMake/Kitware_CMake_22_old.cpp,649,/data/download/CMake/CMake/Kitware_CMake_22_new.cpp,"[[[""CURLcode""]], [[""!"", ""struct Curl_easy *""]]]","[[[""!"", ""struct Curl_easy *"", ""state"", ""buffer""]], [[""CURLcode""]]]","[[[""struct Curl_easy *"", ""magic"", ""CURLEASY_MAGIC_NUMBER"", ""=""], ""* data""], [[""struct Curl_easy *"", ""calloc"", ""1"", ""=""], ""struct Curl_easy *""]]",[],[],"[""\""Error: malloc of buffer failed\\n\""""]"
fd7d521c9d70655618db8232d45e5aaf81700f91,"curl 2017-04-19 (d957e218)

Code extracted from:

    https://github.com/curl/curl.git

at commit d957e2189fdc73cef0ff3d1fb58043d354754449 (curl-7_54_0).",lib/vtls/cyassl.c,0,"[""1056096"", ""True"", ""ReturnStatement"", ""return snprintf ( buffer , size , \""wolfSSL/%s\"" , WOLFSSL_VERSION ) ;""]",724,/data/download/CMake/CMake/Kitware_CMake_23_old.cpp,745,/data/download/CMake/CMake/Kitware_CMake_23_new.cpp,"[[[""size_t""]], [[""char *""]]]","[[[""size_t""]], [[""char *""]]]","[[[""char *""], ""char *""], [[""size_t""], ""size_t""]]","[""\""wolfSSL/%s\""""]","[[[""char *""], ""char *""], [[""size_t""], ""size_t""]]","[""\""wolfSSL/%s\""""]"
4046cb2d109bb91a16f53962219ad25c80d30755,"Merge topic 'bindexplib-arm'

48fa2914 bindexplib: add ARM support
97c605fd bindexplib: remove unused code
7a8860af bindexplib: clang-format

Acked-by: Kitware Robot <kwrobot@kitware.com>
Merge-request: !604",Source/bindexplib.cxx,3,"[""1059756"", ""True"", ""ExpressionStatement"", ""fprintf ( stderr , \""Couldn't open file '%s' with CreateFile()\\n\"" , filename )""]",367,/data/download/CMake/CMake/Kitware_CMake_24_old.cpp,305,/data/download/CMake/CMake/Kitware_CMake_24_new.cpp,"[[[""HANDLE"", ""INVALID_HANDLE_VALUE"", ""==""]]]","[[[""HANDLE"", ""INVALID_HANDLE_VALUE"", ""==""]]]","[[[""const char *""], ""const char *""]]","[""\""Couldn't open file '%s' with CreateFile()\\n\""""]","[[[""const char *""], ""const char *""]]","[""\""Couldn't open file '%s' with CreateFile()\\n\""""]"
4046cb2d109bb91a16f53962219ad25c80d30755,"Merge topic 'bindexplib-arm'

48fa2914 bindexplib: add ARM support
97c605fd bindexplib: remove unused code
7a8860af bindexplib: clang-format

Acked-by: Kitware Robot <kwrobot@kitware.com>
Merge-request: !604",Source/bindexplib.cxx,3,"[""1059713"", ""True"", ""ExpressionStatement"", ""fprintf ( stderr , \""Couldn't open file mapping with CreateFileMapping()\\n\"" )""]",374,/data/download/CMake/CMake/Kitware_CMake_24_old.cpp,312,/data/download/CMake/CMake/Kitware_CMake_24_new.cpp,"[[[""HANDLE"", ""0"", ""==""]], [[""HANDLE"", ""INVALID_HANDLE_VALUE"", ""==""]]]","[[[""HANDLE"", ""0"", ""==""]], [[""HANDLE"", ""INVALID_HANDLE_VALUE"", ""==""]]]",[],"[""\""Couldn't open file mapping with CreateFileMapping()\\n\""""]",[],"[""\""Couldn't open file mapping with CreateFileMapping()\\n\""""]"
4046cb2d109bb91a16f53962219ad25c80d30755,"Merge topic 'bindexplib-arm'

48fa2914 bindexplib: add ARM support
97c605fd bindexplib: remove unused code
7a8860af bindexplib: clang-format

Acked-by: Kitware Robot <kwrobot@kitware.com>
Merge-request: !604",Source/bindexplib.cxx,3,"[""1059665"", ""True"", ""ExpressionStatement"", ""fprintf ( stderr , \""Couldn't map view of file with MapViewOfFile()\\n\"" )""]",382,/data/download/CMake/CMake/Kitware_CMake_24_old.cpp,320,/data/download/CMake/CMake/Kitware_CMake_24_new.cpp,"[[[""LPVOID"", ""0"", ""==""]], [[""HANDLE"", ""0"", ""==""]]]","[[[""LPVOID"", ""0"", ""==""]], [[""HANDLE"", ""0"", ""==""]]]",[],"[""\""Couldn't map view of file with MapViewOfFile()\\n\""""]",[],"[""\""Couldn't map view of file with MapViewOfFile()\\n\""""]"
4046cb2d109bb91a16f53962219ad25c80d30755,"Merge topic 'bindexplib-arm'

48fa2914 bindexplib: add ARM support
97c605fd bindexplib: remove unused code
7a8860af bindexplib: clang-format

Acked-by: Kitware Robot <kwrobot@kitware.com>
Merge-request: !604",Source/bindexplib.cxx,3,"[""1059640"", ""True"", ""ExpressionStatement"", ""fprintf ( stderr , \""File is an executable.  I don't dump those.\\n\"" )""]",388,/data/download/CMake/CMake/Kitware_CMake_24_old.cpp,326,/data/download/CMake/CMake/Kitware_CMake_24_new.cpp,"[[[""PIMAGE_DOS_HEADER"", ""e_magic"", ""IMAGE_DOS_SIGNATURE"", ""==""]], [[""LPVOID"", ""0"", ""==""]]]","[[[""PIMAGE_DOS_HEADER"", ""e_magic"", ""IMAGE_DOS_SIGNATURE"", ""==""]], [[""LPVOID"", ""0"", ""==""]]]",[],"[""\""File is an executable.  I don't dump those.\\n\""""]",[],"[""\""File is an executable.  I don't dump those.\\n\""""]"
4046cb2d109bb91a16f53962219ad25c80d30755,"Merge topic 'bindexplib-arm'

48fa2914 bindexplib: add ARM support
97c605fd bindexplib: remove unused code
7a8860af bindexplib: clang-format

Acked-by: Kitware Robot <kwrobot@kitware.com>
Merge-request: !604",Source/bindexplib.cxx,2,"[""1059539"", ""True"", ""ExpressionStatement"", ""printf ( \""unrecognized file format in '%s'\\n\"" , filename )""]",417,/data/download/CMake/CMake/Kitware_CMake_24_old.cpp,352,/data/download/CMake/CMake/Kitware_CMake_24_new.cpp,"[[[""cmANON_OBJECT_HEADER_BIGOBJ *"", ""Sig1"", ""0x0"", ""==""]], [[""cmANON_OBJECT_HEADER_BIGOBJ *"", ""Sig2"", ""0xffff"", ""==""]], [[""PIMAGE_DOS_HEADER"", ""e_magic"", ""IMAGE_FILE_MACHINE_I386"", ""=="", ""PIMAGE_DOS_HEADER"", ""e_magic"", ""IMAGE_FILE_MACHINE_AMD64"", ""=="", ""||""]], [[""PIMAGE_DOS_HEADER"", ""e_sp"", ""0"", ""==""]]]","[[[""cmANON_OBJECT_HEADER_BIGOBJ *"", ""Sig1"", ""0x0"", ""==""]], [[""cmANON_OBJECT_HEADER_BIGOBJ *"", ""Sig2"", ""0xffff"", ""==""]], [[""PIMAGE_DOS_HEADER"", ""e_magic"", ""IMAGE_FILE_MACHINE_I386"", ""=="", ""PIMAGE_DOS_HEADER"", ""e_magic"", ""IMAGE_FILE_MACHINE_AMD64"", ""=="", ""PIMAGE_DOS_HEADER"", ""e_magic"", ""IMAGE_FILE_MACHINE_ARMNT"", ""=="", ""||"", ""||""]], [[""PIMAGE_DOS_HEADER"", ""e_sp"", ""0"", ""==""]]]","[[[""const char *""], ""const char *""]]","[""\""unrecognized file format in '%s'\\n\""""]","[[[""const char *""], ""const char *""]]","[""\""unrecognized file format in '%s'\\n\""""]"
7a8860afbc614f2215e083adadb25963fe8f4dfe,bindexplib: clang-format,Source/bindexplib.cxx,3,"[""1063364"", ""True"", ""ExpressionStatement"", ""fprintf ( stderr , \""Couldn't open file '%s' with CreateFile()\\n\"" , filename )""]",367,/data/download/CMake/CMake/Kitware_CMake_25_old.cpp,369,/data/download/CMake/CMake/Kitware_CMake_25_new.cpp,"[[[""HANDLE"", ""INVALID_HANDLE_VALUE"", ""==""]]]","[[[""HANDLE"", ""INVALID_HANDLE_VALUE"", ""==""]]]","[[[""const char *""], ""const char *""]]","[""\""Couldn't open file '%s' with CreateFile()\\n\""""]","[[[""const char *""], ""const char *""]]","[""\""Couldn't open file '%s' with CreateFile()\\n\""""]"
7a8860afbc614f2215e083adadb25963fe8f4dfe,bindexplib: clang-format,Source/bindexplib.cxx,3,"[""1063321"", ""True"", ""ExpressionStatement"", ""fprintf ( stderr , \""Couldn't open file mapping with CreateFileMapping()\\n\"" )""]",374,/data/download/CMake/CMake/Kitware_CMake_25_old.cpp,376,/data/download/CMake/CMake/Kitware_CMake_25_new.cpp,"[[[""HANDLE"", ""0"", ""==""]], [[""HANDLE"", ""INVALID_HANDLE_VALUE"", ""==""]]]","[[[""HANDLE"", ""0"", ""==""]], [[""HANDLE"", ""INVALID_HANDLE_VALUE"", ""==""]]]",[],"[""\""Couldn't open file mapping with CreateFileMapping()\\n\""""]",[],"[""\""Couldn't open file mapping with CreateFileMapping()\\n\""""]"
7a8860afbc614f2215e083adadb25963fe8f4dfe,bindexplib: clang-format,Source/bindexplib.cxx,3,"[""1063273"", ""True"", ""ExpressionStatement"", ""fprintf ( stderr , \""Couldn't map view of file with MapViewOfFile()\\n\"" )""]",382,/data/download/CMake/CMake/Kitware_CMake_25_old.cpp,384,/data/download/CMake/CMake/Kitware_CMake_25_new.cpp,"[[[""LPVOID"", ""0"", ""==""]], [[""HANDLE"", ""0"", ""==""]]]","[[[""LPVOID"", ""0"", ""==""]], [[""HANDLE"", ""0"", ""==""]]]",[],"[""\""Couldn't map view of file with MapViewOfFile()\\n\""""]",[],"[""\""Couldn't map view of file with MapViewOfFile()\\n\""""]"
7a8860afbc614f2215e083adadb25963fe8f4dfe,bindexplib: clang-format,Source/bindexplib.cxx,3,"[""1063248"", ""True"", ""ExpressionStatement"", ""fprintf ( stderr , \""File is an executable.  I don't dump those.\\n\"" )""]",388,/data/download/CMake/CMake/Kitware_CMake_25_old.cpp,390,/data/download/CMake/CMake/Kitware_CMake_25_new.cpp,"[[[""PIMAGE_DOS_HEADER"", ""e_magic"", ""IMAGE_DOS_SIGNATURE"", ""==""]], [[""LPVOID"", ""0"", ""==""]]]","[[[""PIMAGE_DOS_HEADER"", ""e_magic"", ""IMAGE_DOS_SIGNATURE"", ""==""]], [[""LPVOID"", ""0"", ""==""]]]",[],"[""\""File is an executable.  I don't dump those.\\n\""""]",[],"[""\""File is an executable.  I don't dump those.\\n\""""]"
7a8860afbc614f2215e083adadb25963fe8f4dfe,bindexplib: clang-format,Source/bindexplib.cxx,2,"[""1063147"", ""True"", ""ExpressionStatement"", ""printf ( \""unrecognized file format in '%s'\\n\"" , filename )""]",417,/data/download/CMake/CMake/Kitware_CMake_25_old.cpp,415,/data/download/CMake/CMake/Kitware_CMake_25_new.cpp,"[[[""cmANON_OBJECT_HEADER_BIGOBJ *"", ""Sig1"", ""0x0"", ""==""]], [[""cmANON_OBJECT_HEADER_BIGOBJ *"", ""Sig2"", ""0xffff"", ""==""]], [[""PIMAGE_DOS_HEADER"", ""e_magic"", ""IMAGE_FILE_MACHINE_I386"", ""=="", ""PIMAGE_DOS_HEADER"", ""e_magic"", ""IMAGE_FILE_MACHINE_AMD64"", ""=="", ""||""]], [[""PIMAGE_DOS_HEADER"", ""e_sp"", ""0"", ""==""]]]","[[[""cmANON_OBJECT_HEADER_BIGOBJ *"", ""Sig1"", ""0x0"", ""==""]], [[""cmANON_OBJECT_HEADER_BIGOBJ *"", ""Sig2"", ""0xffff"", ""==""]], [[""PIMAGE_DOS_HEADER"", ""e_magic"", ""IMAGE_FILE_MACHINE_I386"", ""=="", ""PIMAGE_DOS_HEADER"", ""e_magic"", ""IMAGE_FILE_MACHINE_AMD64"", ""=="", ""||""]], [[""PIMAGE_DOS_HEADER"", ""e_sp"", ""0"", ""==""]]]","[[[""const char *""], ""const char *""]]","[""\""unrecognized file format in '%s'\\n\""""]","[[[""const char *""], ""const char *""]]","[""\""unrecognized file format in '%s'\\n\""""]"
33f636264a5d830f67316dc6184f4056b3a3629f,"Merge topic 'update-libarchive'

d49176e9 libarchive: Avoid using isblank
ce8f117f libarchive: Avoid declaration after statement in C code
e0f725f8 libarchive: Fix use of ssize_t in archive_entry.h
ae4861ec libarchive: Define __LA_DEPRECATED consistently
fecb70dd Update CMake pre-cached values for libarchive 3.3.0
a59a7ee9 Merge branch 'upstream-LibArchive' into update-libarchive
c206211a LibArchive 2017-02-19 (100ee75a)
cdce7c61 libarchive: Update script to get 3.3.0",Utilities/cmlibarchive/libarchive/archive_read_disk_entry_from_file.c,2,"[""1072605"", ""True"", ""ExpressionStatement"", ""archive_set_error ( & a -> archive , errno , \""Couldn't change dir\"" )""]",313,/data/download/CMake/CMake/Kitware_CMake_26_old.cpp,325,/data/download/CMake/CMake/Kitware_CMake_26_new.cpp,"[[[""struct archive_read_disk *"", ""tree_enter_working_dir"", ""struct archive_read_disk *"", ""tree"", ""0"", ""!=""]], [[""struct archive_read_disk *"", ""tree"", ""NULL"", ""!=""]]]","[[[""struct archive_read_disk *"", ""tree"", ""NULL"", ""!=""]], [[""struct archive_read_disk *"", ""tree_enter_working_dir"", ""struct archive_read_disk *"", ""tree"", ""0"", ""!=""]], [[""const char *"", ""NULL"", ""==""]]]","[[[""struct archive_read_disk *""], ""struct archive_read_disk *""]]","[""\""Couldn't change dir\""""]","[[[""struct archive_read_disk *""], ""struct archive_read_disk *""]]","[""\""Can't change dir to read extended attributes\""""]"
33f636264a5d830f67316dc6184f4056b3a3629f,"Merge topic 'update-libarchive'

d49176e9 libarchive: Avoid using isblank
ce8f117f libarchive: Avoid declaration after statement in C code
e0f725f8 libarchive: Fix use of ssize_t in archive_entry.h
ae4861ec libarchive: Define __LA_DEPRECATED consistently
fecb70dd Update CMake pre-cached values for libarchive 3.3.0
a59a7ee9 Merge branch 'upstream-LibArchive' into update-libarchive
c206211a LibArchive 2017-02-19 (100ee75a)
cdce7c61 libarchive: Update script to get 3.3.0",Utilities/cmlibarchive/libarchive/archive_read_disk_entry_from_file.c,0,"[""1073579"", ""True"", ""Condition"", ""brand""]",552,/data/download/CMake/CMake/Kitware_CMake_26_old.cpp,1179,/data/download/CMake/CMake/Kitware_CMake_26_new.cpp,"[[[""acl_get_brand_np"", ""acl_t"", ""&"", ""brand""]], [[""const char *""]]]","[[[""acl_get_brand_np"", ""acl_t"", ""&"", ""brand"", ""0"", ""!=""]]]","[[[""int"", ""r""], ""int""]]",[],"[[[""struct archive_read_disk *""], ""struct archive_read_disk *""]]","[""\""Failed to read ACL brand\""""]"
33f636264a5d830f67316dc6184f4056b3a3629f,"Merge topic 'update-libarchive'

d49176e9 libarchive: Avoid using isblank
ce8f117f libarchive: Avoid declaration after statement in C code
e0f725f8 libarchive: Fix use of ssize_t in archive_entry.h
ae4861ec libarchive: Define __LA_DEPRECATED consistently
fecb70dd Update CMake pre-cached values for libarchive 3.3.0
a59a7ee9 Merge branch 'upstream-LibArchive' into update-libarchive
c206211a LibArchive 2017-02-19 (100ee75a)
cdce7c61 libarchive: Update script to get 3.3.0",Utilities/cmlibarchive/libarchive/archive_read_disk_entry_from_file.c,0,"[""1073520"", ""True"", ""ExpressionStatement"", ""ae_id = - 1""]",579,/data/download/CMake/CMake/Kitware_CMake_26_old.cpp,1211,/data/download/CMake/CMake/Kitware_CMake_26_new.cpp,"[[[""int"", ""1"", ""==""]], [[""int"", ""~ARCHIVE_ENTRY_ACL_TYPE_NFS4"", ""&"", ""ARCHIVE_ENTRY_ACL_TYPE_ACCESS"", ""==""]], [[""int"", ""ARCHIVE_ENTRY_ACL_TYPE_ACCESS"", ""==""]], [[""int"", ""ARCHIVE_ENTRY_ACL_TYPE_ACCESS"", ""==""]]]","[[[""int"", ""-"", ""1"", ""==""]], [[""int"", ""ARCHIVE_ENTRY_ACL_TYPE_ACCESS"", ""==""]], [[""int"", ""ARCHIVE_ENTRY_ACL_TYPE_ACCESS"", ""==""]], [[""int"", ""~ARCHIVE_ENTRY_ACL_TYPE_NFS4"", ""&"", ""ARCHIVE_ENTRY_ACL_TYPE_ACCESS"", ""==""]]]",[],"[""1""]","[[[""struct archive_read_disk *""], ""struct archive_read_disk *""]]","[""\""Failed to get first ACL entry\""""]"
33f636264a5d830f67316dc6184f4056b3a3629f,"Merge topic 'update-libarchive'

d49176e9 libarchive: Avoid using isblank
ce8f117f libarchive: Avoid declaration after statement in C code
e0f725f8 libarchive: Fix use of ssize_t in archive_entry.h
ae4861ec libarchive: Define __LA_DEPRECATED consistently
fecb70dd Update CMake pre-cached values for libarchive 3.3.0
a59a7ee9 Merge branch 'upstream-LibArchive' into update-libarchive
c206211a LibArchive 2017-02-19 (100ee75a)
cdce7c61 libarchive: Update script to get 3.3.0",Utilities/cmlibarchive/libarchive/archive_read_disk_entry_from_file.c,0,"[""1073499"", ""True"", ""Condition"", ""acl_tag""]",584,/data/download/CMake/CMake/Kitware_CMake_26_old.cpp,1227,/data/download/CMake/CMake/Kitware_CMake_26_new.cpp,"[[[""int"", ""1"", ""==""]], [[""int"", ""~ARCHIVE_ENTRY_ACL_TYPE_NFS4"", ""&"", ""ARCHIVE_ENTRY_ACL_TYPE_ACCESS"", ""==""]], [[""int"", ""ARCHIVE_ENTRY_ACL_TYPE_ACCESS"", ""==""]], [[""int"", ""ARCHIVE_ENTRY_ACL_TYPE_ACCESS"", ""==""]]]","[[[""acl_get_tag_type"", ""acl_entry_t"", ""&"", ""acl_tag"", ""0"", ""!=""]], [[""int"", ""0"", ""==""]]]","[[[""acl_tag_t""], ""acl_tag_t""]]",[],"[[[""struct archive_read_disk *""], ""struct archive_read_disk *""]]","[""\""Failed to get ACL tag type\""""]"
33f636264a5d830f67316dc6184f4056b3a3629f,"Merge topic 'update-libarchive'

d49176e9 libarchive: Avoid using isblank
ce8f117f libarchive: Avoid declaration after statement in C code
e0f725f8 libarchive: Fix use of ssize_t in archive_entry.h
ae4861ec libarchive: Define __LA_DEPRECATED consistently
fecb70dd Update CMake pre-cached values for libarchive 3.3.0
a59a7ee9 Merge branch 'upstream-LibArchive' into update-libarchive
c206211a LibArchive 2017-02-19 (100ee75a)
cdce7c61 libarchive: Update script to get 3.3.0",Utilities/cmlibarchive/libarchive/archive_read_disk_entry_from_file.c,0,"[""1073347"", ""True"", ""Condition"", ""acl_type""]",625,/data/download/CMake/CMake/Kitware_CMake_26_old.cpp,1307,/data/download/CMake/CMake/Kitware_CMake_26_new.cpp,"[[[""int"", ""0"", ""==""]], [[""acl_tag_t"", ""ACL_USER"", ""==""]]]","[[[""acl_get_entry_type_np"", ""acl_entry_t"", ""&"", ""acl_type"", ""0"", ""!=""]], [[""int"", ""ARCHIVE_ENTRY_ACL_TYPE_NFS4"", ""&""]]]","[[[""acl_entry_type_t""], ""acl_entry_type_t""]]",[],[],[]
33f636264a5d830f67316dc6184f4056b3a3629f,"Merge topic 'update-libarchive'

d49176e9 libarchive: Avoid using isblank
ce8f117f libarchive: Avoid declaration after statement in C code
e0f725f8 libarchive: Fix use of ssize_t in archive_entry.h
ae4861ec libarchive: Define __LA_DEPRECATED consistently
fecb70dd Update CMake pre-cached values for libarchive 3.3.0
a59a7ee9 Merge branch 'upstream-LibArchive' into update-libarchive
c206211a LibArchive 2017-02-19 (100ee75a)
cdce7c61 libarchive: Update script to get 3.3.0",Utilities/cmlibarchive/libarchive/archive_read_disk_entry_from_file.c,0,"[""1073227"", ""True"", ""UnaryExpression"", ""++ i""]",655,/data/download/CMake/CMake/Kitware_CMake_26_old.cpp,1357,/data/download/CMake/CMake/Kitware_CMake_26_new.cpp,"[[[""int"", ""acl_perm_map"", ""0"", ""/"", ""<""]], [[""acl_tag_t""]]]","[[[""acl_get_permset"", ""acl_entry_t"", ""&"", ""acl_permset"", ""0"", ""!=""]], [[""int"", ""acl_inherit_map"", ""0"", ""/"", ""<""]], [[""int"", ""ARCHIVE_ENTRY_ACL_TYPE_NFS4"", ""&""]]]",[],[],"[[[""struct archive_read_disk *""], ""struct archive_read_disk *""]]","[""\""Failed to get ACL permission set\""""]"
33f636264a5d830f67316dc6184f4056b3a3629f,"Merge topic 'update-libarchive'

d49176e9 libarchive: Avoid using isblank
ce8f117f libarchive: Avoid declaration after statement in C code
e0f725f8 libarchive: Fix use of ssize_t in archive_entry.h
ae4861ec libarchive: Define __LA_DEPRECATED consistently
fecb70dd Update CMake pre-cached values for libarchive 3.3.0
a59a7ee9 Merge branch 'upstream-LibArchive' into update-libarchive
c206211a LibArchive 2017-02-19 (100ee75a)
cdce7c61 libarchive: Update script to get 3.3.0",Utilities/cmlibarchive/libarchive/archive_read_disk_entry_from_file.c,0,"[""1073206"", ""True"", ""ExpressionStatement"", ""ae_perm |= acl_perm_map [ i ] . archive_perm""]",661,/data/download/CMake/CMake/Kitware_CMake_26_old.cpp,1368,/data/download/CMake/CMake/Kitware_CMake_26_new.cpp,"[[[""ACL_GET_PERM"", ""acl_permset_t"", ""acl_perm_map"", ""int"", ""platform_perm""]], [[""int"", ""acl_perm_map"", ""0"", ""/"", ""<""]]]","[[[""int"", ""-"", ""1"", ""==""]], [[""int"", ""acl_perm_map"", ""0"", ""/"", ""<""]]]","[[[""int"", ""0"", ""=""], ""int""], [[""int"", ""0"", ""=""], ""int""], [[""int"", ""acl_inherit_map"", ""int"", ""archive_inherit"", ""|=""], ""int""], [[""int"", ""acl_perm_map"", ""int"", ""archive_perm"", ""|=""], ""int""]]",[],"[[[""struct archive_read_disk *""], ""struct archive_read_disk *""]]","[""\""Failed to check permission in an ACL permission set\""""]"
33f636264a5d830f67316dc6184f4056b3a3629f,"Merge topic 'update-libarchive'

d49176e9 libarchive: Avoid using isblank
ce8f117f libarchive: Avoid declaration after statement in C code
e0f725f8 libarchive: Fix use of ssize_t in archive_entry.h
ae4861ec libarchive: Define __LA_DEPRECATED consistently
fecb70dd Update CMake pre-cached values for libarchive 3.3.0
a59a7ee9 Merge branch 'upstream-LibArchive' into update-libarchive
c206211a LibArchive 2017-02-19 (100ee75a)
cdce7c61 libarchive: Update script to get 3.3.0",Utilities/cmlibarchive/libarchive/archive_read_disk_entry_from_file.c,3,"[""1074359"", ""True"", ""ExpressionStatement"", ""archive_set_error ( & a -> archive , errno , \""Couldn't access %s\"" , path )""]",786,/data/download/CMake/CMake/Kitware_CMake_26_old.cpp,1497,/data/download/CMake/CMake/Kitware_CMake_26_new.cpp,"[[[""struct archive_read_disk *"", ""tree_enter_working_dir"", ""struct archive_read_disk *"", ""tree"", ""0"", ""!=""]], [[""*"", ""int *"", ""0"", ""<""]]]","[[[""const char *"", ""NULL"", ""==""]], [[""*"", ""int *"", ""0"", ""<""]]]","[[[""struct archive_read_disk *""], ""struct archive_read_disk *""], [[""const char *"", ""archive_entry_pathname"", ""struct archive_entry *"", ""=""], ""const char *""], [[""const char *"", ""archive_entry_sourcepath"", ""struct archive_entry *"", ""=""], ""const char *""]]","[""\""Couldn't access %s\""""]",[],[]
33f636264a5d830f67316dc6184f4056b3a3629f,"Merge topic 'update-libarchive'

d49176e9 libarchive: Avoid using isblank
ce8f117f libarchive: Avoid declaration after statement in C code
e0f725f8 libarchive: Fix use of ssize_t in archive_entry.h
ae4861ec libarchive: Define __LA_DEPRECATED consistently
fecb70dd Update CMake pre-cached values for libarchive 3.3.0
a59a7ee9 Merge branch 'upstream-LibArchive' into update-libarchive
c206211a LibArchive 2017-02-19 (100ee75a)
cdce7c61 libarchive: Update script to get 3.3.0",Utilities/cmlibarchive/libarchive/archive_read_disk_entry_from_file.c,3,"[""1074863"", ""True"", ""ExpressionStatement"", ""archive_set_error ( & a -> archive , errno , \""Couldn't access %s\"" , path )""]",946,/data/download/CMake/CMake/Kitware_CMake_26_old.cpp,1656,/data/download/CMake/CMake/Kitware_CMake_26_new.cpp,"[[[""struct archive_read_disk *"", ""tree_enter_working_dir"", ""struct archive_read_disk *"", ""tree"", ""0"", ""!=""]], [[""*"", ""int *"", ""0"", ""<""]]]","[[[""const char *"", ""NULL"", ""==""]], [[""*"", ""int *"", ""0"", ""<""]]]","[[[""struct archive_read_disk *""], ""struct archive_read_disk *""], [[""const char *"", ""archive_entry_pathname"", ""struct archive_entry *"", ""=""], ""const char *""], [[""const char *"", ""archive_entry_sourcepath"", ""struct archive_entry *"", ""=""], ""const char *""]]","[""\""Couldn't access %s\""""]",[],[]
33f636264a5d830f67316dc6184f4056b3a3629f,"Merge topic 'update-libarchive'

d49176e9 libarchive: Avoid using isblank
ce8f117f libarchive: Avoid declaration after statement in C code
e0f725f8 libarchive: Fix use of ssize_t in archive_entry.h
ae4861ec libarchive: Define __LA_DEPRECATED consistently
fecb70dd Update CMake pre-cached values for libarchive 3.3.0
a59a7ee9 Merge branch 'upstream-LibArchive' into update-libarchive
c206211a LibArchive 2017-02-19 (100ee75a)
cdce7c61 libarchive: Update script to get 3.3.0",Utilities/cmlibarchive/libarchive/archive_read_support_filter_xz.c,1,"[""1087488"", ""True"", ""ExpressionStatement"", ""archive_set_error ( & self -> archive -> archive , ENOMEM , \""Can't allocate data for lzma decompression\"" )""]",790,/data/download/CMake/CMake/Kitware_CMake_28_old.cpp,747,/data/download/CMake/CMake/Kitware_CMake_28_new.cpp,"[[[""struct private_data *"", ""NULL"", ""=="", ""void *"", ""NULL"", ""=="", ""||""]]]",[],"[[[""struct archive_read_filter *""], ""struct archive_read_filter *""], [[""struct archive_read_filter *"", ""name"", ""\""lzma\"""", ""=""], ""* self""]]","[""\""Can't allocate data for lzma decompression\""""]",[],[]
33f636264a5d830f67316dc6184f4056b3a3629f,"Merge topic 'update-libarchive'

d49176e9 libarchive: Avoid using isblank
ce8f117f libarchive: Avoid declaration after statement in C code
e0f725f8 libarchive: Fix use of ssize_t in archive_entry.h
ae4861ec libarchive: Define __LA_DEPRECATED consistently
fecb70dd Update CMake pre-cached values for libarchive 3.3.0
a59a7ee9 Merge branch 'upstream-LibArchive' into update-libarchive
c206211a LibArchive 2017-02-19 (100ee75a)
cdce7c61 libarchive: Update script to get 3.3.0",Utilities/cmlibarchive/libarchive/archive_read_support_filter_xz.c,1,"[""1087316"", ""True"", ""ExpressionStatement"", ""archive_set_error ( & self -> archive -> archive , ARCHIVE_ERRNO_MISC , \""Internal error initializing lzma library\"" )""]",821,/data/download/CMake/CMake/Kitware_CMake_28_old.cpp,747,/data/download/CMake/CMake/Kitware_CMake_28_new.cpp,"[[[""ssize_t"", ""LZMADEC_OK"", ""==""]], [[""struct private_data *"", ""stream"", ""next_in"", ""NULL"", ""==""]]]",[],"[[[""struct archive_read_filter *""], ""struct archive_read_filter *""], [[""struct archive_read_filter *"", ""close"", ""lzma_filter_close"", ""=""], ""* self""]]","[""\""Internal error initializing lzma library\""""]",[],[]
33f636264a5d830f67316dc6184f4056b3a3629f,"Merge topic 'update-libarchive'

d49176e9 libarchive: Avoid using isblank
ce8f117f libarchive: Avoid declaration after statement in C code
e0f725f8 libarchive: Fix use of ssize_t in archive_entry.h
ae4861ec libarchive: Define __LA_DEPRECATED consistently
fecb70dd Update CMake pre-cached values for libarchive 3.3.0
a59a7ee9 Merge branch 'upstream-LibArchive' into update-libarchive
c206211a LibArchive 2017-02-19 (100ee75a)
cdce7c61 libarchive: Update script to get 3.3.0",Utilities/cmlibarchive/libarchive/archive_read_support_filter_xz.c,1,"[""1087303"", ""True"", ""Statement"", "",""]",827,/data/download/CMake/CMake/Kitware_CMake_28_old.cpp,747,/data/download/CMake/CMake/Kitware_CMake_28_new.cpp,"[[[""ssize_t"", ""LZMADEC_HEADER_ERROR"", ""==""]], [[""ssize_t"", ""LZMADEC_OK"", ""==""]]]",[],[],[],[],[]
33f636264a5d830f67316dc6184f4056b3a3629f,"Merge topic 'update-libarchive'

d49176e9 libarchive: Avoid using isblank
ce8f117f libarchive: Avoid declaration after statement in C code
e0f725f8 libarchive: Fix use of ssize_t in archive_entry.h
ae4861ec libarchive: Define __LA_DEPRECATED consistently
fecb70dd Update CMake pre-cached values for libarchive 3.3.0
a59a7ee9 Merge branch 'upstream-LibArchive' into update-libarchive
c206211a LibArchive 2017-02-19 (100ee75a)
cdce7c61 libarchive: Update script to get 3.3.0",Utilities/cmlibarchive/libarchive/archive_read_support_filter_xz.c,1,"[""1087283"", ""True"", ""Statement"", "",""]",833,/data/download/CMake/CMake/Kitware_CMake_28_old.cpp,747,/data/download/CMake/CMake/Kitware_CMake_28_new.cpp,"[[[""ssize_t"", ""LZMADEC_MEM_ERROR"", ""==""]], [[""ssize_t"", ""LZMADEC_OK"", ""==""]]]",[],[],[],[],[]
33f636264a5d830f67316dc6184f4056b3a3629f,"Merge topic 'update-libarchive'

d49176e9 libarchive: Avoid using isblank
ce8f117f libarchive: Avoid declaration after statement in C code
e0f725f8 libarchive: Fix use of ssize_t in archive_entry.h
ae4861ec libarchive: Define __LA_DEPRECATED consistently
fecb70dd Update CMake pre-cached values for libarchive 3.3.0
a59a7ee9 Merge branch 'upstream-LibArchive' into update-libarchive
c206211a LibArchive 2017-02-19 (100ee75a)
cdce7c61 libarchive: Update script to get 3.3.0",Utilities/cmlibarchive/libarchive/archive_read_support_filter_xz.c,1,"[""1087778"", ""True"", ""ExpressionStatement"", ""archive_set_error ( & self -> archive -> archive , ARCHIVE_ERRNO_MISC , \""truncated lzma input\"" )""]",866,/data/download/CMake/CMake/Kitware_CMake_28_old.cpp,747,/data/download/CMake/CMake/Kitware_CMake_28_new.cpp,"[[[""struct private_data *"", ""stream"", ""next_in"", ""NULL"", ""==""]], [[""ssize_t"", ""0"", ""<""]], [[""struct private_data *"", ""stream"", ""avail_out"", ""0"", "">""]], [[""!"", ""struct private_data *"", ""eof""]]]",[],"[[[""struct archive_read_filter *""], ""struct archive_read_filter *""]]","[""\""truncated lzma input\""""]",[],[]
33f636264a5d830f67316dc6184f4056b3a3629f,"Merge topic 'update-libarchive'

d49176e9 libarchive: Avoid using isblank
ce8f117f libarchive: Avoid declaration after statement in C code
e0f725f8 libarchive: Fix use of ssize_t in archive_entry.h
ae4861ec libarchive: Define __LA_DEPRECATED consistently
fecb70dd Update CMake pre-cached values for libarchive 3.3.0
a59a7ee9 Merge branch 'upstream-LibArchive' into update-libarchive
c206211a LibArchive 2017-02-19 (100ee75a)
cdce7c61 libarchive: Update script to get 3.3.0",Utilities/cmlibarchive/libarchive/archive_read_support_filter_xz.c,1,"[""1087700"", ""True"", ""ExpressionStatement"", ""archive_set_error ( & self -> archive -> archive , ARCHIVE_ERRNO_MISC , \""Insufficient compressed data\"" )""]",884,/data/download/CMake/CMake/Kitware_CMake_28_old.cpp,747,/data/download/CMake/CMake/Kitware_CMake_28_new.cpp,"[[[""ssize_t"", ""LZMADEC_BUF_ERROR"", ""==""]], [[""struct private_data *"", ""stream"", ""next_in"", ""NULL"", ""==""]], [[""ssize_t"", ""0"", ""<""]]]",[],"[[[""struct archive_read_filter *""], ""struct archive_read_filter *""]]","[""\""Insufficient compressed data\""""]",[],[]
33f636264a5d830f67316dc6184f4056b3a3629f,"Merge topic 'update-libarchive'

d49176e9 libarchive: Avoid using isblank
ce8f117f libarchive: Avoid declaration after statement in C code
e0f725f8 libarchive: Fix use of ssize_t in archive_entry.h
ae4861ec libarchive: Define __LA_DEPRECATED consistently
fecb70dd Update CMake pre-cached values for libarchive 3.3.0
a59a7ee9 Merge branch 'upstream-LibArchive' into update-libarchive
c206211a LibArchive 2017-02-19 (100ee75a)
cdce7c61 libarchive: Update script to get 3.3.0",Utilities/cmlibarchive/libarchive/archive_read_support_filter_xz.c,1,"[""1087679"", ""True"", ""ExpressionStatement"", ""archive_set_error ( & self -> archive -> archive , ARCHIVE_ERRNO_MISC , \""Lzma decompression failed\"" )""]",890,/data/download/CMake/CMake/Kitware_CMake_28_old.cpp,747,/data/download/CMake/CMake/Kitware_CMake_28_new.cpp,"[[[""ssize_t""]], [[""struct private_data *"", ""stream"", ""next_in"", ""NULL"", ""==""]], [[""ssize_t"", ""0"", ""<""]]]",[],"[[[""struct archive_read_filter *""], ""struct archive_read_filter *""]]","[""\""Lzma decompression failed\""""]",[],[]
33f636264a5d830f67316dc6184f4056b3a3629f,"Merge topic 'update-libarchive'

d49176e9 libarchive: Avoid using isblank
ce8f117f libarchive: Avoid declaration after statement in C code
e0f725f8 libarchive: Fix use of ssize_t in archive_entry.h
ae4861ec libarchive: Define __LA_DEPRECATED consistently
fecb70dd Update CMake pre-cached values for libarchive 3.3.0
a59a7ee9 Merge branch 'upstream-LibArchive' into update-libarchive
c206211a LibArchive 2017-02-19 (100ee75a)
cdce7c61 libarchive: Update script to get 3.3.0",Utilities/cmlibarchive/libarchive/archive_read_support_filter_xz.c,1,"[""1087955"", ""True"", ""ExpressionStatement"", ""archive_set_error ( & ( self -> archive -> archive ) , ARCHIVE_ERRNO_MISC , \""Failed to clean up %s compressor\"" , self -> archive -> archive . compression_name )""]",921,/data/download/CMake/CMake/Kitware_CMake_28_old.cpp,747,/data/download/CMake/CMake/Kitware_CMake_28_new.cpp,"[[[""lzmadec_end"", ""&"", ""struct private_data *"", ""stream""]]]",[],"[[[""struct archive_read_filter *""], ""struct archive_read_filter *""]]","[""\""Failed to clean up %s compressor\""""]",[],[]
33f636264a5d830f67316dc6184f4056b3a3629f,"Merge topic 'update-libarchive'

d49176e9 libarchive: Avoid using isblank
ce8f117f libarchive: Avoid declaration after statement in C code
e0f725f8 libarchive: Fix use of ssize_t in archive_entry.h
ae4861ec libarchive: Define __LA_DEPRECATED consistently
fecb70dd Update CMake pre-cached values for libarchive 3.3.0
a59a7ee9 Merge branch 'upstream-LibArchive' into update-libarchive
c206211a LibArchive 2017-02-19 (100ee75a)
cdce7c61 libarchive: Update script to get 3.3.0",Utilities/cmlibarchive/libarchive/archive_read_support_format_tar.c,1,"[""1104600"", ""True"", ""ExpressionStatement"", ""archive_set_error ( & a -> archive , ARCHIVE_ERRNO_MISC , \""Solaris NFSv4 ACLs not supported\"" )""]",940,/data/download/CMake/CMake/Kitware_CMake_29_old.cpp,995,/data/download/CMake/CMake/Kitware_CMake_29_new.cpp,"[[[""int64_t"", ""~0777777"", ""&"", ""03000000"", ""==""]], [[""*"", ""char *"", ""'\\0'"", ""!=""]], [[""char *"", ""char *"", ""size_t"", ""+"", ""<""]]]",[],"[[[""struct archive_read *""], ""struct archive_read *""]]","[""\""Solaris NFSv4 ACLs not supported\""""]",[],[]
33f636264a5d830f67316dc6184f4056b3a3629f,"Merge topic 'update-libarchive'

d49176e9 libarchive: Avoid using isblank
ce8f117f libarchive: Avoid declaration after statement in C code
e0f725f8 libarchive: Fix use of ssize_t in archive_entry.h
ae4861ec libarchive: Define __LA_DEPRECATED consistently
fecb70dd Update CMake pre-cached values for libarchive 3.3.0
a59a7ee9 Merge branch 'upstream-LibArchive' into update-libarchive
c206211a LibArchive 2017-02-19 (100ee75a)
cdce7c61 libarchive: Update script to get 3.3.0",Utilities/cmlibarchive/libarchive/archive_read_support_format_tar.c,1,"[""1109203"", ""True"", ""Statement"", "",""]",1820,/data/download/CMake/CMake/Kitware_CMake_29_old.cpp,1947,/data/download/CMake/CMake/Kitware_CMake_29_new.cpp,"[[[""int"", ""ARCHIVE_FATAL"", ""==""]], [[""int"", ""ARCHIVE_OK"", ""!=""]]]","[[[""strcmp"", ""const char *"", ""\""SCHILY.acl.access\"""", ""0"", ""==""]], [[""const char *"", ""0"", ""'S'"", ""==""]]]",[],[],"[[[""const char *"", ""\""\"""", ""=""], ""const char *""], [[""const char *""], ""const char *""], [[""struct archive_entry *""], ""struct archive_entry *""], [[""struct tar *""], ""struct tar *""], [[""struct archive_read *""], ""struct archive_read *""]]",[]
33f636264a5d830f67316dc6184f4056b3a3629f,"Merge topic 'update-libarchive'

d49176e9 libarchive: Avoid using isblank
ce8f117f libarchive: Avoid declaration after statement in C code
e0f725f8 libarchive: Fix use of ssize_t in archive_entry.h
ae4861ec libarchive: Define __LA_DEPRECATED consistently
fecb70dd Update CMake pre-cached values for libarchive 3.3.0
a59a7ee9 Merge branch 'upstream-LibArchive' into update-libarchive
c206211a LibArchive 2017-02-19 (100ee75a)
cdce7c61 libarchive: Update script to get 3.3.0",Utilities/cmlibarchive/libarchive/archive_read_support_format_tar.c,1,"[""1109180"", ""True"", ""ExpressionStatement"", ""archive_set_error ( & a -> archive , ARCHIVE_ERRNO_MISC , \""Parse error: SCHILY.acl.access\"" )""]",1825,/data/download/CMake/CMake/Kitware_CMake_29_old.cpp,1947,/data/download/CMake/CMake/Kitware_CMake_29_new.cpp,"[[[""int"", ""ARCHIVE_FATAL"", ""==""]], [[""int"", ""ARCHIVE_OK"", ""!=""]]]","[[[""strcmp"", ""const char *"", ""\""SCHILY.acl.access\"""", ""0"", ""==""]], [[""const char *"", ""0"", ""'S'"", ""==""]]]","[[[""struct archive_read *""], ""struct archive_read *""]]","[""\""Parse error: SCHILY.acl.access\""""]","[[[""const char *"", ""\""\"""", ""=""], ""const char *""], [[""const char *""], ""const char *""], [[""struct archive_entry *""], ""struct archive_entry *""], [[""struct tar *""], ""struct tar *""], [[""struct archive_read *""], ""struct archive_read *""]]",[]
33f636264a5d830f67316dc6184f4056b3a3629f,"Merge topic 'update-libarchive'

d49176e9 libarchive: Avoid using isblank
ce8f117f libarchive: Avoid declaration after statement in C code
e0f725f8 libarchive: Fix use of ssize_t in archive_entry.h
ae4861ec libarchive: Define __LA_DEPRECATED consistently
fecb70dd Update CMake pre-cached values for libarchive 3.3.0
a59a7ee9 Merge branch 'upstream-LibArchive' into update-libarchive
c206211a LibArchive 2017-02-19 (100ee75a)
cdce7c61 libarchive: Update script to get 3.3.0",Utilities/cmlibarchive/libarchive/archive_read_support_format_tar.c,1,"[""1109087"", ""True"", ""Statement"", "",""]",1844,/data/download/CMake/CMake/Kitware_CMake_29_old.cpp,1952,/data/download/CMake/CMake/Kitware_CMake_29_new.cpp,"[[[""int"", ""ARCHIVE_FATAL"", ""==""]], [[""int"", ""ARCHIVE_OK"", ""!=""]]]","[[[""strcmp"", ""const char *"", ""\""SCHILY.acl.default\"""", ""0"", ""==""]], [[""strcmp"", ""const char *"", ""\""SCHILY.acl.access\"""", ""0"", ""==""]]]",[],[],"[[[""const char *"", ""\""\"""", ""=""], ""const char *""], [[""const char *""], ""const char *""], [[""struct archive_entry *""], ""struct archive_entry *""], [[""struct tar *""], ""struct tar *""], [[""struct archive_read *""], ""struct archive_read *""]]",[]
33f636264a5d830f67316dc6184f4056b3a3629f,"Merge topic 'update-libarchive'

d49176e9 libarchive: Avoid using isblank
ce8f117f libarchive: Avoid declaration after statement in C code
e0f725f8 libarchive: Fix use of ssize_t in archive_entry.h
ae4861ec libarchive: Define __LA_DEPRECATED consistently
fecb70dd Update CMake pre-cached values for libarchive 3.3.0
a59a7ee9 Merge branch 'upstream-LibArchive' into update-libarchive
c206211a LibArchive 2017-02-19 (100ee75a)
cdce7c61 libarchive: Update script to get 3.3.0",Utilities/cmlibarchive/libarchive/archive_read_support_format_tar.c,1,"[""1109064"", ""True"", ""ExpressionStatement"", ""archive_set_error ( & a -> archive , ARCHIVE_ERRNO_MISC , \""Parse error: SCHILY.acl.default\"" )""]",1849,/data/download/CMake/CMake/Kitware_CMake_29_old.cpp,1952,/data/download/CMake/CMake/Kitware_CMake_29_new.cpp,"[[[""int"", ""ARCHIVE_FATAL"", ""==""]], [[""int"", ""ARCHIVE_OK"", ""!=""]]]","[[[""strcmp"", ""const char *"", ""\""SCHILY.acl.default\"""", ""0"", ""==""]], [[""strcmp"", ""const char *"", ""\""SCHILY.acl.access\"""", ""0"", ""==""]]]","[[[""struct archive_read *""], ""struct archive_read *""]]","[""\""Parse error: SCHILY.acl.default\""""]","[[[""const char *"", ""\""\"""", ""=""], ""const char *""], [[""const char *""], ""const char *""], [[""struct archive_entry *""], ""struct archive_entry *""], [[""struct tar *""], ""struct tar *""], [[""struct archive_read *""], ""struct archive_read *""]]",[]
33f636264a5d830f67316dc6184f4056b3a3629f,"Merge topic 'update-libarchive'

d49176e9 libarchive: Avoid using isblank
ce8f117f libarchive: Avoid declaration after statement in C code
e0f725f8 libarchive: Fix use of ssize_t in archive_entry.h
ae4861ec libarchive: Define __LA_DEPRECATED consistently
fecb70dd Update CMake pre-cached values for libarchive 3.3.0
a59a7ee9 Merge branch 'upstream-LibArchive' into update-libarchive
c206211a LibArchive 2017-02-19 (100ee75a)
cdce7c61 libarchive: Update script to get 3.3.0",Utilities/cmlibarchive/libarchive/archive_read_support_format_zip.c,0,"[""1187833"", ""True"", ""IdentifierDeclStatement"", ""unsigned short headerid = archive_le16dec ( p + offset ) ;""]",427,/data/download/CMake/CMake/Kitware_CMake_32_old.cpp,431,/data/download/CMake/CMake/Kitware_CMake_32_new.cpp,"[[[""unsigned"", ""size_t"", ""4"", ""-"", ""<""]], [[""unsigned"", ""unsigned short"", ""+"", ""size_t"", "">""]]]","[[[""size_t"", ""4"", ""<""]], [[""size_t"", ""0"", ""==""]]]","[[[""unsigned"", ""unsigned short"", ""+=""], ""unsigned""], [[""unsigned"", ""unsigned"", ""0"", ""=""], ""unsigned""], [[""const char *""], ""const char *""]]",[],"[[[""size_t""], ""size_t""], [[""struct archive_read *""], ""struct archive_read *""]]","[""\""Too-small extra data: Need at least 4 bytes, but only found %d bytes\""""]"
33f636264a5d830f67316dc6184f4056b3a3629f,"Merge topic 'update-libarchive'

d49176e9 libarchive: Avoid using isblank
ce8f117f libarchive: Avoid declaration after statement in C code
e0f725f8 libarchive: Fix use of ssize_t in archive_entry.h
ae4861ec libarchive: Define __LA_DEPRECATED consistently
fecb70dd Update CMake pre-cached values for libarchive 3.3.0
a59a7ee9 Merge branch 'upstream-LibArchive' into update-libarchive
c206211a LibArchive 2017-02-19 (100ee75a)
cdce7c61 libarchive: Update script to get 3.3.0",Utilities/cmlibarchive/libarchive/archive_read_support_format_zip.c,0,"[""1187753"", ""True"", ""ExpressionStatement"", ""offset += 8""]",447,/data/download/CMake/CMake/Kitware_CMake_32_old.cpp,458,/data/download/CMake/CMake/Kitware_CMake_32_new.cpp,"[[[""unsigned short"", ""8"", ""<""]], [[""struct zip_entry *"", ""uncompressed_size"", ""0xffffffff"", ""==""]]]","[[[""unsigned short"", ""8"", ""<"", ""t"", ""archive_le64dec"", ""const char *"", ""unsigned"", ""+"", ""="", ""INT64_MAX"", "">"", ""||""]], [[""struct zip_entry *"", ""uncompressed_size"", ""0xffffffff"", ""==""]]]","[[[""unsigned"", ""4"", ""+=""], ""unsigned""]]","[""8""]","[[[""struct archive_read *""], ""struct archive_read *""]]","[""\""Malformed 64-bit uncompressed size\""""]"
33f636264a5d830f67316dc6184f4056b3a3629f,"Merge topic 'update-libarchive'

d49176e9 libarchive: Avoid using isblank
ce8f117f libarchive: Avoid declaration after statement in C code
e0f725f8 libarchive: Fix use of ssize_t in archive_entry.h
ae4861ec libarchive: Define __LA_DEPRECATED consistently
fecb70dd Update CMake pre-cached values for libarchive 3.3.0
a59a7ee9 Merge branch 'upstream-LibArchive' into update-libarchive
c206211a LibArchive 2017-02-19 (100ee75a)
cdce7c61 libarchive: Update script to get 3.3.0",Utilities/cmlibarchive/libarchive/archive_read_support_format_zip.c,0,"[""1187718"", ""True"", ""ExpressionStatement"", ""offset += 8""]",455,/data/download/CMake/CMake/Kitware_CMake_32_old.cpp,470,/data/download/CMake/CMake/Kitware_CMake_32_new.cpp,"[[[""unsigned short"", ""8"", ""<""]], [[""struct zip_entry *"", ""compressed_size"", ""0xffffffff"", ""==""]]]","[[[""unsigned short"", ""8"", ""<"", ""t"", ""archive_le64dec"", ""const char *"", ""unsigned"", ""+"", ""="", ""INT64_MAX"", "">"", ""||""]], [[""struct zip_entry *"", ""compressed_size"", ""0xffffffff"", ""==""]]]","[[[""unsigned"", ""4"", ""+=""], ""unsigned""], [[""unsigned"", ""8"", ""+=""], ""unsigned""]]","[""8""]","[[[""struct archive_read *""], ""struct archive_read *""]]","[""\""Malformed 64-bit compressed size\""""]"
33f636264a5d830f67316dc6184f4056b3a3629f,"Merge topic 'update-libarchive'

d49176e9 libarchive: Avoid using isblank
ce8f117f libarchive: Avoid declaration after statement in C code
e0f725f8 libarchive: Fix use of ssize_t in archive_entry.h
ae4861ec libarchive: Define __LA_DEPRECATED consistently
fecb70dd Update CMake pre-cached values for libarchive 3.3.0
a59a7ee9 Merge branch 'upstream-LibArchive' into update-libarchive
c206211a LibArchive 2017-02-19 (100ee75a)
cdce7c61 libarchive: Update script to get 3.3.0",Utilities/cmlibarchive/libarchive/archive_read_support_format_zip.c,0,"[""1187683"", ""True"", ""ExpressionStatement"", ""offset += 8""]",463,/data/download/CMake/CMake/Kitware_CMake_32_old.cpp,482,/data/download/CMake/CMake/Kitware_CMake_32_new.cpp,"[[[""unsigned short"", ""8"", ""<""]], [[""struct zip_entry *"", ""local_header_offset"", ""0xffffffff"", ""==""]]]","[[[""unsigned short"", ""8"", ""<"", ""t"", ""archive_le64dec"", ""const char *"", ""unsigned"", ""+"", ""="", ""INT64_MAX"", "">"", ""||""]], [[""struct zip_entry *"", ""local_header_offset"", ""0xffffffff"", ""==""]]]","[[[""unsigned"", ""4"", ""+=""], ""unsigned""], [[""unsigned"", ""8"", ""+=""], ""unsigned""], [[""unsigned"", ""8"", ""+=""], ""unsigned""]]","[""8""]","[[[""struct archive_read *""], ""struct archive_read *""]]","[""\""Malformed 64-bit local header offset\""""]"
33f636264a5d830f67316dc6184f4056b3a3629f,"Merge topic 'update-libarchive'

d49176e9 libarchive: Avoid using isblank
ce8f117f libarchive: Avoid declaration after statement in C code
e0f725f8 libarchive: Fix use of ssize_t in archive_entry.h
ae4861ec libarchive: Define __LA_DEPRECATED consistently
fecb70dd Update CMake pre-cached values for libarchive 3.3.0
a59a7ee9 Merge branch 'upstream-LibArchive' into update-libarchive
c206211a LibArchive 2017-02-19 (100ee75a)
cdce7c61 libarchive: Update script to get 3.3.0",Utilities/cmlibarchive/libarchive/archive_read_support_format_zip.c,3,"[""1186767"", ""True"", ""ExpressionStatement"", ""fprintf ( stderr , \""Extra data field contents do not match reported size!\\n\"" )""]",721,/data/download/CMake/CMake/Kitware_CMake_32_old.cpp,743,/data/download/CMake/CMake/Kitware_CMake_32_new.cpp,"[[[""unsigned"", ""size_t"", ""!=""]]]","[[[""unsigned"", ""size_t"", ""!=""]], [[""unsigned"", ""size_t"", ""4"", ""-"", ""<=""]]]",[],"[""\""Extra data field contents do not match reported size!\\n\""""]","[[[""unsigned"", ""unsigned short"", ""+=""], ""unsigned""], [[""unsigned"", ""unsigned"", ""0"", ""=""], ""unsigned""], [[""size_t""], ""size_t""], [[""struct archive_read *""], ""struct archive_read *""]]","[""\""Malformed extra data: Consumed %d bytes of %d bytes\""""]"
33f636264a5d830f67316dc6184f4056b3a3629f,"Merge topic 'update-libarchive'

d49176e9 libarchive: Avoid using isblank
ce8f117f libarchive: Avoid declaration after statement in C code
e0f725f8 libarchive: Fix use of ssize_t in archive_entry.h
ae4861ec libarchive: Define __LA_DEPRECATED consistently
fecb70dd Update CMake pre-cached values for libarchive 3.3.0
a59a7ee9 Merge branch 'upstream-LibArchive' into update-libarchive
c206211a LibArchive 2017-02-19 (100ee75a)
cdce7c61 libarchive: Update script to get 3.3.0",Utilities/cmlibarchive/libarchive/archive_read_support_format_zip.c,0,"[""1190320"", ""True"", ""ExpressionStatement"", ""zip -> unconsumed = 24""]",1144,/data/download/CMake/CMake/Kitware_CMake_32_old.cpp,1176,/data/download/CMake/CMake/Kitware_CMake_32_new.cpp,"[[[""struct zip *"", ""entry"", ""flags"", ""LA_USED_ZIP64"", ""&""]], [[""const char *"", ""0"", ""'P'"", ""==""]], [[""const char *"", ""1"", ""'K'"", ""==""]], [[""const char *"", ""2"", ""'\\007'"", ""==""]], [[""const char *"", ""3"", ""'\\010'"", ""==""]], [[""archive_le32dec"", ""const char *"", ""4"", ""+"", ""struct zip *"", ""entry_crc32"", ""=="", ""struct zip *"", ""ignore_crc32"", ""struct zip *"", ""hctx_valid"", ""struct zip *"", ""entry"", ""aes_extra"", ""vendor"", ""AES_VENDOR_AE_2"", ""=="", ""&&"", ""||"", ""||""]]]","[[[""uint64_t"", ""INT64_MAX"", "">"", ""uint64_t"", ""INT64_MAX"", "">"", ""||""]], [[""struct zip *"", ""entry"", ""flags"", ""LA_USED_ZIP64"", ""&""]]]","[[[""struct zip *"", ""struct archive_read *"", ""format"", ""data"", ""=""], ""struct zip *""]]","[""24""]","[[[""struct archive_read *""], ""struct archive_read *""]]","[""\""Overflow of 64-bit file sizes\""""]"
33f636264a5d830f67316dc6184f4056b3a3629f,"Merge topic 'update-libarchive'

d49176e9 libarchive: Avoid using isblank
ce8f117f libarchive: Avoid declaration after statement in C code
e0f725f8 libarchive: Fix use of ssize_t in archive_entry.h
ae4861ec libarchive: Define __LA_DEPRECATED consistently
fecb70dd Update CMake pre-cached values for libarchive 3.3.0
a59a7ee9 Merge branch 'upstream-LibArchive' into update-libarchive
c206211a LibArchive 2017-02-19 (100ee75a)
cdce7c61 libarchive: Update script to get 3.3.0",Utilities/cmlibarchive/libarchive/archive_read_support_format_zip.c,0,"[""1190796"", ""True"", ""ExpressionStatement"", ""zip -> unconsumed += 20""]",1423,/data/download/CMake/CMake/Kitware_CMake_32_old.cpp,1464,/data/download/CMake/CMake/Kitware_CMake_32_new.cpp,"[[[""struct zip *"", ""entry"", ""flags"", ""LA_USED_ZIP64"", ""&""]], [[""NULL"", ""p"", ""__archive_read_ahead"", ""struct archive_read *"", ""24"", ""NULL"", ""="", ""==""]]]","[[[""uint64_t"", ""INT64_MAX"", "">"", ""uint64_t"", ""INT64_MAX"", "">"", ""||""]], [[""struct zip *"", ""entry"", ""flags"", ""LA_USED_ZIP64"", ""&""]]]","[[[""struct zip *"", ""unconsumed"", ""4"", ""=""], ""zip -> unconsumed""], [[""struct zip *"", ""struct archive_read *"", ""format"", ""data"", ""=""], ""struct zip *""], [[""struct zip *"", ""unconsumed"", ""4"", ""=""], ""* zip""], [[""struct zip *"", ""entry_uncompressed_bytes_read"", ""struct zip *"", ""stream"", ""total_out"", ""+=""], ""* zip""]]","[""20""]","[[[""struct archive_read *""], ""struct archive_read *""]]","[""\""Overflow of 64-bit file sizes\""""]"
33f636264a5d830f67316dc6184f4056b3a3629f,"Merge topic 'update-libarchive'

d49176e9 libarchive: Avoid using isblank
ce8f117f libarchive: Avoid declaration after statement in C code
e0f725f8 libarchive: Fix use of ssize_t in archive_entry.h
ae4861ec libarchive: Define __LA_DEPRECATED consistently
fecb70dd Update CMake pre-cached values for libarchive 3.3.0
a59a7ee9 Merge branch 'upstream-LibArchive' into update-libarchive
c206211a LibArchive 2017-02-19 (100ee75a)
cdce7c61 libarchive: Update script to get 3.3.0",Utilities/cmlibarchive/libarchive/archive_write_disk_acl.c,0,"[""1201263"", ""True"", ""ExpressionStatement"", ""acl = acl_init ( entries )""]",154,/data/download/CMake/CMake/Kitware_CMake_33_old.cpp,262,/data/download/CMake/CMake/Kitware_CMake_33_new.cpp,"[[[""i