sha,message,issue,file_name,old_file,new_file,patch_file
6df1bda1c57193b289866389a994ea79a2f5e1d8,"Merge branch 'upstream-LibArchive' into update-libarchive

* upstream-LibArchive:
  LibArchive 2017-07-09 (98a69539)",[],Utilities/cmlibarchive/libarchive/archive_read_disk_entry_from_file.c,second/download/CMake/CMake-old-new/CMake-old-new/Kitware_CMake_old_file_0.cpp,second/download/CMake/CMake-old-new/CMake-old-new/Kitware_CMake_new_file_0.cpp,second/download/CMake/CMake-old-new/CMake-old-new/Kitware_CMake_patch_0.cpp
6df1bda1c57193b289866389a994ea79a2f5e1d8,"Merge branch 'upstream-LibArchive' into update-libarchive

* upstream-LibArchive:
  LibArchive 2017-07-09 (98a69539)",[],Utilities/cmlibarchive/libarchive/archive_read_support_format_mtree.c,second/download/CMake/CMake-old-new/CMake-old-new/Kitware_CMake_old_file_1.cpp,second/download/CMake/CMake-old-new/CMake-old-new/Kitware_CMake_new_file_1.cpp,second/download/CMake/CMake-old-new/CMake-old-new/Kitware_CMake_patch_1.cpp
6df1bda1c57193b289866389a994ea79a2f5e1d8,"Merge branch 'upstream-LibArchive' into update-libarchive

* upstream-LibArchive:
  LibArchive 2017-07-09 (98a69539)",[],Utilities/cmlibarchive/libarchive/archive_write_disk_posix.c,second/download/CMake/CMake-old-new/CMake-old-new/Kitware_CMake_old_file_2.cpp,second/download/CMake/CMake-old-new/CMake-old-new/Kitware_CMake_new_file_2.cpp,second/download/CMake/CMake-old-new/CMake-old-new/Kitware_CMake_patch_2.cpp
11f3dcb04887fccf38a8eda19d498bf7a5060486,"LibArchive 2017-07-09 (98a69539)

Code extracted from:

    https://github.com/libarchive/libarchive.git

at commit 98a695399e8e7420635a5448aecde8b0a82fb83a (v3.3.2).",[],libarchive/archive_read_disk_entry_from_file.c,second/download/CMake/CMake-old-new/CMake-old-new/Kitware_CMake_old_file_3.cpp,second/download/CMake/CMake-old-new/CMake-old-new/Kitware_CMake_new_file_3.cpp,second/download/CMake/CMake-old-new/CMake-old-new/Kitware_CMake_patch_3.cpp
11f3dcb04887fccf38a8eda19d498bf7a5060486,"LibArchive 2017-07-09 (98a69539)

Code extracted from:

    https://github.com/libarchive/libarchive.git

at commit 98a695399e8e7420635a5448aecde8b0a82fb83a (v3.3.2).",[],libarchive/archive_read_support_format_mtree.c,second/download/CMake/CMake-old-new/CMake-old-new/Kitware_CMake_old_file_4.cpp,second/download/CMake/CMake-old-new/CMake-old-new/Kitware_CMake_new_file_4.cpp,second/download/CMake/CMake-old-new/CMake-old-new/Kitware_CMake_patch_4.cpp
11f3dcb04887fccf38a8eda19d498bf7a5060486,"LibArchive 2017-07-09 (98a69539)

Code extracted from:

    https://github.com/libarchive/libarchive.git

at commit 98a695399e8e7420635a5448aecde8b0a82fb83a (v3.3.2).",[],libarchive/archive_write_disk_posix.c,second/download/CMake/CMake-old-new/CMake-old-new/Kitware_CMake_old_file_5.cpp,second/download/CMake/CMake-old-new/CMake-old-new/Kitware_CMake_new_file_5.cpp,second/download/CMake/CMake-old-new/CMake-old-new/Kitware_CMake_patch_5.cpp
47b3a57c9bc5c7db608bc3b59b139a902535255f,"Display subproject timing summary

Use the '--no-subproject-summary' option to disable timing summary.",[],Source/CTest/cmCTestTestHandler.cxx,second/download/CMake/CMake-old-new/CMake-old-new/Kitware_CMake_old_file_6.cpp,second/download/CMake/CMake-old-new/CMake-old-new/Kitware_CMake_new_file_6.cpp,second/download/CMake/CMake-old-new/CMake-old-new/Kitware_CMake_patch_6.cpp
df1c187f2fdfa48bd36d770bac23f6503fd9b071,Merge branch 'update-curl' into release-3.9,[],Utilities/cmcurl/lib/file.c,second/download/CMake/CMake-old-new/CMake-old-new/Kitware_CMake_old_file_7.cpp,second/download/CMake/CMake-old-new/CMake-old-new/Kitware_CMake_new_file_7.cpp,second/download/CMake/CMake-old-new/CMake-old-new/Kitware_CMake_patch_7.cpp
df1c187f2fdfa48bd36d770bac23f6503fd9b071,Merge branch 'update-curl' into release-3.9,[],Utilities/cmcurl/lib/ftp.c,second/download/CMake/CMake-old-new/CMake-old-new/Kitware_CMake_old_file_8.cpp,second/download/CMake/CMake-old-new/CMake-old-new/Kitware_CMake_new_file_8.cpp,second/download/CMake/CMake-old-new/CMake-old-new/Kitware_CMake_patch_8.cpp
df1c187f2fdfa48bd36d770bac23f6503fd9b071,Merge branch 'update-curl' into release-3.9,[],Utilities/cmcurl/lib/http.c,second/download/CMake/CMake-old-new/CMake-old-new/Kitware_CMake_old_file_9.cpp,second/download/CMake/CMake-old-new/CMake-old-new/Kitware_CMake_new_file_9.cpp,second/download/CMake/CMake-old-new/CMake-old-new/Kitware_CMake_patch_9.cpp
df1c187f2fdfa48bd36d770bac23f6503fd9b071,Merge branch 'update-curl' into release-3.9,[],Utilities/cmcurl/lib/sendf.c,second/download/CMake/CMake-old-new/CMake-old-new/Kitware_CMake_old_file_10.cpp,second/download/CMake/CMake-old-new/CMake-old-new/Kitware_CMake_new_file_10.cpp,second/download/CMake/CMake-old-new/CMake-old-new/Kitware_CMake_patch_10.cpp
df1c187f2fdfa48bd36d770bac23f6503fd9b071,Merge branch 'update-curl' into release-3.9,[],Utilities/cmcurl/lib/url.c,second/download/CMake/CMake-old-new/CMake-old-new/Kitware_CMake_old_file_11.cpp,second/download/CMake/CMake-old-new/CMake-old-new/Kitware_CMake_new_file_11.cpp,second/download/CMake/CMake-old-new/CMake-old-new/Kitware_CMake_patch_11.cpp
df1c187f2fdfa48bd36d770bac23f6503fd9b071,Merge branch 'update-curl' into release-3.9,[],Utilities/cmcurl/lib/vauth/digest.c,second/download/CMake/CMake-old-new/CMake-old-new/Kitware_CMake_old_file_12.cpp,second/download/CMake/CMake-old-new/CMake-old-new/Kitware_CMake_new_file_12.cpp,second/download/CMake/CMake-old-new/CMake-old-new/Kitware_CMake_patch_12.cpp
df1c187f2fdfa48bd36d770bac23f6503fd9b071,Merge branch 'update-curl' into release-3.9,[],Utilities/cmcurl/lib/vtls/gtls.c,second/download/CMake/CMake-old-new/CMake-old-new/Kitware_CMake_old_file_13.cpp,second/download/CMake/CMake-old-new/CMake-old-new/Kitware_CMake_new_file_13.cpp,second/download/CMake/CMake-old-new/CMake-old-new/Kitware_CMake_patch_13.cpp
a3ef36f153f51c33ea2154cff17bbf9abb7ee073,"Merge branch 'upstream-curl' into update-curl

* upstream-curl:
  curl 2017-06-14 (54b636f1)

Resolve a logical conflict in `Utilities/cmcurl/CMakeLists.txt`
by disabling CA bundle/path detection for build within CMake.
CMake already handles locating a CA bundle/path at runtime.",[],Utilities/cmcurl/lib/file.c,second/download/CMake/CMake-old-new/CMake-old-new/Kitware_CMake_old_file_14.cpp,second/download/CMake/CMake-old-new/CMake-old-new/Kitware_CMake_new_file_14.cpp,second/download/CMake/CMake-old-new/CMake-old-new/Kitware_CMake_patch_14.cpp
a3ef36f153f51c33ea2154cff17bbf9abb7ee073,"Merge branch 'upstream-curl' into update-curl

* upstream-curl:
  curl 2017-06-14 (54b636f1)

Resolve a logical conflict in `Utilities/cmcurl/CMakeLists.txt`
by disabling CA bundle/path detection for build within CMake.
CMake already handles locating a CA bundle/path at runtime.",[],Utilities/cmcurl/lib/ftp.c,second/download/CMake/CMake-old-new/CMake-old-new/Kitware_CMake_old_file_15.cpp,second/download/CMake/CMake-old-new/CMake-old-new/Kitware_CMake_new_file_15.cpp,second/download/CMake/CMake-old-new/CMake-old-new/Kitware_CMake_patch_15.cpp
a3ef36f153f51c33ea2154cff17bbf9abb7ee073,"Merge branch 'upstream-curl' into update-curl

* upstream-curl:
  curl 2017-06-14 (54b636f1)

Resolve a logical conflict in `Utilities/cmcurl/CMakeLists.txt`
by disabling CA bundle/path detection for build within CMake.
CMake already handles locating a CA bundle/path at runtime.",[],Utilities/cmcurl/lib/http.c,second/download/CMake/CMake-old-new/CMake-old-new/Kitware_CMake_old_file_16.cpp,second/download/CMake/CMake-old-new/CMake-old-new/Kitware_CMake_new_file_16.cpp,second/download/CMake/CMake-old-new/CMake-old-new/Kitware_CMake_patch_16.cpp
a3ef36f153f51c33ea2154cff17bbf9abb7ee073,"Merge branch 'upstream-curl' into update-curl

* upstream-curl:
  curl 2017-06-14 (54b636f1)

Resolve a logical conflict in `Utilities/cmcurl/CMakeLists.txt`
by disabling CA bundle/path detection for build within CMake.
CMake already handles locating a CA bundle/path at runtime.",[],Utilities/cmcurl/lib/sendf.c,second/download/CMake/CMake-old-new/CMake-old-new/Kitware_CMake_old_file_17.cpp,second/download/CMake/CMake-old-new/CMake-old-new/Kitware_CMake_new_file_17.cpp,second/download/CMake/CMake-old-new/CMake-old-new/Kitware_CMake_patch_17.cpp
a3ef36f153f51c33ea2154cff17bbf9abb7ee073,"Merge branch 'upstream-curl' into update-curl

* upstream-curl:
  curl 2017-06-14 (54b636f1)

Resolve a logical conflict in `Utilities/cmcurl/CMakeLists.txt`
by disabling CA bundle/path detection for build within CMake.
CMake already handles locating a CA bundle/path at runtime.",[],Utilities/cmcurl/lib/url.c,second/download/CMake/CMake-old-new/CMake-old-new/Kitware_CMake_old_file_18.cpp,second/download/CMake/CMake-old-new/CMake-old-new/Kitware_CMake_new_file_18.cpp,second/download/CMake/CMake-old-new/CMake-old-new/Kitware_CMake_patch_18.cpp
a3ef36f153f51c33ea2154cff17bbf9abb7ee073,"Merge branch 'upstream-curl' into update-curl

* upstream-curl:
  curl 2017-06-14 (54b636f1)

Resolve a logical conflict in `Utilities/cmcurl/CMakeLists.txt`
by disabling CA bundle/path detection for build within CMake.
CMake already handles locating a CA bundle/path at runtime.",[],Utilities/cmcurl/lib/vauth/digest.c,second/download/CMake/CMake-old-new/CMake-old-new/Kitware_CMake_old_file_19.cpp,second/download/CMake/CMake-old-new/CMake-old-new/Kitware_CMake_new_file_19.cpp,second/download/CMake/CMake-old-new/CMake-old-new/Kitware_CMake_patch_19.cpp
a3ef36f153f51c33ea2154cff17bbf9abb7ee073,"Merge branch 'upstream-curl' into update-curl

* upstream-curl:
  curl 2017-06-14 (54b636f1)

Resolve a logical conflict in `Utilities/cmcurl/CMakeLists.txt`
by disabling CA bundle/path detection for build within CMake.
CMake already handles locating a CA bundle/path at runtime.",[],Utilities/cmcurl/lib/vtls/gtls.c,second/download/CMake/CMake-old-new/CMake-old-new/Kitware_CMake_old_file_20.cpp,second/download/CMake/CMake-old-new/CMake-old-new/Kitware_CMake_new_file_20.cpp,second/download/CMake/CMake-old-new/CMake-old-new/Kitware_CMake_patch_20.cpp
06d6d6c4aee149cd6560b919ef6935ef0867d921,"curl 2017-06-14 (54b636f1)

Code extracted from:

    https://github.com/curl/curl.git

at commit 54b636f14546d3fde9f9c67c3b32701d78563161 (curl-7_54_1).",[],lib/file.c,second/download/CMake/CMake-old-new/CMake-old-new/Kitware_CMake_old_file_21.cpp,second/download/CMake/CMake-old-new/CMake-old-new/Kitware_CMake_new_file_21.cpp,second/download/CMake/CMake-old-new/CMake-old-new/Kitware_CMake_patch_21.cpp
06d6d6c4aee149cd6560b919ef6935ef0867d921,"curl 2017-06-14 (54b636f1)

Code extracted from:

    https://github.com/curl/curl.git

at commit 54b636f14546d3fde9f9c67c3b32701d78563161 (curl-7_54_1).",[],lib/ftp.c,second/download/CMake/CMake-old-new/CMake-old-new/Kitware_CMake_old_file_22.cpp,second/download/CMake/CMake-old-new/CMake-old-new/Kitware_CMake_new_file_22.cpp,second/download/CMake/CMake-old-new/CMake-old-new/Kitware_CMake_patch_22.cpp
06d6d6c4aee149cd6560b919ef6935ef0867d921,"curl 2017-06-14 (54b636f1)

Code extracted from:

    https://github.com/curl/curl.git

at commit 54b636f14546d3fde9f9c67c3b32701d78563161 (curl-7_54_1).",[],lib/http.c,second/download/CMake/CMake-old-new/CMake-old-new/Kitware_CMake_old_file_23.cpp,second/download/CMake/CMake-old-new/CMake-old-new/Kitware_CMake_new_file_23.cpp,second/download/CMake/CMake-old-new/CMake-old-new/Kitware_CMake_patch_23.cpp
06d6d6c4aee149cd6560b919ef6935ef0867d921,"curl 2017-06-14 (54b636f1)

Code extracted from:

    https://github.com/curl/curl.git

at commit 54b636f14546d3fde9f9c67c3b32701d78563161 (curl-7_54_1).",[],lib/sendf.c,second/download/CMake/CMake-old-new/CMake-old-new/Kitware_CMake_old_file_24.cpp,second/download/CMake/CMake-old-new/CMake-old-new/Kitware_CMake_new_file_24.cpp,second/download/CMake/CMake-old-new/CMake-old-new/Kitware_CMake_patch_24.cpp
06d6d6c4aee149cd6560b919ef6935ef0867d921,"curl 2017-06-14 (54b636f1)

Code extracted from:

    https://github.com/curl/curl.git

at commit 54b636f14546d3fde9f9c67c3b32701d78563161 (curl-7_54_1).",[],lib/url.c,second/download/CMake/CMake-old-new/CMake-old-new/Kitware_CMake_old_file_25.cpp,second/download/CMake/CMake-old-new/CMake-old-new/Kitware_CMake_new_file_25.cpp,second/download/CMake/CMake-old-new/CMake-old-new/Kitware_CMake_patch_25.cpp
06d6d6c4aee149cd6560b919ef6935ef0867d921,"curl 2017-06-14 (54b636f1)

Code extracted from:

    https://github.com/curl/curl.git

at commit 54b636f14546d3fde9f9c67c3b32701d78563161 (curl-7_54_1).",[],lib/vauth/digest.c,second/download/CMake/CMake-old-new/CMake-old-new/Kitware_CMake_old_file_26.cpp,second/download/CMake/CMake-old-new/CMake-old-new/Kitware_CMake_new_file_26.cpp,second/download/CMake/CMake-old-new/CMake-old-new/Kitware_CMake_patch_26.cpp
06d6d6c4aee149cd6560b919ef6935ef0867d921,"curl 2017-06-14 (54b636f1)

Code extracted from:

    https://github.com/curl/curl.git

at commit 54b636f14546d3fde9f9c67c3b32701d78563161 (curl-7_54_1).",[],lib/vtls/gtls.c,second/download/CMake/CMake-old-new/CMake-old-new/Kitware_CMake_old_file_27.cpp,second/download/CMake/CMake-old-new/CMake-old-new/Kitware_CMake_new_file_27.cpp,second/download/CMake/CMake-old-new/CMake-old-new/Kitware_CMake_patch_27.cpp
d6051ca39e2ac8e5afc8f6308fd1bda7d1e8c17b,"execute_process: Add option to get results of every child

Add a `RESULTS_VARIABLE` option to get the results of all children
in a pipeline of one or more `COMMAND`s.",[],Source/cmExecuteProcessCommand.cxx,second/download/CMake/CMake-old-new/CMake-old-new/Kitware_CMake_old_file_28.cpp,second/download/CMake/CMake-old-new/CMake-old-new/Kitware_CMake_new_file_28.cpp,second/download/CMake/CMake-old-new/CMake-old-new/Kitware_CMake_patch_28.cpp
16ebd9f6152fedd1804f13c91ed14e8963e53d3f,"Merge branch 'upstream-KWSys' into update-kwsys

* upstream-KWSys:
  KWSys 2017-05-16 (fe1f22ce)",[],Source/kwsys/ProcessUNIX.c,second/download/CMake/CMake-old-new/CMake-old-new/Kitware_CMake_old_file_29.cpp,second/download/CMake/CMake-old-new/CMake-old-new/Kitware_CMake_new_file_29.cpp,second/download/CMake/CMake-old-new/CMake-old-new/Kitware_CMake_patch_29.cpp
16ebd9f6152fedd1804f13c91ed14e8963e53d3f,"Merge branch 'upstream-KWSys' into update-kwsys

* upstream-KWSys:
  KWSys 2017-05-16 (fe1f22ce)",[],Source/kwsys/ProcessWin32.c,second/download/CMake/CMake-old-new/CMake-old-new/Kitware_CMake_old_file_30.cpp,second/download/CMake/CMake-old-new/CMake-old-new/Kitware_CMake_new_file_30.cpp,second/download/CMake/CMake-old-new/CMake-old-new/Kitware_CMake_patch_30.cpp
16ebd9f6152fedd1804f13c91ed14e8963e53d3f,"Merge branch 'upstream-KWSys' into update-kwsys

* upstream-KWSys:
  KWSys 2017-05-16 (fe1f22ce)",[],Source/kwsys/Terminal.c,second/download/CMake/CMake-old-new/CMake-old-new/Kitware_CMake_old_file_31.cpp,second/download/CMake/CMake-old-new/CMake-old-new/Kitware_CMake_new_file_31.cpp,second/download/CMake/CMake-old-new/CMake-old-new/Kitware_CMake_patch_31.cpp
7be70ca6cc888df532d2f1560e74d13642730ee5,"KWSys 2017-05-16 (fe1f22ce)

Code extracted from:

    https://gitlab.kitware.com/utils/kwsys.git

at commit fe1f22ceefdae18df33e5bab8483fec7a82d4cee (master).

Upstream Shortlog
-----------------

Adam Weisi (3):
      8a799e36 Process: Improve definition ordering in header file
      7d56ef24 Process: Save results from all children internally
      b7eba998 Process: Add APIs to get results of individual processes

Ben Boeckel (2):
      cea71543 style: remove separator comments
      874dc559 style: help clang-format near macros",[],ProcessUNIX.c,second/download/CMake/CMake-old-new/CMake-old-new/Kitware_CMake_old_file_32.cpp,second/download/CMake/CMake-old-new/CMake-old-new/Kitware_CMake_new_file_32.cpp,second/download/CMake/CMake-old-new/CMake-old-new/Kitware_CMake_patch_32.cpp
7be70ca6cc888df532d2f1560e74d13642730ee5,"KWSys 2017-05-16 (fe1f22ce)

Code extracted from:

    https://gitlab.kitware.com/utils/kwsys.git

at commit fe1f22ceefdae18df33e5bab8483fec7a82d4cee (master).

Upstream Shortlog
-----------------

Adam Weisi (3):
      8a799e36 Process: Improve definition ordering in header file
      7d56ef24 Process: Save results from all children internally
      b7eba998 Process: Add APIs to get results of individual processes

Ben Boeckel (2):
      cea71543 style: remove separator comments
      874dc559 style: help clang-format near macros",[],ProcessWin32.c,second/download/CMake/CMake-old-new/CMake-old-new/Kitware_CMake_old_file_33.cpp,second/download/CMake/CMake-old-new/CMake-old-new/Kitware_CMake_new_file_33.cpp,second/download/CMake/CMake-old-new/CMake-old-new/Kitware_CMake_patch_33.cpp
7be70ca6cc888df532d2f1560e74d13642730ee5,"KWSys 2017-05-16 (fe1f22ce)

Code extracted from:

    https://gitlab.kitware.com/utils/kwsys.git

at commit fe1f22ceefdae18df33e5bab8483fec7a82d4cee (master).

Upstream Shortlog
-----------------

Adam Weisi (3):
      8a799e36 Process: Improve definition ordering in header file
      7d56ef24 Process: Save results from all children internally
      b7eba998 Process: Add APIs to get results of individual processes

Ben Boeckel (2):
      cea71543 style: remove separator comments
      874dc559 style: help clang-format near macros",[],Terminal.c,second/download/CMake/CMake-old-new/CMake-old-new/Kitware_CMake_old_file_34.cpp,second/download/CMake/CMake-old-new/CMake-old-new/Kitware_CMake_new_file_34.cpp,second/download/CMake/CMake-old-new/CMake-old-new/Kitware_CMake_patch_34.cpp
299975908ada992800791fac7f3739050e0ae2a9,"Merge branch 'upstream-curl' into update-curl

* upstream-curl:
  curl 2017-04-19 (d957e218)

Resolve conflicts in `CMakeLists.txt` in favor of the upstream version.
We will re-apply our logic as needed in following commits.",[],Utilities/cmcurl/lib/conncache.c,second/download/CMake/CMake-old-new/CMake-old-new/Kitware_CMake_old_file_35.cpp,second/download/CMake/CMake-old-new/CMake-old-new/Kitware_CMake_new_file_35.cpp,second/download/CMake/CMake-old-new/CMake-old-new/Kitware_CMake_patch_35.cpp
299975908ada992800791fac7f3739050e0ae2a9,"Merge branch 'upstream-curl' into update-curl

* upstream-curl:
  curl 2017-04-19 (d957e218)

Resolve conflicts in `CMakeLists.txt` in favor of the upstream version.
We will re-apply our logic as needed in following commits.",[],Utilities/cmcurl/lib/file.c,second/download/CMake/CMake-old-new/CMake-old-new/Kitware_CMake_old_file_36.cpp,second/download/CMake/CMake-old-new/CMake-old-new/Kitware_CMake_new_file_36.cpp,second/download/CMake/CMake-old-new/CMake-old-new/Kitware_CMake_patch_36.cpp
299975908ada992800791fac7f3739050e0ae2a9,"Merge branch 'upstream-curl' into update-curl

* upstream-curl:
  curl 2017-04-19 (d957e218)

Resolve conflicts in `CMakeLists.txt` in favor of the upstream version.
We will re-apply our logic as needed in following commits.",[],Utilities/cmcurl/lib/ftp.c,second/download/CMake/CMake-old-new/CMake-old-new/Kitware_CMake_old_file_37.cpp,second/download/CMake/CMake-old-new/CMake-old-new/Kitware_CMake_new_file_37.cpp,second/download/CMake/CMake-old-new/CMake-old-new/Kitware_CMake_patch_37.cpp
299975908ada992800791fac7f3739050e0ae2a9,"Merge branch 'upstream-curl' into update-curl

* upstream-curl:
  curl 2017-04-19 (d957e218)

Resolve conflicts in `CMakeLists.txt` in favor of the upstream version.
We will re-apply our logic as needed in following commits.",[],Utilities/cmcurl/lib/http.c,second/download/CMake/CMake-old-new/CMake-old-new/Kitware_CMake_old_file_38.cpp,second/download/CMake/CMake-old-new/CMake-old-new/Kitware_CMake_new_file_38.cpp,second/download/CMake/CMake-old-new/CMake-old-new/Kitware_CMake_patch_38.cpp
299975908ada992800791fac7f3739050e0ae2a9,"Merge branch 'upstream-curl' into update-curl

* upstream-curl:
  curl 2017-04-19 (d957e218)

Resolve conflicts in `CMakeLists.txt` in favor of the upstream version.
We will re-apply our logic as needed in following commits.",[],Utilities/cmcurl/lib/mprintf.c,second/download/CMake/CMake-old-new/CMake-old-new/Kitware_CMake_old_file_39.cpp,second/download/CMake/CMake-old-new/CMake-old-new/Kitware_CMake_new_file_39.cpp,second/download/CMake/CMake-old-new/CMake-old-new/Kitware_CMake_patch_39.cpp
299975908ada992800791fac7f3739050e0ae2a9,"Merge branch 'upstream-curl' into update-curl

* upstream-curl:
  curl 2017-04-19 (d957e218)

Resolve conflicts in `CMakeLists.txt` in favor of the upstream version.
We will re-apply our logic as needed in following commits.",[],Utilities/cmcurl/lib/url.c,second/download/CMake/CMake-old-new/CMake-old-new/Kitware_CMake_old_file_40.cpp,second/download/CMake/CMake-old-new/CMake-old-new/Kitware_CMake_new_file_40.cpp,second/download/CMake/CMake-old-new/CMake-old-new/Kitware_CMake_patch_40.cpp
299975908ada992800791fac7f3739050e0ae2a9,"Merge branch 'upstream-curl' into update-curl

* upstream-curl:
  curl 2017-04-19 (d957e218)

Resolve conflicts in `CMakeLists.txt` in favor of the upstream version.
We will re-apply our logic as needed in following commits.",[],Utilities/cmcurl/lib/vtls/axtls.c,second/download/CMake/CMake-old-new/CMake-old-new/Kitware_CMake_old_file_41.cpp,second/download/CMake/CMake-old-new/CMake-old-new/Kitware_CMake_new_file_41.cpp,second/download/CMake/CMake-old-new/CMake-old-new/Kitware_CMake_patch_41.cpp
299975908ada992800791fac7f3739050e0ae2a9,"Merge branch 'upstream-curl' into update-curl

* upstream-curl:
  curl 2017-04-19 (d957e218)

Resolve conflicts in `CMakeLists.txt` in favor of the upstream version.
We will re-apply our logic as needed in following commits.",[],Utilities/cmcurl/lib/vtls/cyassl.c,second/download/CMake/CMake-old-new/CMake-old-new/Kitware_CMake_old_file_42.cpp,second/download/CMake/CMake-old-new/CMake-old-new/Kitware_CMake_new_file_42.cpp,second/download/CMake/CMake-old-new/CMake-old-new/Kitware_CMake_patch_42.cpp
299975908ada992800791fac7f3739050e0ae2a9,"Merge branch 'upstream-curl' into update-curl

* upstream-curl:
  curl 2017-04-19 (d957e218)

Resolve conflicts in `CMakeLists.txt` in favor of the upstream version.
We will re-apply our logic as needed in following commits.",[],Utilities/cmcurl/lib/vtls/openssl.c,second/download/CMake/CMake-old-new/CMake-old-new/Kitware_CMake_old_file_43.cpp,second/download/CMake/CMake-old-new/CMake-old-new/Kitware_CMake_new_file_43.cpp,second/download/CMake/CMake-old-new/CMake-old-new/Kitware_CMake_patch_43.cpp
fd7d521c9d70655618db8232d45e5aaf81700f91,"curl 2017-04-19 (d957e218)

Code extracted from:

    https://github.com/curl/curl.git

at commit d957e2189fdc73cef0ff3d1fb58043d354754449 (curl-7_54_0).",[],lib/conncache.c,second/download/CMake/CMake-old-new/CMake-old-new/Kitware_CMake_old_file_44.cpp,second/download/CMake/CMake-old-new/CMake-old-new/Kitware_CMake_new_file_44.cpp,second/download/CMake/CMake-old-new/CMake-old-new/Kitware_CMake_patch_44.cpp
fd7d521c9d70655618db8232d45e5aaf81700f91,"curl 2017-04-19 (d957e218)

Code extracted from:

    https://github.com/curl/curl.git

at commit d957e2189fdc73cef0ff3d1fb58043d354754449 (curl-7_54_0).",[],lib/file.c,second/download/CMake/CMake-old-new/CMake-old-new/Kitware_CMake_old_file_45.cpp,second/download/CMake/CMake-old-new/CMake-old-new/Kitware_CMake_new_file_45.cpp,second/download/CMake/CMake-old-new/CMake-old-new/Kitware_CMake_patch_45.cpp
fd7d521c9d70655618db8232d45e5aaf81700f91,"curl 2017-04-19 (d957e218)

Code extracted from:

    https://github.com/curl/curl.git

at commit d957e2189fdc73cef0ff3d1fb58043d354754449 (curl-7_54_0).",[],lib/ftp.c,second/download/CMake/CMake-old-new/CMake-old-new/Kitware_CMake_old_file_46.cpp,second/download/CMake/CMake-old-new/CMake-old-new/Kitware_CMake_new_file_46.cpp,second/download/CMake/CMake-old-new/CMake-old-new/Kitware_CMake_patch_46.cpp
fd7d521c9d70655618db8232d45e5aaf81700f91,"curl 2017-04-19 (d957e218)

Code extracted from:

    https://github.com/curl/curl.git

at commit d957e2189fdc73cef0ff3d1fb58043d354754449 (curl-7_54_0).",[],lib/http.c,second/download/CMake/CMake-old-new/CMake-old-new/Kitware_CMake_old_file_47.cpp,second/download/CMake/CMake-old-new/CMake-old-new/Kitware_CMake_new_file_47.cpp,second/download/CMake/CMake-old-new/CMake-old-new/Kitware_CMake_patch_47.cpp
fd7d521c9d70655618db8232d45e5aaf81700f91,"curl 2017-04-19 (d957e218)

Code extracted from:

    https://github.com/curl/curl.git

at commit d957e2189fdc73cef0ff3d1fb58043d354754449 (curl-7_54_0).",[],lib/mprintf.c,second/download/CMake/CMake-old-new/CMake-old-new/Kitware_CMake_old_file_48.cpp,second/download/CMake/CMake-old-new/CMake-old-new/Kitware_CMake_new_file_48.cpp,second/download/CMake/CMake-old-new/CMake-old-new/Kitware_CMake_patch_48.cpp
fd7d521c9d70655618db8232d45e5aaf81700f91,"curl 2017-04-19 (d957e218)

Code extracted from:

    https://github.com/curl/curl.git

at commit d957e2189fdc73cef0ff3d1fb58043d354754449 (curl-7_54_0).",[],lib/url.c,second/download/CMake/CMake-old-new/CMake-old-new/Kitware_CMake_old_file_49.cpp,second/download/CMake/CMake-old-new/CMake-old-new/Kitware_CMake_new_file_49.cpp,second/download/CMake/CMake-old-new/CMake-old-new/Kitware_CMake_patch_49.cpp
fd7d521c9d70655618db8232d45e5aaf81700f91,"curl 2017-04-19 (d957e218)

Code extracted from:

    https://github.com/curl/curl.git

at commit d957e2189fdc73cef0ff3d1fb58043d354754449 (curl-7_54_0).",[],lib/vtls/axtls.c,second/download/CMake/CMake-old-new/CMake-old-new/Kitware_CMake_old_file_50.cpp,second/download/CMake/CMake-old-new/CMake-old-new/Kitware_CMake_new_file_50.cpp,second/download/CMake/CMake-old-new/CMake-old-new/Kitware_CMake_patch_50.cpp
fd7d521c9d70655618db8232d45e5aaf81700f91,"curl 2017-04-19 (d957e218)

Code extracted from:

    https://github.com/curl/curl.git

at commit d957e2189fdc73cef0ff3d1fb58043d354754449 (curl-7_54_0).",[],lib/vtls/cyassl.c,second/download/CMake/CMake-old-new/CMake-old-new/Kitware_CMake_old_file_51.cpp,second/download/CMake/CMake-old-new/CMake-old-new/Kitware_CMake_new_file_51.cpp,second/download/CMake/CMake-old-new/CMake-old-new/Kitware_CMake_patch_51.cpp
fd7d521c9d70655618db8232d45e5aaf81700f91,"curl 2017-04-19 (d957e218)

Code extracted from:

    https://github.com/curl/curl.git

at commit d957e2189fdc73cef0ff3d1fb58043d354754449 (curl-7_54_0).",[],lib/vtls/openssl.c,second/download/CMake/CMake-old-new/CMake-old-new/Kitware_CMake_old_file_52.cpp,second/download/CMake/CMake-old-new/CMake-old-new/Kitware_CMake_new_file_52.cpp,second/download/CMake/CMake-old-new/CMake-old-new/Kitware_CMake_patch_52.cpp
48fa291469e5e8b3ae88fb846750df72468eb58a,"bindexplib: add ARM support

Fixes: #16728",[u'https://gitlab.kitware.com/cmake/cmake/issues/16728'],Source/bindexplib.cxx,second/download/CMake/CMake-old-new/CMake-old-new/Kitware_CMake_old_file_53.cpp,second/download/CMake/CMake-old-new/CMake-old-new/Kitware_CMake_new_file_53.cpp,second/download/CMake/CMake-old-new/CMake-old-new/Kitware_CMake_patch_53.cpp
7a8860afbc614f2215e083adadb25963fe8f4dfe,bindexplib: clang-format,[],Source/bindexplib.cxx,second/download/CMake/CMake-old-new/CMake-old-new/Kitware_CMake_old_file_54.cpp,second/download/CMake/CMake-old-new/CMake-old-new/Kitware_CMake_new_file_54.cpp,second/download/CMake/CMake-old-new/CMake-old-new/Kitware_CMake_patch_54.cpp
62d0e22325d36e5f9d61ccfbef0d68cfe1935f1b,"Merge branch 'upstream-LibArchive' into update-libarchive

* upstream-LibArchive:
  LibArchive 2017-02-25 (d6b1bb9f)",[],Utilities/cmlibarchive/libarchive/archive_read_disk_posix.c,second/download/CMake/CMake-old-new/CMake-old-new/Kitware_CMake_old_file_55.cpp,second/download/CMake/CMake-old-new/CMake-old-new/Kitware_CMake_new_file_55.cpp,second/download/CMake/CMake-old-new/CMake-old-new/Kitware_CMake_patch_55.cpp
62d0e22325d36e5f9d61ccfbef0d68cfe1935f1b,"Merge branch 'upstream-LibArchive' into update-libarchive

* upstream-LibArchive:
  LibArchive 2017-02-25 (d6b1bb9f)",[],Utilities/cmlibarchive/libarchive/archive_read_disk_windows.c,second/download/CMake/CMake-old-new/CMake-old-new/Kitware_CMake_old_file_56.cpp,second/download/CMake/CMake-old-new/CMake-old-new/Kitware_CMake_new_file_56.cpp,second/download/CMake/CMake-old-new/CMake-old-new/Kitware_CMake_patch_56.cpp
059aa805c9c0cb34c92eb69abf66febc40ab62db,"LibArchive 2017-02-25 (d6b1bb9f)

Code extracted from:

    https://github.com/libarchive/libarchive.git

at commit d6b1bb9f7ea7bc153b7356e8e345c9e48005821a (v3.3.1).",[],libarchive/archive_read_disk_posix.c,second/download/CMake/CMake-old-new/CMake-old-new/Kitware_CMake_old_file_57.cpp,second/download/CMake/CMake-old-new/CMake-old-new/Kitware_CMake_new_file_57.cpp,second/download/CMake/CMake-old-new/CMake-old-new/Kitware_CMake_patch_57.cpp
059aa805c9c0cb34c92eb69abf66febc40ab62db,"LibArchive 2017-02-25 (d6b1bb9f)

Code extracted from:

    https://github.com/libarchive/libarchive.git

at commit d6b1bb9f7ea7bc153b7356e8e345c9e48005821a (v3.3.1).",[],libarchive/archive_read_disk_windows.c,second/download/CMake/CMake-old-new/CMake-old-new/Kitware_CMake_old_file_58.cpp,second/download/CMake/CMake-old-new/CMake-old-new/Kitware_CMake_new_file_58.cpp,second/download/CMake/CMake-old-new/CMake-old-new/Kitware_CMake_patch_58.cpp
a59a7ee95601f3496ec9ba9ae1283a8d980460bf,"Merge branch 'upstream-LibArchive' into update-libarchive

* upstream-LibArchive:
  LibArchive 2017-02-19 (100ee75a)",[],Utilities/cmlibarchive/libarchive/archive_read_disk_entry_from_file.c,second/download/CMake/CMake-old-new/CMake-old-new/Kitware_CMake_old_file_59.cpp,second/download/CMake/CMake-old-new/CMake-old-new/Kitware_CMake_new_file_59.cpp,second/download/CMake/CMake-old-new/CMake-old-new/Kitware_CMake_patch_59.cpp
a59a7ee95601f3496ec9ba9ae1283a8d980460bf,"Merge branch 'upstream-LibArchive' into update-libarchive

* upstream-LibArchive:
  LibArchive 2017-02-19 (100ee75a)",[],Utilities/cmlibarchive/libarchive/archive_read_disk_posix.c,second/download/CMake/CMake-old-new/CMake-old-new/Kitware_CMake_old_file_60.cpp,second/download/CMake/CMake-old-new/CMake-old-new/Kitware_CMake_new_file_60.cpp,second/download/CMake/CMake-old-new/CMake-old-new/Kitware_CMake_patch_60.cpp
a59a7ee95601f3496ec9ba9ae1283a8d980460bf,"Merge branch 'upstream-LibArchive' into update-libarchive

* upstream-LibArchive:
  LibArchive 2017-02-19 (100ee75a)",[],Utilities/cmlibarchive/libarchive/archive_read_disk_windows.c,second/download/CMake/CMake-old-new/CMake-old-new/Kitware_CMake_old_file_61.cpp,second/download/CMake/CMake-old-new/CMake-old-new/Kitware_CMake_new_file_61.cpp,second/download/CMake/CMake-old-new/CMake-old-new/Kitware_CMake_patch_61.cpp
a59a7ee95601f3496ec9ba9ae1283a8d980460bf,"Merge branch 'upstream-LibArchive' into update-libarchive

* upstream-LibArchive:
  LibArchive 2017-02-19 (100ee75a)",[],Utilities/cmlibarchive/libarchive/archive_read_open_filename.c,second/download/CMake/CMake-old-new/CMake-old-new/Kitware_CMake_old_file_62.cpp,second/download/CMake/CMake-old-new/CMake-old-new/Kitware_CMake_new_file_62.cpp,second/download/CMake/CMake-old-new/CMake-old-new/Kitware_CMake_patch_62.cpp
a59a7ee95601f3496ec9ba9ae1283a8d980460bf,"Merge branch 'upstream-LibArchive' into update-libarchive

* upstream-LibArchive:
  LibArchive 2017-02-19 (100ee75a)",[],Utilities/cmlibarchive/libarchive/archive_read_support_filter_lz4.c,second/download/CMake/CMake-old-new/CMake-old-new/Kitware_CMake_old_file_63.cpp,second/download/CMake/CMake-old-new/CMake-old-new/Kitware_CMake_new_file_63.cpp,second/download/CMake/CMake-old-new/CMake-old-new/Kitware_CMake_patch_63.cpp
a59a7ee95601f3496ec9ba9ae1283a8d980460bf,"Merge branch 'upstream-LibArchive' into update-libarchive

* upstream-LibArchive:
  LibArchive 2017-02-19 (100ee75a)",[],Utilities/cmlibarchive/libarchive/archive_read_support_filter_program.c,second/download/CMake/CMake-old-new/CMake-old-new/Kitware_CMake_old_file_64.cpp,second/download/CMake/CMake-old-new/CMake-old-new/Kitware_CMake_new_file_64.cpp,second/download/CMake/CMake-old-new/CMake-old-new/Kitware_CMake_patch_64.cpp
a59a7ee95601f3496ec9ba9ae1283a8d980460bf,"Merge branch 'upstream-LibArchive' into update-libarchive

* upstream-LibArchive:
  LibArchive 2017-02-19 (100ee75a)",[],Utilities/cmlibarchive/libarchive/archive_read_support_filter_xz.c,second/download/CMake/CMake-old-new/CMake-old-new/Kitware_CMake_old_file_65.cpp,second/download/CMake/CMake-old-new/CMake-old-new/Kitware_CMake_new_file_65.cpp,second/download/CMake/CMake-old-new/CMake-old-new/Kitware_CMake_patch_65.cpp
a59a7ee95601f3496ec9ba9ae1283a8d980460bf,"Merge branch 'upstream-LibArchive' into update-libarchive

* upstream-LibArchive:
  LibArchive 2017-02-19 (100ee75a)",[],Utilities/cmlibarchive/libarchive/archive_read_support_format_ar.c,second/download/CMake/CMake-old-new/CMake-old-new/Kitware_CMake_old_file_66.cpp,second/download/CMake/CMake-old-new/CMake-old-new/Kitware_CMake_new_file_66.cpp,second/download/CMake/CMake-old-new/CMake-old-new/Kitware_CMake_patch_66.cpp
a59a7ee95601f3496ec9ba9ae1283a8d980460bf,"Merge branch 'upstream-LibArchive' into update-libarchive

* upstream-LibArchive:
  LibArchive 2017-02-19 (100ee75a)",[],Utilities/cmlibarchive/libarchive/archive_read_support_format_cpio.c,second/download/CMake/CMake-old-new/CMake-old-new/Kitware_CMake_old_file_67.cpp,second/download/CMake/CMake-old-new/CMake-old-new/Kitware_CMake_new_file_67.cpp,second/download/CMake/CMake-old-new/CMake-old-new/Kitware_CMake_patch_67.cpp
a59a7ee95601f3496ec9ba9ae1283a8d980460bf,"Merge branch 'upstream-LibArchive' into update-libarchive

* upstream-LibArchive:
  LibArchive 2017-02-19 (100ee75a)",[],Utilities/cmlibarchive/libarchive/archive_read_support_format_iso9660.c,second/download/CMake/CMake-old-new/CMake-old-new/Kitware_CMake_old_file_68.cpp,second/download/CMake/CMake-old-new/CMake-old-new/Kitware_CMake_new_file_68.cpp,second/download/CMake/CMake-old-new/CMake-old-new/Kitware_CMake_patch_68.cpp
a59a7ee95601f3496ec9ba9ae1283a8d980460bf,"Merge branch 'upstream-LibArchive' into update-libarchive

* upstream-LibArchive:
  LibArchive 2017-02-19 (100ee75a)",[],Utilities/cmlibarchive/libarchive/archive_read_support_format_lha.c,second/download/CMake/CMake-old-new/CMake-old-new/Kitware_CMake_old_file_69.cpp,second/download/CMake/CMake-old-new/CMake-old-new/Kitware_CMake_new_file_69.cpp,second/download/CMake/CMake-old-new/CMake-old-new/Kitware_CMake_patch_69.cpp
a59a7ee95601f3496ec9ba9ae1283a8d980460bf,"Merge branch 'upstream-LibArchive' into update-libarchive

* upstream-LibArchive:
  LibArchive 2017-02-19 (100ee75a)",[],Utilities/cmlibarchive/libarchive/archive_read_support_format_mtree.c,second/download/CMake/CMake-old-new/CMake-old-new/Kitware_CMake_old_file_70.cpp,second/download/CMake/CMake-old-new/CMake-old-new/Kitware_CMake_new_file_70.cpp,second/download/CMake/CMake-old-new/CMake-old-new/Kitware_CMake_patch_70.cpp
a59a7ee95601f3496ec9ba9ae1283a8d980460bf,"Merge branch 'upstream-LibArchive' into update-libarchive

* upstream-LibArchive:
  LibArchive 2017-02-19 (100ee75a)",[],Utilities/cmlibarchive/libarchive/archive_read_support_format_rar.c,second/download/CMake/CMake-old-new/CMake-old-new/Kitware_CMake_old_file_71.cpp,second/download/CMake/CMake-old-new/CMake-old-new/Kitware_CMake_new_file_71.cpp,second/download/CMake/CMake-old-new/CMake-old-new/Kitware_CMake_patch_71.cpp
a59a7ee95601f3496ec9ba9ae1283a8d980460bf,"Merge branch 'upstream-LibArchive' into update-libarchive

* upstream-LibArchive:
  LibArchive 2017-02-19 (100ee75a)",[],Utilities/cmlibarchive/libarchive/archive_read_support_format_tar.c,second/download/CMake/CMake-old-new/CMake-old-new/Kitware_CMake_old_file_72.cpp,second/download/CMake/CMake-old-new/CMake-old-new/Kitware_CMake_new_file_72.cpp,second/download/CMake/CMake-old-new/CMake-old-new/Kitware_CMake_patch_72.cpp
a59a7ee95601f3496ec9ba9ae1283a8d980460bf,"Merge branch 'upstream-LibArchive' into update-libarchive

* upstream-LibArchive:
  LibArchive 2017-02-19 (100ee75a)",[],Utilities/cmlibarchive/libarchive/archive_read_support_format_warc.c,second/download/CMake/CMake-old-new/CMake-old-new/Kitware_CMake_old_file_73.cpp,second/download/CMake/CMake-old-new/CMake-old-new/Kitware_CMake_new_file_73.cpp,second/download/CMake/CMake-old-new/CMake-old-new/Kitware_CMake_patch_73.cpp
a59a7ee95601f3496ec9ba9ae1283a8d980460bf,"Merge branch 'upstream-LibArchive' into update-libarchive

* upstream-LibArchive:
  LibArchive 2017-02-19 (100ee75a)",[],Utilities/cmlibarchive/libarchive/archive_read_support_format_xar.c,second/download/CMake/CMake-old-new/CMake-old-new/Kitware_CMake_old_file_74.cpp,second/download/CMake/CMake-old-new/CMake-old-new/Kitware_CMake_new_file_74.cpp,second/download/CMake/CMake-old-new/CMake-old-new/Kitware_CMake_patch_74.cpp
a59a7ee95601f3496ec9ba9ae1283a8d980460bf,"Merge branch 'upstream-LibArchive' into update-libarchive

* upstream-LibArchive:
  LibArchive 2017-02-19 (100ee75a)",[],Utilities/cmlibarchive/libarchive/archive_read_support_format_zip.c,second/download/CMake/CMake-old-new/CMake-old-new/Kitware_CMake_old_file_75.cpp,second/download/CMake/CMake-old-new/CMake-old-new/Kitware_CMake_new_file_75.cpp,second/download/CMake/CMake-old-new/CMake-old-new/Kitware_CMake_patch_75.cpp
a59a7ee95601f3496ec9ba9ae1283a8d980460bf,"Merge branch 'upstream-LibArchive' into update-libarchive

* upstream-LibArchive:
  LibArchive 2017-02-19 (100ee75a)",[],Utilities/cmlibarchive/libarchive/archive_write_disk_posix.c,second/download/CMake/CMake-old-new/CMake-old-new/Kitware_CMake_old_file_76.cpp,second/download/CMake/CMake-old-new/CMake-old-new/Kitware_CMake_new_file_76.cpp,second/download/CMake/CMake-old-new/CMake-old-new/Kitware_CMake_patch_76.cpp
a59a7ee95601f3496ec9ba9ae1283a8d980460bf,"Merge branch 'upstream-LibArchive' into update-libarchive

* upstream-LibArchive:
  LibArchive 2017-02-19 (100ee75a)",[],Utilities/cmlibarchive/libarchive/archive_write_set_format_cpio_newc.c,second/download/CMake/CMake-old-new/CMake-old-new/Kitware_CMake_old_file_77.cpp,second/download/CMake/CMake-old-new/CMake-old-new/Kitware_CMake_new_file_77.cpp,second/download/CMake/CMake-old-new/CMake-old-new/Kitware_CMake_patch_77.cpp
a59a7ee95601f3496ec9ba9ae1283a8d980460bf,"Merge branch 'upstream-LibArchive' into update-libarchive

* upstream-LibArchive:
  LibArchive 2017-02-19 (100ee75a)",[],Utilities/cmlibarchive/libarchive/archive_write_set_format_pax.c,second/download/CMake/CMake-old-new/CMake-old-new/Kitware_CMake_old_file_78.cpp,second/download/CMake/CMake-old-new/CMake-old-new/Kitware_CMake_new_file_78.cpp,second/download/CMake/CMake-old-new/CMake-old-new/Kitware_CMake_patch_78.cpp
a59a7ee95601f3496ec9ba9ae1283a8d980460bf,"Merge branch 'upstream-LibArchive' into update-libarchive

* upstream-LibArchive:
  LibArchive 2017-02-19 (100ee75a)",[],Utilities/cmlibarchive/libarchive/archive_write_set_format_ustar.c,second/download/CMake/CMake-old-new/CMake-old-new/Kitware_CMake_old_file_79.cpp,second/download/CMake/CMake-old-new/CMake-old-new/Kitware_CMake_new_file_79.cpp,second/download/CMake/CMake-old-new/CMake-old-new/Kitware_CMake_patch_79.cpp
a59a7ee95601f3496ec9ba9ae1283a8d980460bf,"Merge branch 'upstream-LibArchive' into update-libarchive

* upstream-LibArchive:
  LibArchive 2017-02-19 (100ee75a)",[],Utilities/cmlibarchive/libarchive/archive_write_set_format_v7tar.c,second/download/CMake/CMake-old-new/CMake-old-new/Kitware_CMake_old_file_80.cpp,second/download/CMake/CMake-old-new/CMake-old-new/Kitware_CMake_new_file_80.cpp,second/download/CMake/CMake-old-new/CMake-old-new/Kitware_CMake_patch_80.cpp
c206211af647dd1f7039da91c34c9c72e50aefdf,"LibArchive 2017-02-19 (100ee75a)

Code extracted from:

    https://github.com/libarchive/libarchive.git

at commit 100ee75a01f1f785fc681f616db49a33405f8bf3 (v3.3.0).",[],libarchive/archive_read_disk_entry_from_file.c,second/download/CMake/CMake-old-new/CMake-old-new/Kitware_CMake_old_file_81.cpp,second/download/CMake/CMake-old-new/CMake-old-new/Kitware_CMake_new_file_81.cpp,second/download/CMake/CMake-old-new/CMake-old-new/Kitware_CMake_patch_81.cpp
c206211af647dd1f7039da91c34c9c72e50aefdf,"LibArchive 2017-02-19 (100ee75a)

Code extracted from:

    https://github.com/libarchive/libarchive.git

at commit 100ee75a01f1f785fc681f616db49a33405f8bf3 (v3.3.0).",[],libarchive/archive_read_disk_posix.c,second/download/CMake/CMake-old-new/CMake-old-new/Kitware_CMake_old_file_82.cpp,second/download/CMake/CMake-old-new/CMake-old-new/Kitware_CMake_new_file_82.cpp,second/download/CMake/CMake-old-new/CMake-old-new/Kitware_CMake_patch_82.cpp
c206211af647dd1f7039da91c34c9c72e50aefdf,"LibArchive 2017-02-19 (100ee75a)

Code extracted from:

    https://github.com/libarchive/libarchive.git

at commit 100ee75a01f1f785fc681f616db49a33405f8bf3 (v3.3.0).",[],libarchive/archive_read_disk_windows.c,second/download/CMake/CMake-old-new/CMake-old-new/Kitware_CMake_old_file_83.cpp,second/download/CMake/CMake-old-new/CMake-old-new/Kitware_CMake_new_file_83.cpp,second/download/CMake/CMake-old-new/CMake-old-new/Kitware_CMake_patch_83.cpp
c206211af647dd1f7039da91c34c9c72e50aefdf,"LibArchive 2017-02-19 (100ee75a)

Code extracted from:

    https://github.com/libarchive/libarchive.git

at commit 100ee75a01f1f785fc681f616db49a33405f8bf3 (v3.3.0).",[],libarchive/archive_read_open_filename.c,second/download/CMake/CMake-old-new/CMake-old-new/Kitware_CMake_old_file_84.cpp,second/download/CMake/CMake-old-new/CMake-old-new/Kitware_CMake_new_file_84.cpp,second/download/CMake/CMake-old-new/CMake-old-new/Kitware_CMake_patch_84.cpp
c206211af647dd1f7039da91c34c9c72e50aefdf,"LibArchive 2017-02-19 (100ee75a)

Code extracted from:

    https://github.com/libarchive/libarchive.git

at commit 100ee75a01f1f785fc681f616db49a33405f8bf3 (v3.3.0).",[],libarchive/archive_read_support_filter_lz4.c,second/download/CMake/CMake-old-new/CMake-old-new/Kitware_CMake_old_file_85.cpp,second/download/CMake/CMake-old-new/CMake-old-new/Kitware_CMake_new_file_85.cpp,second/download/CMake/CMake-old-new/CMake-old-new/Kitware_CMake_patch_85.cpp
c206211af647dd1f7039da91c34c9c72e50aefdf,"LibArchive 2017-02-19 (100ee75a)

Code extracted from:

    https://github.com/libarchive/libarchive.git

at commit 100ee75a01f1f785fc681f616db49a33405f8bf3 (v3.3.0).",[],libarchive/archive_read_support_filter_program.c,second/download/CMake/CMake-old-new/CMake-old-new/Kitware_CMake_old_file_86.cpp,second/download/CMake/CMake-old-new/CMake-old-new/Kitware_CMake_new_file_86.cpp,second/download/CMake/CMake-old-new/CMake-old-new/Kitware_CMake_patch_86.cpp
c206211af647dd1f7039da91c34c9c72e50aefdf,"LibArchive 2017-02-19 (100ee75a)

Code extracted from:

    https://github.com/libarchive/libarchive.git

at commit 100ee75a01f1f785fc681f616db49a33405f8bf3 (v3.3.0).",[],libarchive/archive_read_support_filter_xz.c,second/download/CMake/CMake-old-new/CMake-old-new/Kitware_CMake_old_file_87.cpp,second/download/CMake/CMake-old-new/CMake-old-new/Kitware_CMake_new_file_87.cpp,second/download/CMake/CMake-old-new/CMake-old-new/Kitware_CMake_patch_87.cpp
c206211af647dd1f7039da91c34c9c72e50aefdf,"LibArchive 2017-02-19 (100ee75a)

Code extracted from:

    https://github.com/libarchive/libarchive.git

at commit 100ee75a01f1f785fc681f616db49a33405f8bf3 (v3.3.0).",[],libarchive/archive_read_support_format_ar.c,second/download/CMake/CMake-old-new/CMake-old-new/Kitware_CMake_old_file_88.cpp,second/download/CMake/CMake-old-new/CMake-old-new/Kitware_CMake_new_file_88.cpp,second/download/CMake/CMake-old-new/CMake-old-new/Kitware_CMake_patch_88.cpp
c206211af647dd1f7039da91c34c9c72e50aefdf,"LibArchive 2017-02-19 (100ee75a)

Code extracted from:

    https://github.com/libarchive/libarchive.git

at commit 100ee75a01f1f785fc681f616db49a33405f8bf3 (v3.3.0).",[],libarchive/archive_read_support_format_cpio.c,second/download/CMake/CMake-old-new/CMake-old-new/Kitware_CMake_old_file_89.cpp,second/download/CMake/CMake-old-new/CMake-old-new/Kitware_CMake_new_file_89.cpp,second/download/CMake/CMake-old-new/CMake-old-new/Kitware_CMake_patch_89.cpp
c206211af647dd1f7039da91c34c9c72e50aefdf,"LibArchive 2017-02-19 (100ee75a)

Code extracted from:

    https://github.com/libarchive/libarchive.git

at commit 100ee75a01f1f785fc681f616db49a33405f8bf3 (v3.3.0).",[],libarchive/archive_read_support_format_iso9660.c,second/download/CMake/CMake-old-new/CMake-old-new/Kitware_CMake_old_file_90.cpp,second/download/CMake/CMake-old-new/CMake-old-new/Kitware_CMake_new_file_90.cpp,second/download/CMake/CMake-old-new/CMake-old-new/Kitware_CMake_patch_90.cpp
c206211af647dd1f7039da91c34c9c72e50aefdf,"LibArchive 2017-02-19 (100ee75a)

Code extracted from:

    https://github.com/libarchive/libarchive.git

at commit 100ee75a01f1f785fc681f616db49a33405f8bf3 (v3.3.0).",[],libarchive/archive_read_support_format_lha.c,second/download/CMake/CMake-old-new/CMake-old-new/Kitware_CMake_old_file_91.cpp,second/download/CMake/CMake-old-new/CMake-old-new/Kitware_CMake_new_file_91.cpp,second/download/CMake/CMake-old-new/CMake-old-new/Kitware_CMake_patch_91.cpp
c206211af647dd1f7039da91c34c9c72e50aefdf,"LibArchive 2017-02-19 (100ee75a)

Code extracted from:

    https://github.com/libarchive/libarchive.git

at commit 100ee75a01f1f785fc681f616db49a33405f8bf3 (v3.3.0).",[],libarchive/archive_read_support_format_mtree.c,second/download/CMake/CMake-old-new/CMake-old-new/Kitware_CMake_old_file_92.cpp,second/download/CMake/CMake-old-new/CMake-old-new/Kitware_CMake_new_file_92.cpp,second/download/CMake/CMake-old-new/CMake-old-new/Kitware_CMake_patch_92.cpp
c206211af647dd1f7039da91c34c9c72e50aefdf,"LibArchive 2017-02-19 (100ee75a)

Code extracted from:

    https://github.com/libarchive/libarchive.git

at commit 100ee75a01f1f785fc681f616db49a33405f8bf3 (v3.3.0).",[],libarchive/archive_read_support_format_rar.c,second/download/CMake/CMake-old-new/CMake-old-new/Kitware_CMake_old_file_93.cpp,second/download/CMake/CMake-old-new/CMake-old-new/Kitware_CMake_new_file_93.cpp,second/download/CMake/CMake-old-new/CMake-old-new/Kitware_CMake_patch_93.cpp
c206211af647dd1f7039da91c34c9c72e50aefdf,"LibArchive 2017-02-19 (100ee75a)

Code extracted from:

    https://github.com/libarchive/libarchive.git

at commit 100ee75a01f1f785fc681f616db49a33405f8bf3 (v3.3.0).",[],libarchive/archive_read_support_format_tar.c,second/download/CMake/CMake-old-new/CMake-old-new/Kitware_CMake_old_file_94.cpp,second/download/CMake/CMake-old-new/CMake-old-new/Kitware_CMake_new_file_94.cpp,second/download/CMake/CMake-old-new/CMake-old-new/Kitware_CMake_patch_94.cpp
c206211af647dd1f7039da91c34c9c72e50aefdf,"LibArchive 2017-02-19 (100ee75a)

Code extracted from:

    https://github.com/libarchive/libarchive.git

at commit 100ee75a01f1f785fc681f616db49a33405f8bf3 (v3.3.0).",[],libarchive/archive_read_support_format_warc.c,second/download/CMake/CMake-old-new/CMake-old-new/Kitware_CMake_old_file_95.cpp,second/download/CMake/CMake-old-new/CMake-old-new/Kitware_CMake_new_file_95.cpp,second/download/CMake/CMake-old-new/CMake-old-new/Kitware_CMake_patch_95.cpp
c206211af647dd1f7039da91c34c9c72e50aefdf,"LibArchive 2017-02-19 (100ee75a)

Code extracted from:

    https://github.com/libarchive/libarchive.git

at commit 100ee75a01f1f785fc681f616db49a33405f8bf3 (v3.3.0).",[],libarchive/archive_read_support_format_xar.c,second/download/CMake/CMake-old-new/CMake-old-new/Kitware_CMake_old_file_96.cpp,second/download/CMake/CMake-old-new/CMake-old-new/Kitware_CMake_new_file_96.cpp,second/download/CMake/CMake-old-new/CMake-old-new/Kitware_CMake_patch_96.cpp
c206211af647dd1f7039da91c34c9c72e50aefdf,"LibArchive 2017-02-19 (100ee75a)

Code extracted from:

    https://github.com/libarchive/libarchive.git

at commit 100ee75a01f1f785fc681f616db49a33405f8bf3 (v3.3.0).",[],libarchive/archive_read_support_format_zip.c,second/download/CMake/CMake-old-new/CMake-old-new/Kitware_CMake_old_file_97.cpp,second/download/CMake/CMake-old-new/CMake-old-new/Kitware_CMake_new_file_97.cpp,second/download/CMake/CMake-old-new/CMake-old-new/Kitware_CMake_patch_97.cpp
c206211af647dd1f7039da91c34c9c72e50aefdf,"LibArchive 2017-02-19 (100ee75a)

Code extracted from:

    https://github.com/libarchive/libarchive.git

at commit 100ee75a01f1f785fc681f616db49a33405f8bf3 (v3.3.0).",[],libarchive/archive_write_disk_posix.c,second/download/CMake/CMake-old-new/CMake-old-new/Kitware_CMake_old_file_98.cpp,second/download/CMake/CMake-old-new/CMake-old-new/Kitware_CMake_new_file_98.cpp,second/download/CMake/CMake-old-new/CMake-old-new/Kitware_CMake_patch_98.cpp
c206211af647dd1f7039da91c34c9c72e50aefdf,"LibArchive 2017-02-19 (100ee75a)

Code extracted from:

    https://github.com/libarchive/libarchive.git

at commit 100ee75a01f1f785fc681f616db49a33405f8bf3 (v3.3.0).",[],libarchive/archive_write_set_format_cpio_newc.c,second/download/CMake/CMake-old-new/CMake-old-new/Kitware_CMake_old_file_99.cpp,second/download/CMake/CMake-old-new/CMake-old-new/Kitware_CMake_new_file_99.cpp,second/download/CMake/CMake-old-new/CMake-old-new/Kitware_CMake_patch_99.cpp
c206211af647dd1f7039da91c34c9c72e50aefdf,"LibArchive 2017-02-19 (100ee75a)

Code extracted from:

    https://github.com/libarchive/libarchive.git

at commit 100ee75a01f1f785fc681f616db49a33405f8bf3 (v3.3.0).",[],libarchive/archive_write_set_format_pax.c,second/download/CMake/CMake-old-new/CMake-old-new/Kitware_CMake_old_file_100.cpp,second/download/CMake/CMake-old-new/CMake-old-new/Kitware_CMake_new_file_100.cpp,second/download/CMake/CMake-old-new/CMake-old-new/Kitware_CMake_patch_100.cpp
c206211af647dd1f7039da91c34c9c72e50aefdf,"LibArchive 2017-02-19 (100ee75a)

Code extracted from:

    https://github.com/libarchive/libarchive.git

at commit 100ee75a01f1f785fc681f616db49a33405f8bf3 (v3.3.0).",[],libarchive/archive_write_set_format_ustar.c,second/download/CMake/CMake-old-new/CMake-old-new/Kitware_CMake_old_file_101.cpp,second/download/CMake/CMake-old-new/CMake-old-new/Kitware_CMake_new_file_101.cpp,second/download/CMake/CMake-old-new/CMake-old-new/Kitware_CMake_patch_101.cpp
c206211af647dd1f7039da91c34c9c72e50aefdf,"LibArchive 2017-02-19 (100ee75a)

Code extracted from:

    https://github.com/libarchive/libarchive.git

at commit 100ee75a01f1f785fc681f616db49a33405f8bf3 (v3.3.0).",[],libarchive/archive_write_set_format_v7tar.c,second/download/CMake/CMake-old-new/CMake-old-new/Kitware_CMake_old_file_102.cpp,second/download/CMake/CMake-old-new/CMake-old-new/Kitware_CMake_new_file_102.cpp,second/download/CMake/CMake-old-new/CMake-old-new/Kitware_CMake_patch_102.cpp
1df9d5f91944e0b5ba00815d55bb7dc545053b4c,"Merge branch 'upstream-curl' into update-curl

* upstream-curl:
  curl 2016-12-22 (44b9b4d4)",[],Utilities/cmcurl/lib/mprintf.c,second/download/CMake/CMake-old-new/CMake-old-new/Kitware_CMake_old_file_103.cpp,second/download/CMake/CMake-old-new/CMake-old-new/Kitware_CMake_new_file_103.cpp,second/download/CMake/CMake-old-new/CMake-old-new/Kitware_CMake_patch_103.cpp
1df9d5f91944e0b5ba00815d55bb7dc545053b4c,"Merge branch 'upstream-curl' into update-curl

* upstream-curl:
  curl 2016-12-22 (44b9b4d4)",[],Utilities/cmcurl/lib/socks_gssapi.c,second/download/CMake/CMake-old-new/CMake-old-new/Kitware_CMake_old_file_104.cpp,second/download/CMake/CMake-old-new/CMake-old-new/Kitware_CMake_new_file_104.cpp,second/download/CMake/CMake-old-new/CMake-old-new/Kitware_CMake_patch_104.cpp
1df9d5f91944e0b5ba00815d55bb7dc545053b4c,"Merge branch 'upstream-curl' into update-curl

* upstream-curl:
  curl 2016-12-22 (44b9b4d4)",[],Utilities/cmcurl/lib/telnet.c,second/download/CMake/CMake-old-new/CMake-old-new/Kitware_CMake_old_file_105.cpp,second/download/CMake/CMake-old-new/CMake-old-new/Kitware_CMake_new_file_105.cpp,second/download/CMake/CMake-old-new/CMake-old-new/Kitware_CMake_patch_105.cpp
1df9d5f91944e0b5ba00815d55bb7dc545053b4c,"Merge branch 'upstream-curl' into update-curl

* upstream-curl:
  curl 2016-12-22 (44b9b4d4)",[],Utilities/cmcurl/lib/vauth/digest.c,second/download/CMake/CMake-old-new/CMake-old-new/Kitware_CMake_old_file_106.cpp,second/download/CMake/CMake-old-new/CMake-old-new/Kitware_CMake_new_file_106.cpp,second/download/CMake/CMake-old-new/CMake-old-new/Kitware_CMake_patch_106.cpp
1df9d5f91944e0b5ba00815d55bb7dc545053b4c,"Merge branch 'upstream-curl' into update-curl

* upstream-curl:
  curl 2016-12-22 (44b9b4d4)",[],Utilities/cmcurl/lib/vtls/darwinssl.c,second/download/CMake/CMake-old-new/CMake-old-new/Kitware_CMake_old_file_107.cpp,second/download/CMake/CMake-old-new/CMake-old-new/Kitware_CMake_new_file_107.cpp,second/download/CMake/CMake-old-new/CMake-old-new/Kitware_CMake_patch_107.cpp
1df9d5f91944e0b5ba00815d55bb7dc545053b4c,"Merge branch 'upstream-curl' into update-curl

* upstream-curl:
  curl 2016-12-22 (44b9b4d4)",[],Utilities/cmcurl/lib/vtls/openssl.c,second/download/CMake/CMake-old-new/CMake-old-new/Kitware_CMake_old_file_108.cpp,second/download/CMake/CMake-old-new/CMake-old-new/Kitware_CMake_new_file_108.cpp,second/download/CMake/CMake-old-new/CMake-old-new/Kitware_CMake_patch_108.cpp
1df9d5f91944e0b5ba00815d55bb7dc545053b4c,"Merge branch 'upstream-curl' into update-curl

* upstream-curl:
  curl 2016-12-22 (44b9b4d4)",[],Utilities/cmcurl/lib/x509asn1.c,second/download/CMake/CMake-old-new/CMake-old-new/Kitware_CMake_old_file_109.cpp,second/download/CMake/CMake-old-new/CMake-old-new/Kitware_CMake_new_file_109.cpp,second/download/CMake/CMake-old-new/CMake-old-new/Kitware_CMake_patch_109.cpp
4cc2908fdaaf1ab8afe5c2ae5dbb3401859a9aab,"curl 2016-12-22 (44b9b4d4)

Code extracted from:

    https://github.com/curl/curl.git

at commit 44b9b4d4f56d6f6de92c89636994c03984e9cd01 (curl-7_52_1).",[],lib/mprintf.c,second/download/CMake/CMake-old-new/CMake-old-new/Kitware_CMake_old_file_110.cpp,second/download/CMake/CMake-old-new/CMake-old-new/Kitware_CMake_new_file_110.cpp,second/download/CMake/CMake-old-new/CMake-old-new/Kitware_CMake_patch_110.cpp
4cc2908fdaaf1ab8afe5c2ae5dbb3401859a9aab,"curl 2016-12-22 (44b9b4d4)

Code extracted from:

    https://github.com/curl/curl.git

at commit 44b9b4d4f56d6f6de92c89636994c03984e9cd01 (curl-7_52_1).",[],lib/socks_gssapi.c,second/download/CMake/CMake-old-new/CMake-old-new/Kitware_CMake_old_file_111.cpp,second/download/CMake/CMake-old-new/CMake-old-new/Kitware_CMake_new_file_111.cpp,second/download/CMake/CMake-old-new/CMake-old-new/Kitware_CMake_patch_111.cpp
4cc2908fdaaf1ab8afe5c2ae5dbb3401859a9aab,"curl 2016-12-22 (44b9b4d4)

Code extracted from:

    https://github.com/curl/curl.git

at commit 44b9b4d4f56d6f6de92c89636994c03984e9cd01 (curl-7_52_1).",[],lib/telnet.c,second/download/CMake/CMake-old-new/CMake-old-new/Kitware_CMake_old_file_112.cpp,second/download/CMake/CMake-old-new/CMake-old-new/Kitware_CMake_new_file_112.cpp,second/download/CMake/CMake-old-new/CMake-old-new/Kitware_CMake_patch_112.cpp
4cc2908fdaaf1ab8afe5c2ae5dbb3401859a9aab,"curl 2016-12-22 (44b9b4d4)

Code extracted from:

    https://github.com/curl/curl.git

at commit 44b9b4d4f56d6f6de92c89636994c03984e9cd01 (curl-7_52_1).",[],lib/vauth/digest.c,second/download/CMake/CMake-old-new/CMake-old-new/Kitware_CMake_old_file_113.cpp,second/download/CMake/CMake-old-new/CMake-old-new/Kitware_CMake_new_file_113.cpp,second/download/CMake/CMake-old-new/CMake-old-new/Kitware_CMake_patch_113.cpp
4cc2908fdaaf1ab8afe5c2ae5dbb3401859a9aab,"curl 2016-12-22 (44b9b4d4)

Code extracted from:

    https://github.com/curl/curl.git

at commit 44b9b4d4f56d6f6de92c89636994c03984e9cd01 (curl-7_52_1).",[],lib/vtls/darwinssl.c,second/download/CMake/CMake-old-new/CMake-old-new/Kitware_CMake_old_file_114.cpp,second/download/CMake/CMake-old-new/CMake-old-new/Kitware_CMake_new_file_114.cpp,second/download/CMake/CMake-old-new/CMake-old-new/Kitware_CMake_patch_114.cpp
4cc2908fdaaf1ab8afe5c2ae5dbb3401859a9aab,"curl 2016-12-22 (44b9b4d4)

Code extracted from:

    https://github.com/curl/curl.git

at commit 44b9b4d4f56d6f6de92c89636994c03984e9cd01 (curl-7_52_1).",[],lib/vtls/openssl.c,second/download/CMake/CMake-old-new/CMake-old-new/Kitware_CMake_old_file_115.cpp,second/download/CMake/CMake-old-new/CMake-old-new/Kitware_CMake_new_file_115.cpp,second/download/CMake/CMake-old-new/CMake-old-new/Kitware_CMake_patch_115.cpp
4cc2908fdaaf1ab8afe5c2ae5dbb3401859a9aab,"curl 2016-12-22 (44b9b4d4)

Code extracted from:

    https://github.com/curl/curl.git

at commit 44b9b4d4f56d6f6de92c89636994c03984e9cd01 (curl-7_52_1).",[],lib/x509asn1.c,second/download/CMake/CMake-old-new/CMake-old-new/Kitware_CMake_old_file_116.cpp,second/download/CMake/CMake-old-new/CMake-old-new/Kitware_CMake_new_file_116.cpp,second/download/CMake/CMake-old-new/CMake-old-new/Kitware_CMake_patch_116.cpp
c5df1f165c7f8f1e31e3144d326c6836af2e678d,"Regenerate lexer source code

Revise the manual procedure in the `*Lexer.in.l` files.  Some of our
post-processing steps are no longer necessary with the current set of
supported compilers.  Some steps changed with newer versions of flex.

Then regenerate all lexers with flex version 2.6.1.",[],Source/cmCommandArgumentLexer.cxx,second/download/CMake/CMake-old-new/CMake-old-new/Kitware_CMake_old_file_117.cpp,second/download/CMake/CMake-old-new/CMake-old-new/Kitware_CMake_new_file_117.cpp,second/download/CMake/CMake-old-new/CMake-old-new/Kitware_CMake_patch_117.cpp
c5df1f165c7f8f1e31e3144d326c6836af2e678d,"Regenerate lexer source code

Revise the manual procedure in the `*Lexer.in.l` files.  Some of our
post-processing steps are no longer necessary with the current set of
supported compilers.  Some steps changed with newer versions of flex.

Then regenerate all lexers with flex version 2.6.1.",[],Source/cmExprLexer.cxx,second/download/CMake/CMake-old-new/CMake-old-new/Kitware_CMake_old_file_118.cpp,second/download/CMake/CMake-old-new/CMake-old-new/Kitware_CMake_new_file_118.cpp,second/download/CMake/CMake-old-new/CMake-old-new/Kitware_CMake_patch_118.cpp
c5df1f165c7f8f1e31e3144d326c6836af2e678d,"Regenerate lexer source code

Revise the manual procedure in the `*Lexer.in.l` files.  Some of our
post-processing steps are no longer necessary with the current set of
supported compilers.  Some steps changed with newer versions of flex.

Then regenerate all lexers with flex version 2.6.1.",[],Source/cmListFileLexer.c,second/download/CMake/CMake-old-new/CMake-old-new/Kitware_CMake_old_file_119.cpp,second/download/CMake/CMake-old-new/CMake-old-new/Kitware_CMake_new_file_119.cpp,second/download/CMake/CMake-old-new/CMake-old-new/Kitware_CMake_patch_119.cpp
f8a1ba202f51e70510f12f46fe0633ea908d5144,"Merge branch 'upstream-curl' into update-curl

* upstream-curl:
  curl 2016-11-02 (3c561c65)",[],Utilities/cmcurl/lib/easy.c,second/download/CMake/CMake-old-new/CMake-old-new/Kitware_CMake_old_file_120.cpp,second/download/CMake/CMake-old-new/CMake-old-new/Kitware_CMake_new_file_120.cpp,second/download/CMake/CMake-old-new/CMake-old-new/Kitware_CMake_patch_120.cpp
f8a1ba202f51e70510f12f46fe0633ea908d5144,"Merge branch 'upstream-curl' into update-curl

* upstream-curl:
  curl 2016-11-02 (3c561c65)",[],Utilities/cmcurl/lib/formdata.c,second/download/CMake/CMake-old-new/CMake-old-new/Kitware_CMake_old_file_121.cpp,second/download/CMake/CMake-old-new/CMake-old-new/Kitware_CMake_new_file_121.cpp,second/download/CMake/CMake-old-new/CMake-old-new/Kitware_CMake_patch_121.cpp
f8a1ba202f51e70510f12f46fe0633ea908d5144,"Merge branch 'upstream-curl' into update-curl

* upstream-curl:
  curl 2016-11-02 (3c561c65)",[],Utilities/cmcurl/lib/ftp.c,second/download/CMake/CMake-old-new/CMake-old-new/Kitware_CMake_old_file_122.cpp,second/download/CMake/CMake-old-new/CMake-old-new/Kitware_CMake_new_file_122.cpp,second/download/CMake/CMake-old-new/CMake-old-new/Kitware_CMake_patch_122.cpp
f8a1ba202f51e70510f12f46fe0633ea908d5144,"Merge branch 'upstream-curl' into update-curl

* upstream-curl:
  curl 2016-11-02 (3c561c65)",[],Utilities/cmcurl/lib/security.c,second/download/CMake/CMake-old-new/CMake-old-new/Kitware_CMake_old_file_123.cpp,second/download/CMake/CMake-old-new/CMake-old-new/Kitware_CMake_new_file_123.cpp,second/download/CMake/CMake-old-new/CMake-old-new/Kitware_CMake_patch_123.cpp
f8a1ba202f51e70510f12f46fe0633ea908d5144,"Merge branch 'upstream-curl' into update-curl

* upstream-curl:
  curl 2016-11-02 (3c561c65)",[],Utilities/cmcurl/lib/ssh.c,second/download/CMake/CMake-old-new/CMake-old-new/Kitware_CMake_old_file_124.cpp,second/download/CMake/CMake-old-new/CMake-old-new/Kitware_CMake_new_file_124.cpp,second/download/CMake/CMake-old-new/CMake-old-new/Kitware_CMake_patch_124.cpp
f8a1ba202f51e70510f12f46fe0633ea908d5144,"Merge branch 'upstream-curl' into update-curl

* upstream-curl:
  curl 2016-11-02 (3c561c65)",[],Utilities/cmcurl/lib/tftp.c,second/download/CMake/CMake-old-new/CMake-old-new/Kitware_CMake_old_file_125.cpp,second/download/CMake/CMake-old-new/CMake-old-new/Kitware_CMake_new_file_125.cpp,second/download/CMake/CMake-old-new/CMake-old-new/Kitware_CMake_patch_125.cpp
f8a1ba202f51e70510f12f46fe0633ea908d5144,"Merge branch 'upstream-curl' into update-curl

* upstream-curl:
  curl 2016-11-02 (3c561c65)",[],Utilities/cmcurl/lib/vauth/digest.c,second/download/CMake/CMake-old-new/CMake-old-new/Kitware_CMake_old_file_126.cpp,second/download/CMake/CMake-old-new/CMake-old-new/Kitware_CMake_new_file_126.cpp,second/download/CMake/CMake-old-new/CMake-old-new/Kitware_CMake_patch_126.cpp
f8a1ba202f51e70510f12f46fe0633ea908d5144,"Merge branch 'upstream-curl' into update-curl

* upstream-curl:
  curl 2016-11-02 (3c561c65)",[],Utilities/cmcurl/lib/version.c,second/download/CMake/CMake-old-new/CMake-old-new/Kitware_CMake_old_file_127.cpp,second/download/CMake/CMake-old-new/CMake-old-new/Kitware_CMake_new_file_127.cpp,second/download/CMake/CMake-old-new/CMake-old-new/Kitware_CMake_patch_127.cpp
f8a1ba202f51e70510f12f46fe0633ea908d5144,"Merge branch 'upstream-curl' into update-curl

* upstream-curl:
  curl 2016-11-02 (3c561c65)",[],Utilities/cmcurl/lib/vtls/openssl.c,second/download/CMake/CMake-old-new/CMake-old-new/Kitware_CMake_old_file_128.cpp,second/download/CMake/CMake-old-new/CMake-old-new/Kitware_CMake_new_file_128.cpp,second/download/CMake/CMake-old-new/CMake-old-new/Kitware_CMake_patch_128.cpp
93cc249f3dd7ecd621cd063e4c08bbdb54d971e8,"curl 2016-11-02 (3c561c65)

Code extracted from:

    https://github.com/curl/curl.git

at commit 3c561c657c2f0e553b19115a506592a8bbd744bc (curl-7_51_0).",[],lib/easy.c,second/download/CMake/CMake-old-new/CMake-old-new/Kitware_CMake_old_file_129.cpp,second/download/CMake/CMake-old-new/CMake-old-new/Kitware_CMake_new_file_129.cpp,second/download/CMake/CMake-old-new/CMake-old-new/Kitware_CMake_patch_129.cpp
93cc249f3dd7ecd621cd063e4c08bbdb54d971e8,"curl 2016-11-02 (3c561c65)

Code extracted from:

    https://github.com/curl/curl.git

at commit 3c561c657c2f0e553b19115a506592a8bbd744bc (curl-7_51_0).",[],lib/formdata.c,second/download/CMake/CMake-old-new/CMake-old-new/Kitware_CMake_old_file_130.cpp,second/download/CMake/CMake-old-new/CMake-old-new/Kitware_CMake_new_file_130.cpp,second/download/CMake/CMake-old-new/CMake-old-new/Kitware_CMake_patch_130.cpp
93cc249f3dd7ecd621cd063e4c08bbdb54d971e8,"curl 2016-11-02 (3c561c65)

Code extracted from:

    https://github.com/curl/curl.git

at commit 3c561c657c2f0e553b19115a506592a8bbd744bc (curl-7_51_0).",[],lib/ftp.c,second/download/CMake/CMake-old-new/CMake-old-new/Kitware_CMake_old_file_131.cpp,second/download/CMake/CMake-old-new/CMake-old-new/Kitware_CMake_new_file_131.cpp,second/download/CMake/CMake-old-new/CMake-old-new/Kitware_CMake_patch_131.cpp
93cc249f3dd7ecd621cd063e4c08bbdb54d971e8,"curl 2016-11-02 (3c561c65)

Code extracted from:

    https://github.com/curl/curl.git

at commit 3c561c657c2f0e553b19115a506592a8bbd744bc (curl-7_51_0).",[],lib/security.c,second/download/CMake/CMake-old-new/CMake-old-new/Kitware_CMake_old_file_132.cpp,second/download/CMake/CMake-old-new/CMake-old-new/Kitware_CMake_new_file_132.cpp,second/download/CMake/CMake-old-new/CMake-old-new/Kitware_CMake_patch_132.cpp
93cc249f3dd7ecd621cd063e4c08bbdb54d971e8,"curl 2016-11-02 (3c561c65)

Code extracted from:

    https://github.com/curl/curl.git

at commit 3c561c657c2f0e553b19115a506592a8bbd744bc (curl-7_51_0).",[],lib/ssh.c,second/download/CMake/CMake-old-new/CMake-old-new/Kitware_CMake_old_file_133.cpp,second/download/CMake/CMake-old-new/CMake-old-new/Kitware_CMake_new_file_133.cpp,second/download/CMake/CMake-old-new/CMake-old-new/Kitware_CMake_patch_133.cpp
93cc249f3dd7ecd621cd063e4c08bbdb54d971e8,"curl 2016-11-02 (3c561c65)

Code extracted from:

    https://github.com/curl/curl.git

at commit 3c561c657c2f0e553b19115a506592a8bbd744bc (curl-7_51_0).",[],lib/tftp.c,second/download/CMake/CMake-old-new/CMake-old-new/Kitware_CMake_old_file_134.cpp,second/download/CMake/CMake-old-new/CMake-old-new/Kitware_CMake_new_file_134.cpp,second/download/CMake/CMake-old-new/CMake-old-new/Kitware_CMake_patch_134.cpp
93cc249f3dd7ecd621cd063e4c08bbdb54d971e8,"curl 2016-11-02 (3c561c65)

Code extracted from:

    https://github.com/curl/curl.git

at commit 3c561c657c2f0e553b19115a506592a8bbd744bc (curl-7_51_0).",[],lib/vauth/digest.c,second/download/CMake/CMake-old-new/CMake-old-new/Kitware_CMake_old_file_135.cpp,second/download/CMake/CMake-old-new/CMake-old-new/Kitware_CMake_new_file_135.cpp,second/download/CMake/CMake-old-new/CMake-old-new/Kitware_CMake_patch_135.cpp
93cc249f3dd7ecd621cd063e4c08bbdb54d971e8,"curl 2016-11-02 (3c561c65)

Code extracted from:

    https://github.com/curl/curl.git

at commit 3c561c657c2f0e553b19115a506592a8bbd744bc (curl-7_51_0).",[],lib/version.c,second/download/CMake/CMake-old-new/CMake-old-new/Kitware_CMake_old_file_136.cpp,second/download/CMake/CMake-old-new/CMake-old-new/Kitware_CMake_new_file_136.cpp,second/download/CMake/CMake-old-new/CMake-old-new/Kitware_CMake_patch_136.cpp
93cc249f3dd7ecd621cd063e4c08bbdb54d971e8,"curl 2016-11-02 (3c561c65)

Code extracted from:

    https://github.com/curl/curl.git

at commit 3c561c657c2f0e553b19115a506592a8bbd744bc (curl-7_51_0).",[],lib/vtls/openssl.c,second/download/CMake/CMake-old-new/CMake-old-new/Kitware_CMake_old_file_137.cpp,second/download/CMake/CMake-old-new/CMake-old-new/Kitware_CMake_new_file_137.cpp,second/download/CMake/CMake-old-new/CMake-old-new/Kitware_CMake_patch_137.cpp
95a97a40e48a0db2b206c4560d6962be3666812c,"Merge branch 'upstream-KWSys' into update-kwsys

* upstream-KWSys:
  KWSys 2016-11-09 (18c65411)",[],Source/kwsys/CommandLineArguments.cxx,second/download/CMake/CMake-old-new/CMake-old-new/Kitware_CMake_old_file_138.cpp,second/download/CMake/CMake-old-new/CMake-old-new/Kitware_CMake_new_file_138.cpp,second/download/CMake/CMake-old-new/CMake-old-new/Kitware_CMake_patch_138.cpp
95a97a40e48a0db2b206c4560d6962be3666812c,"Merge branch 'upstream-KWSys' into update-kwsys

* upstream-KWSys:
  KWSys 2016-11-09 (18c65411)",[],Source/kwsys/Directory.cxx,second/download/CMake/CMake-old-new/CMake-old-new/Kitware_CMake_old_file_139.cpp,second/download/CMake/CMake-old-new/CMake-old-new/Kitware_CMake_new_file_139.cpp,second/download/CMake/CMake-old-new/CMake-old-new/Kitware_CMake_patch_139.cpp
95a97a40e48a0db2b206c4560d6962be3666812c,"Merge branch 'upstream-KWSys' into update-kwsys

* upstream-KWSys:
  KWSys 2016-11-09 (18c65411)",[],Source/kwsys/IOStream.cxx,second/download/CMake/CMake-old-new/CMake-old-new/Kitware_CMake_old_file_140.cpp,second/download/CMake/CMake-old-new/CMake-old-new/Kitware_CMake_new_file_140.cpp,second/download/CMake/CMake-old-new/CMake-old-new/Kitware_CMake_patch_140.cpp
95a97a40e48a0db2b206c4560d6962be3666812c,"Merge branch 'upstream-KWSys' into update-kwsys

* upstream-KWSys:
  KWSys 2016-11-09 (18c65411)",[],Source/kwsys/Terminal.c,second/download/CMake/CMake-old-new/CMake-old-new/Kitware_CMake_old_file_141.cpp,second/download/CMake/CMake-old-new/CMake-old-new/Kitware_CMake_new_file_141.cpp,second/download/CMake/CMake-old-new/CMake-old-new/Kitware_CMake_patch_141.cpp
95a97a40e48a0db2b206c4560d6962be3666812c,"Merge branch 'upstream-KWSys' into update-kwsys

* upstream-KWSys:
  KWSys 2016-11-09 (18c65411)",[],Source/kwsys/testEncode.c,second/download/CMake/CMake-old-new/CMake-old-new/Kitware_CMake_old_file_142.cpp,second/download/CMake/CMake-old-new/CMake-old-new/Kitware_CMake_new_file_142.cpp,second/download/CMake/CMake-old-new/CMake-old-new/Kitware_CMake_patch_142.cpp
95a97a40e48a0db2b206c4560d6962be3666812c,"Merge branch 'upstream-KWSys' into update-kwsys

* upstream-KWSys:
  KWSys 2016-11-09 (18c65411)",[],Source/kwsys/testProcess.c,second/download/CMake/CMake-old-new/CMake-old-new/Kitware_CMake_old_file_143.cpp,second/download/CMake/CMake-old-new/CMake-old-new/Kitware_CMake_new_file_143.cpp,second/download/CMake/CMake-old-new/CMake-old-new/Kitware_CMake_patch_143.cpp
773b36e5d4af3ac040625e0ea16bcfd30fcdeb6d,"KWSys 2016-11-09 (18c65411)

Code extracted from:

    http://public.kitware.com/KWSys.git

at commit 18c654114de3aa65429542f95308720bc68f9231 (master).

Upstream Shortlog
-----------------

Brad King (14):
      37306a1c FStream: Quiet unused argument warning
      15e90a3c Sort includes to stabilize include order w.r.t. clang-format
      26509227 Copyright.txt: Add notice of copyright by contributors
      fc42d3f2 Add temporary script to filter license notices
      c41c1bc4 Simplify KWSys per-source license notices
      1d4c0b4a Remove temporary script that filtered license notices
      a4f5ef79 SystemInformation: Remove stray comment
      8649a886 kwsysPrivate: Protect KWSYS_HEADER macro from clang-format
      89b98af5 Configure clang-format for KWSys source tree
      547dacad Add a script to run clang-format on the entire source tree
      aa94be0c CONTRIBUTING: Add a section on coding style
      6604c4b6 Empty commit at end of history preceding clang-format style transition
      2b3e2b1c Tell Git to not export 'clang-format' infrastructure
      18c65411 FStream: Include Configure.hxx before other headers

Kitware Robot (1):
      6c973b46 Revise C++ coding style using clang-format",[],CommandLineArguments.cxx,second/download/CMake/CMake-old-new/CMake-old-new/Kitware_CMake_old_file_144.cpp,second/download/CMake/CMake-old-new/CMake-old-new/Kitware_CMake_new_file_144.cpp,second/download/CMake/CMake-old-new/CMake-old-new/Kitware_CMake_patch_144.cpp
773b36e5d4af3ac040625e0ea16bcfd30fcdeb6d,"KWSys 2016-11-09 (18c65411)

Code extracted from:

    http://public.kitware.com/KWSys.git

at commit 18c654114de3aa65429542f95308720bc68f9231 (master).

Upstream Shortlog
-----------------

Brad King (14):
      37306a1c FStream: Quiet unused argument warning
      15e90a3c Sort includes to stabilize include order w.r.t. clang-format
      26509227 Copyright.txt: Add notice of copyright by contributors
      fc42d3f2 Add temporary script to filter license notices
      c41c1bc4 Simplify KWSys per-source license notices
      1d4c0b4a Remove temporary script that filtered license notices
      a4f5ef79 SystemInformation: Remove stray comment
      8649a886 kwsysPrivate: Protect KWSYS_HEADER macro from clang-format
      89b98af5 Configure clang-format for KWSys source tree
      547dacad Add a script to run clang-format on the entire source tree
      aa94be0c CONTRIBUTING: Add a section on coding style
      6604c4b6 Empty commit at end of history preceding clang-format style transition
      2b3e2b1c Tell Git to not export 'clang-format' infrastructure
      18c65411 FStream: Include Configure.hxx before other headers

Kitware Robot (1):
      6c973b46 Revise C++ coding style using clang-format",[],Directory.cxx,second/download/CMake/CMake-old-new/CMake-old-new/Kitware_CMake_old_file_145.cpp,second/download/CMake/CMake-old-new/CMake-old-new/Kitware_CMake_new_file_145.cpp,second/download/CMake/CMake-old-new/CMake-old-new/Kitware_CMake_patch_145.cpp
773b36e5d4af3ac040625e0ea16bcfd30fcdeb6d,"KWSys 2016-11-09 (18c65411)

Code extracted from:

    http://public.kitware.com/KWSys.git

at commit 18c654114de3aa65429542f95308720bc68f9231 (master).

Upstream Shortlog
-----------------

Brad King (14):
      37306a1c FStream: Quiet unused argument warning
      15e90a3c Sort includes to stabilize include order w.r.t. clang-format
      26509227 Copyright.txt: Add notice of copyright by contributors
      fc42d3f2 Add temporary script to filter license notices
      c41c1bc4 Simplify KWSys per-source license notices
      1d4c0b4a Remove temporary script that filtered license notices
      a4f5ef79 SystemInformation: Remove stray comment
      8649a886 kwsysPrivate: Protect KWSYS_HEADER macro from clang-format
      89b98af5 Configure clang-format for KWSys source tree
      547dacad Add a script to run clang-format on the entire source tree
      aa94be0c CONTRIBUTING: Add a section on coding style
      6604c4b6 Empty commit at end of history preceding clang-format style transition
      2b3e2b1c Tell Git to not export 'clang-format' infrastructure
      18c65411 FStream: Include Configure.hxx before other headers

Kitware Robot (1):
      6c973b46 Revise C++ coding style using clang-format",[],IOStream.cxx,second/download/CMake/CMake-old-new/CMake-old-new/Kitware_CMake_old_file_146.cpp,second/download/CMake/CMake-old-new/CMake-old-new/Kitware_CMake_new_file_146.cpp,second/download/CMake/CMake-old-new/CMake-old-new/Kitware_CMake_patch_146.cpp
773b36e5d4af3ac040625e0ea16bcfd30fcdeb6d,"KWSys 2016-11-09 (18c65411)

Code extracted from:

    http://public.kitware.com/KWSys.git

at commit 18c654114de3aa65429542f95308720bc68f9231 (master).

Upstream Shortlog
-----------------

Brad King (14):
      37306a1c FStream: Quiet unused argument warning
      15e90a3c Sort includes to stabilize include order w.r.t. clang-format
      26509227 Copyright.txt: Add notice of copyright by contributors
      fc42d3f2 Add temporary script to filter license notices
      c41c1bc4 Simplify KWSys per-source license notices
      1d4c0b4a Remove temporary script that filtered license notices
      a4f5ef79 SystemInformation: Remove stray comment
      8649a886 kwsysPrivate: Protect KWSYS_HEADER macro from clang-format
      89b98af5 Configure clang-format for KWSys source tree
      547dacad Add a script to run clang-format on the entire source tree
      aa94be0c CONTRIBUTING: Add a section on coding style
      6604c4b6 Empty commit at end of history preceding clang-format style transition
      2b3e2b1c Tell Git to not export 'clang-format' infrastructure
      18c65411 FStream: Include Configure.hxx before other headers

Kitware Robot (1):
      6c973b46 Revise C++ coding style using clang-format",[],Terminal.c,second/download/CMake/CMake-old-new/CMake-old-new/Kitware_CMake_old_file_147.cpp,second/download/CMake/CMake-old-new/CMake-old-new/Kitware_CMake_new_file_147.cpp,second/download/CMake/CMake-old-new/CMake-old-new/Kitware_CMake_patch_147.cpp
773b36e5d4af3ac040625e0ea16bcfd30fcdeb6d,"KWSys 2016-11-09 (18c65411)

Code extracted from:

    http://public.kitware.com/KWSys.git

at commit 18c654114de3aa65429542f95308720bc68f9231 (master).

Upstream Shortlog
-----------------

Brad King (14):
      37306a1c FStream: Quiet unused argument warning
      15e90a3c Sort includes to stabilize include order w.r.t. clang-format
      26509227 Copyright.txt: Add notice of copyright by contributors
      fc42d3f2 Add temporary script to filter license notices
      c41c1bc4 Simplify KWSys per-source license notices
      1d4c0b4a Remove temporary script that filtered license notices
      a4f5ef79 SystemInformation: Remove stray comment
      8649a886 kwsysPrivate: Protect KWSYS_HEADER macro from clang-format
      89b98af5 Configure clang-format for KWSys source tree
      547dacad Add a script to run clang-format on the entire source tree
      aa94be0c CONTRIBUTING: Add a section on coding style
      6604c4b6 Empty commit at end of history preceding clang-format style transition
      2b3e2b1c Tell Git to not export 'clang-format' infrastructure
      18c65411 FStream: Include Configure.hxx before other headers

Kitware Robot (1):
      6c973b46 Revise C++ coding style using clang-format",[],testEncode.c,second/download/CMake/CMake-old-new/CMake-old-new/Kitware_CMake_old_file_148.cpp,second/download/CMake/CMake-old-new/CMake-old-new/Kitware_CMake_new_file_148.cpp,second/download/CMake/CMake-old-new/CMake-old-new/Kitware_CMake_patch_148.cpp
773b36e5d4af3ac040625e0ea16bcfd30fcdeb6d,"KWSys 2016-11-09 (18c65411)

Code extracted from:

    http://public.kitware.com/KWSys.git

at commit 18c654114de3aa65429542f95308720bc68f9231 (master).

Upstream Shortlog
-----------------

Brad King (14):
      37306a1c FStream: Quiet unused argument warning
      15e90a3c Sort includes to stabilize include order w.r.t. clang-format
      26509227 Copyright.txt: Add notice of copyright by contributors
      fc42d3f2 Add temporary script to filter license notices
      c41c1bc4 Simplify KWSys per-source license notices
      1d4c0b4a Remove temporary script that filtered license notices
      a4f5ef79 SystemInformation: Remove stray comment
      8649a886 kwsysPrivate: Protect KWSYS_HEADER macro from clang-format
      89b98af5 Configure clang-format for KWSys source tree
      547dacad Add a script to run clang-format on the entire source tree
      aa94be0c CONTRIBUTING: Add a section on coding style
      6604c4b6 Empty commit at end of history preceding clang-format style transition
      2b3e2b1c Tell Git to not export 'clang-format' infrastructure
      18c65411 FStream: Include Configure.hxx before other headers

Kitware Robot (1):
      6c973b46 Revise C++ coding style using clang-format",[],testProcess.c,second/download/CMake/CMake-old-new/CMake-old-new/Kitware_CMake_old_file_149.cpp,second/download/CMake/CMake-old-new/CMake-old-new/Kitware_CMake_new_file_149.cpp,second/download/CMake/CMake-old-new/CMake-old-new/Kitware_CMake_patch_149.cpp
2fe3e55d53989c909be595b00a4749b75886accf,"cmState: Move CacheEntryType enum to separate namespace

Port dependent code to the change.",[],Source/cmCacheManager.cxx,second/download/CMake/CMake-old-new/CMake-old-new/Kitware_CMake_old_file_150.cpp,second/download/CMake/CMake-old-new/CMake-old-new/Kitware_CMake_new_file_150.cpp,second/download/CMake/CMake-old-new/CMake-old-new/Kitware_CMake_patch_150.cpp
2fe3e55d53989c909be595b00a4749b75886accf,"cmState: Move CacheEntryType enum to separate namespace

Port dependent code to the change.",[],Source/cmGlobalGenerator.cxx,second/download/CMake/CMake-old-new/CMake-old-new/Kitware_CMake_old_file_151.cpp,second/download/CMake/CMake-old-new/CMake-old-new/Kitware_CMake_new_file_151.cpp,second/download/CMake/CMake-old-new/CMake-old-new/Kitware_CMake_patch_151.cpp
a49751fb2eed0ca6415b243c35b23201b8060597,cmState: Move TargetType enum to separate namespace,[],Source/cmCoreTryCompile.cxx,second/download/CMake/CMake-old-new/CMake-old-new/Kitware_CMake_old_file_152.cpp,second/download/CMake/CMake-old-new/CMake-old-new/Kitware_CMake_new_file_152.cpp,second/download/CMake/CMake-old-new/CMake-old-new/Kitware_CMake_patch_152.cpp
7aaed265ade4c3b38967e83095497280a7a55153,"cmExprParser: Port to bison 3

Use %-directives to specify the scanner/lexer arguments and update the
yyerror signature.  Reduce the list of post-bison modifications needed.",[],Source/cmExprParser.cxx,second/download/CMake/CMake-old-new/CMake-old-new/Kitware_CMake_old_file_153.cpp,second/download/CMake/CMake-old-new/CMake-old-new/Kitware_CMake_new_file_153.cpp,second/download/CMake/CMake-old-new/CMake-old-new/Kitware_CMake_patch_153.cpp
f70c71c5a9759324d9e610bc919832b7500fd116,"cmFortranLexer: Update to flex 2.6

Revise the documented modifications we need to make to the
flex-generated source file according to the needs of the new version.
Also drop the duplicate copyright notice block from the generated file.",[],Source/cmFortranLexer.cxx,second/download/CMake/CMake-old-new/CMake-old-new/Kitware_CMake_old_file_154.cpp,second/download/CMake/CMake-old-new/CMake-old-new/Kitware_CMake_new_file_154.cpp,second/download/CMake/CMake-old-new/CMake-old-new/Kitware_CMake_patch_154.cpp
e7b842e18955d13f6d9c021bab4a8935bf282744,Make sure unnused parameters are /*named*/,[],Source/CursesDialog/cmCursesMainForm.cxx,second/download/CMake/CMake-old-new/CMake-old-new/Kitware_CMake_old_file_155.cpp,second/download/CMake/CMake-old-new/CMake-old-new/Kitware_CMake_new_file_155.cpp,second/download/CMake/CMake-old-new/CMake-old-new/Kitware_CMake_patch_155.cpp
5bcbc3857fd9976389d8eee3bb54e352ea950aec,Merge branch 'update-curl' into release,[],Utilities/cmcurl/lib/base64.c,second/download/CMake/CMake-old-new/CMake-old-new/Kitware_CMake_old_file_156.cpp,second/download/CMake/CMake-old-new/CMake-old-new/Kitware_CMake_new_file_156.cpp,second/download/CMake/CMake-old-new/CMake-old-new/Kitware_CMake_patch_156.cpp
5bcbc3857fd9976389d8eee3bb54e352ea950aec,Merge branch 'update-curl' into release,[],Utilities/cmcurl/lib/conncache.c,second/download/CMake/CMake-old-new/CMake-old-new/Kitware_CMake_old_file_157.cpp,second/download/CMake/CMake-old-new/CMake-old-new/Kitware_CMake_new_file_157.cpp,second/download/CMake/CMake-old-new/CMake-old-new/Kitware_CMake_patch_157.cpp
5bcbc3857fd9976389d8eee3bb54e352ea950aec,Merge branch 'update-curl' into release,[],Utilities/cmcurl/lib/cookie.c,second/download/CMake/CMake-old-new/CMake-old-new/Kitware_CMake_old_file_158.cpp,second/download/CMake/CMake-old-new/CMake-old-new/Kitware_CMake_new_file_158.cpp,second/download/CMake/CMake-old-new/CMake-old-new/Kitware_CMake_patch_158.cpp
5bcbc3857fd9976389d8eee3bb54e352ea950aec,Merge branch 'update-curl' into release,[],Utilities/cmcurl/lib/curl_sasl.c,second/download/CMake/CMake-old-new/CMake-old-new/Kitware_CMake_old_file_159.cpp,second/download/CMake/CMake-old-new/CMake-old-new/Kitware_CMake_new_file_159.cpp,second/download/CMake/CMake-old-new/CMake-old-new/Kitware_CMake_patch_159.cpp
5bcbc3857fd9976389d8eee3bb54e352ea950aec,Merge branch 'update-curl' into release,[],Utilities/cmcurl/lib/easy.c,second/download/CMake/CMake-old-new/CMake-old-new/Kitware_CMake_old_file_160.cpp,second/download/CMake/CMake-old-new/CMake-old-new/Kitware_CMake_new_file_160.cpp,second/download/CMake/CMake-old-new/CMake-old-new/Kitware_CMake_patch_160.cpp
5bcbc3857fd9976389d8eee3bb54e352ea950aec,Merge branch 'update-curl' into release,[],Utilities/cmcurl/lib/file.c,second/download/CMake/CMake-old-new/CMake-old-new/Kitware_CMake_old_file_161.cpp,second/download/CMake/CMake-old-new/CMake-old-new/Kitware_CMake_new_file_161.cpp,second/download/CMake/CMake-old-new/CMake-old-new/Kitware_CMake_patch_161.cpp
5bcbc3857fd9976389d8eee3bb54e352ea950aec,Merge branch 'update-curl' into release,[],Utilities/cmcurl/lib/ftp.c,second/download/CMake/CMake-old-new/CMake-old-new/Kitware_CMake_old_file_162.cpp,second/download/CMake/CMake-old-new/CMake-old-new/Kitware_CMake_new_file_162.cpp,second/download/CMake/CMake-old-new/CMake-old-new/Kitware_CMake_patch_162.cpp
5bcbc3857fd9976389d8eee3bb54e352ea950aec,Merge branch 'update-curl' into release,[],Utilities/cmcurl/lib/http.c,second/download/CMake/CMake-old-new/CMake-old-new/Kitware_CMake_old_file_163.cpp,second/download/CMake/CMake-old-new/CMake-old-new/Kitware_CMake_new_file_163.cpp,second/download/CMake/CMake-old-new/CMake-old-new/Kitware_CMake_patch_163.cpp
5bcbc3857fd9976389d8eee3bb54e352ea950aec,Merge branch 'update-curl' into release,[],Utilities/cmcurl/lib/http2.c,second/download/CMake/CMake-old-new/CMake-old-new/Kitware_CMake_old_file_164.cpp,second/download/CMake/CMake-old-new/CMake-old-new/Kitware_CMake_new_file_164.cpp,second/download/CMake/CMake-old-new/CMake-old-new/Kitware_CMake_patch_164.cpp
5bcbc3857fd9976389d8eee3bb54e352ea950aec,Merge branch 'update-curl' into release,[],Utilities/cmcurl/lib/http_negotiate.c,second/download/CMake/CMake-old-new/CMake-old-new/Kitware_CMake_old_file_165.cpp,second/download/CMake/CMake-old-new/CMake-old-new/Kitware_CMake_new_file_165.cpp,second/download/CMake/CMake-old-new/CMake-old-new/Kitware_CMake_patch_165.cpp
5bcbc3857fd9976389d8eee3bb54e352ea950aec,Merge branch 'update-curl' into release,[],Utilities/cmcurl/lib/http_proxy.c,second/download/CMake/CMake-old-new/CMake-old-new/Kitware_CMake_old_file_166.cpp,second/download/CMake/CMake-old-new/CMake-old-new/Kitware_CMake_new_file_166.cpp,second/download/CMake/CMake-old-new/CMake-old-new/Kitware_CMake_patch_166.cpp
5bcbc3857fd9976389d8eee3bb54e352ea950aec,Merge branch 'update-curl' into release,[],Utilities/cmcurl/lib/mprintf.c,second/download/CMake/CMake-old-new/CMake-old-new/Kitware_CMake_old_file_167.cpp,second/download/CMake/CMake-old-new/CMake-old-new/Kitware_CMake_new_file_167.cpp,second/download/CMake/CMake-old-new/CMake-old-new/Kitware_CMake_patch_167.cpp
5bcbc3857fd9976389d8eee3bb54e352ea950aec,Merge branch 'update-curl' into release,[],Utilities/cmcurl/lib/multi.c,second/download/CMake/CMake-old-new/CMake-old-new/Kitware_CMake_old_file_168.cpp,second/download/CMake/CMake-old-new/CMake-old-new/Kitware_CMake_new_file_168.cpp,second/download/CMake/CMake-old-new/CMake-old-new/Kitware_CMake_patch_168.cpp
5bcbc3857fd9976389d8eee3bb54e352ea950aec,Merge branch 'update-curl' into release,[],Utilities/cmcurl/lib/sendf.c,second/download/CMake/CMake-old-new/CMake-old-new/Kitware_CMake_old_file_169.cpp,second/download/CMake/CMake-old-new/CMake-old-new/Kitware_CMake_new_file_169.cpp,second/download/CMake/CMake-old-new/CMake-old-new/Kitware_CMake_patch_169.cpp
5bcbc3857fd9976389d8eee3bb54e352ea950aec,Merge branch 'update-curl' into release,[],Utilities/cmcurl/lib/sendf.h,second/download/CMake/CMake-old-new/CMake-old-new/Kitware_CMake_old_file_170.cpp,second/download/CMake/CMake-old-new/CMake-old-new/Kitware_CMake_new_file_170.cpp,second/download/CMake/CMake-old-new/CMake-old-new/Kitware_CMake_patch_170.cpp
