class,class_size,patch_file,old_loc,old_log,new_log,function,function_loc,check,variable,edit,file,function,loc,log,check,variable,necessity
451,2,rsync-1.4.4_diff_rsync-1.4.5,391,"fprintf(stderr,""%s : %s\n"",fname,strerror(errno));","fprintf(FERROR,""%s : %s\n"",fname,strerror(errno));",/usr/info/code/cpp/LogMonitor/LogMonitor/second/download/rsync/gumtree/rsync_function_119.cpp,34,"[""lstat_ret""]","[""strerror_ret"", null, ""lstat_arg_ret""]","[[""stderr""], [""FERROR""]]",/usr/info/code/cpp/LogMonitor/LogMonitor/second/download/rsync/repos/rsync-1.4.4/flist.c,/usr/info/code/cpp/LogMonitor/LogMonitor/second/download/rsync/gumtree/rsync_repos_function_72_rsync-1.4.4.cpp,9,"fprintf(stderr,""%s: %s\n"",
	    fname,strerror(errno))","[""lstat_ret""]","[""strerror_ret"", null, ""lstat_arg_ret""]",accept-true
451,2,rsync-1.4.4_diff_rsync-1.4.5,391,"fprintf(stderr,""%s : %s\n"",fname,strerror(errno));","fprintf(FERROR,""%s : %s\n"",fname,strerror(errno));",/usr/info/code/cpp/LogMonitor/LogMonitor/second/download/rsync/gumtree/rsync_function_119.cpp,34,"[""lstat_ret""]","[""strerror_ret"", null, ""lstat_arg_ret""]","[[""stderr""], [""FERROR""]]",/usr/info/code/cpp/LogMonitor/LogMonitor/second/download/rsync/repos/rsync-1.4.4/flist.c,/usr/info/code/cpp/LogMonitor/LogMonitor/second/download/rsync/gumtree/rsync_repos_function_75_rsync-1.4.4.cpp,34,"fprintf(stderr,""%s : %s\n"",fname,strerror(errno))","[""lstat_ret""]","[""strerror_ret"", null, ""lstat_arg_ret""]",accept-true
484,8,rsync-1.4.4_diff_rsync-1.4.5,456,"fprintf(stderr,""recv_file_list starting\n"");","fprintf(FERROR,""recv_file_list starting\n"");",/usr/info/code/cpp/LogMonitor/LogMonitor/second/download/rsync/gumtree/rsync_function_125.cpp,6,[null],[null],"[[""stderr""], [""FERROR""]]",/usr/info/code/cpp/LogMonitor/LogMonitor/second/download/rsync/repos/rsync-1.4.4/match.c,/usr/info/code/cpp/LogMonitor/LogMonitor/second/download/rsync/gumtree/rsync_repos_function_4_rsync-1.4.4.cpp,12,"fprintf(stderr,""built hash table\n"")",[null],[null],accept-true
484,8,rsync-1.4.4_diff_rsync-1.4.5,456,"fprintf(stderr,""recv_file_list starting\n"");","fprintf(FERROR,""recv_file_list starting\n"");",/usr/info/code/cpp/LogMonitor/LogMonitor/second/download/rsync/gumtree/rsync_function_125.cpp,6,[null],[null],"[[""stderr""], [""FERROR""]]",/usr/info/code/cpp/LogMonitor/LogMonitor/second/download/rsync/repos/rsync-1.4.4/match.c,/usr/info/code/cpp/LogMonitor/LogMonitor/second/download/rsync/gumtree/rsync_repos_function_4_rsync-1.4.4.cpp,17,"fprintf(stderr,""done hash search\n"")",[null],[null],accept-true
484,8,rsync-1.4.4_diff_rsync-1.4.5,456,"fprintf(stderr,""recv_file_list starting\n"");","fprintf(FERROR,""recv_file_list starting\n"");",/usr/info/code/cpp/LogMonitor/LogMonitor/second/download/rsync/gumtree/rsync_function_125.cpp,6,[null],[null],"[[""stderr""], [""FERROR""]]",/usr/info/code/cpp/LogMonitor/LogMonitor/second/download/rsync/repos/rsync-1.4.4/exclude.c,/usr/info/code/cpp/LogMonitor/LogMonitor/second/download/rsync/gumtree/rsync_repos_function_9_rsync-1.4.4.cpp,8,"fprintf(stderr,""clearing exclude list\n"")",[null],[null],accept-true
484,8,rsync-1.4.4_diff_rsync-1.4.5,456,"fprintf(stderr,""recv_file_list starting\n"");","fprintf(FERROR,""recv_file_list starting\n"");",/usr/info/code/cpp/LogMonitor/LogMonitor/second/download/rsync/gumtree/rsync_function_125.cpp,6,[null],[null],"[[""stderr""], [""FERROR""]]",/usr/info/code/cpp/LogMonitor/LogMonitor/second/download/rsync/repos/rsync-1.4.4/rsync.c,/usr/info/code/cpp/LogMonitor/LogMonitor/second/download/rsync/gumtree/rsync_repos_function_59_rsync-1.4.4.cpp,110,"fprintf(stderr,""recv_files finished\n"")",[null],[null],accept-true
484,8,rsync-1.4.4_diff_rsync-1.4.5,456,"fprintf(stderr,""recv_file_list starting\n"");","fprintf(FERROR,""recv_file_list starting\n"");",/usr/info/code/cpp/LogMonitor/LogMonitor/second/download/rsync/gumtree/rsync_function_125.cpp,6,[null],[null],"[[""stderr""], [""FERROR""]]",/usr/info/code/cpp/LogMonitor/LogMonitor/second/download/rsync/repos/rsync-1.4.4/rsync.c,/usr/info/code/cpp/LogMonitor/LogMonitor/second/download/rsync/gumtree/rsync_repos_function_60_rsync-1.4.4.cpp,11,"fprintf(stderr,""send_files starting\n"")",[null],[null],accept-true
484,8,rsync-1.4.4_diff_rsync-1.4.5,456,"fprintf(stderr,""recv_file_list starting\n"");","fprintf(FERROR,""recv_file_list starting\n"");",/usr/info/code/cpp/LogMonitor/LogMonitor/second/download/rsync/gumtree/rsync_function_125.cpp,6,[null],[null],"[[""stderr""], [""FERROR""]]",/usr/info/code/cpp/LogMonitor/LogMonitor/second/download/rsync/repos/rsync-1.4.4/flist.c,/usr/info/code/cpp/LogMonitor/LogMonitor/second/download/rsync/gumtree/rsync_repos_function_76_rsync-1.4.4.cpp,6,"fprintf(stderr,""recv_file_list starting\n"")",[null],[null],accept-true
484,8,rsync-1.4.4_diff_rsync-1.4.5,456,"fprintf(stderr,""recv_file_list starting\n"");","fprintf(FERROR,""recv_file_list starting\n"");",/usr/info/code/cpp/LogMonitor/LogMonitor/second/download/rsync/gumtree/rsync_function_125.cpp,6,[null],[null],"[[""stderr""], [""FERROR""]]",/usr/info/code/cpp/LogMonitor/LogMonitor/second/download/rsync/repos/rsync-1.4.4/main.c,/usr/info/code/cpp/LogMonitor/LogMonitor/second/download/rsync/gumtree/rsync_repos_function_83_rsync-1.4.4.cpp,48,"fprintf(stderr,""cmd="")",[null],[null],accept-true
484,8,rsync-1.4.4_diff_rsync-1.4.5,456,"fprintf(stderr,""recv_file_list starting\n"");","fprintf(FERROR,""recv_file_list starting\n"");",/usr/info/code/cpp/LogMonitor/LogMonitor/second/download/rsync/gumtree/rsync_function_125.cpp,6,[null],[null],"[[""stderr""], [""FERROR""]]",/usr/info/code/cpp/LogMonitor/LogMonitor/second/download/rsync/repos/rsync-1.4.4/main.c,/usr/info/code/cpp/LogMonitor/LogMonitor/second/download/rsync/gumtree/rsync_repos_function_83_rsync-1.4.4.cpp,51,"fprintf(stderr,""\n"")",[null],[null],accept-true
479,5,rsync-1.4.4_diff_rsync-1.4.5,224,"fprintf(stderr,""chdir %s : %s\n"",name,strerror(errno));","fprintf(FERROR,""chdir %s : %s\n"",name,strerror(errno));",/usr/info/code/cpp/LogMonitor/LogMonitor/second/download/rsync/gumtree/rsync_function_136.cpp,7,"[""chdir_ret""]","[""strerror_ret"", null, ""chdir_arg_ret""]","[[""stderr""], [""FERROR""]]",/usr/info/code/cpp/LogMonitor/LogMonitor/second/download/rsync/repos/rsync-1.4.4/flist.c,/usr/info/code/cpp/LogMonitor/LogMonitor/second/download/rsync/gumtree/rsync_repos_function_75_rsync-1.4.4.cpp,59,"fprintf(stderr,""chdir %s : %s\n"",dir,strerror(errno))","[""chdir_ret""]","[""strerror_ret"", null, ""chdir_arg_ret""]",accept-true
479,5,rsync-1.4.4_diff_rsync-1.4.5,224,"fprintf(stderr,""chdir %s : %s\n"",name,strerror(errno));","fprintf(FERROR,""chdir %s : %s\n"",name,strerror(errno));",/usr/info/code/cpp/LogMonitor/LogMonitor/second/download/rsync/gumtree/rsync_function_136.cpp,7,"[""chdir_ret""]","[""strerror_ret"", null, ""chdir_arg_ret""]","[[""stderr""], [""FERROR""]]",/usr/info/code/cpp/LogMonitor/LogMonitor/second/download/rsync/repos/rsync-1.4.4/main.c,/usr/info/code/cpp/LogMonitor/LogMonitor/second/download/rsync/gumtree/rsync_repos_function_84_rsync-1.4.4.cpp,7,"fprintf(stderr,""chdir %s : %s\n"",name,strerror(errno))","[""chdir_ret""]","[""strerror_ret"", null, ""chdir_arg_ret""]",accept-true
479,5,rsync-1.4.4_diff_rsync-1.4.5,224,"fprintf(stderr,""chdir %s : %s\n"",name,strerror(errno));","fprintf(FERROR,""chdir %s : %s\n"",name,strerror(errno));",/usr/info/code/cpp/LogMonitor/LogMonitor/second/download/rsync/gumtree/rsync_function_136.cpp,7,"[""chdir_ret""]","[""strerror_ret"", null, ""chdir_arg_ret""]","[[""stderr""], [""FERROR""]]",/usr/info/code/cpp/LogMonitor/LogMonitor/second/download/rsync/repos/rsync-1.4.4/main.c,/usr/info/code/cpp/LogMonitor/LogMonitor/second/download/rsync/gumtree/rsync_repos_function_84_rsync-1.4.4.cpp,33,"fprintf(stderr,""chdir %s : %s\n"",name,strerror(errno))","[""chdir_ret""]","[""strerror_ret"", null, ""chdir_arg_ret""]",accept-true
479,5,rsync-1.4.4_diff_rsync-1.4.5,224,"fprintf(stderr,""chdir %s : %s\n"",name,strerror(errno));","fprintf(FERROR,""chdir %s : %s\n"",name,strerror(errno));",/usr/info/code/cpp/LogMonitor/LogMonitor/second/download/rsync/gumtree/rsync_function_136.cpp,7,"[""chdir_ret""]","[""strerror_ret"", null, ""chdir_arg_ret""]","[[""stderr""], [""FERROR""]]",/usr/info/code/cpp/LogMonitor/LogMonitor/second/download/rsync/repos/rsync-1.4.4/main.c,/usr/info/code/cpp/LogMonitor/LogMonitor/second/download/rsync/gumtree/rsync_repos_function_85_rsync-1.4.4.cpp,10,"fprintf(stderr,""chdir %s: %s\n"",dir,strerror(errno))","[""chdir_ret""]","[""strerror_ret"", null, ""chdir_arg_ret""]",accept-true
479,5,rsync-1.4.4_diff_rsync-1.4.5,224,"fprintf(stderr,""chdir %s : %s\n"",name,strerror(errno));","fprintf(FERROR,""chdir %s : %s\n"",name,strerror(errno));",/usr/info/code/cpp/LogMonitor/LogMonitor/second/download/rsync/gumtree/rsync_function_136.cpp,7,"[""chdir_ret""]","[""strerror_ret"", null, ""chdir_arg_ret""]","[[""stderr""], [""FERROR""]]",/usr/info/code/cpp/LogMonitor/LogMonitor/second/download/rsync/repos/rsync-1.4.4/main.c,/usr/info/code/cpp/LogMonitor/LogMonitor/second/download/rsync/gumtree/rsync_repos_function_86_rsync-1.4.4.cpp,15,"fprintf(stderr,""chdir %s : %s\n"",dir,strerror(errno))","[""chdir_ret""]","[""strerror_ret"", null, ""chdir_arg_ret""]",accept-true
453,2,rsync-1.4.4_diff_rsync-1.4.5,530,"fprintf(stderr,""-D only allowed for root\n"");","fprintf(FERROR,""-D only allowed for root\n"");",/usr/info/code/cpp/LogMonitor/LogMonitor/second/download/rsync/gumtree/rsync_function_150.cpp,108,"[""getuid_ret""]","[""usage_arg""]","[[""stderr""], [""FERROR""]]",/usr/info/code/cpp/LogMonitor/LogMonitor/second/download/rsync/repos/rsync-1.4.4/main.c,/usr/info/code/cpp/LogMonitor/LogMonitor/second/download/rsync/gumtree/rsync_repos_function_88_rsync-1.4.4.cpp,95,"fprintf(stderr,""-o only allowed for root\n"")","[""getuid_ret""]","[""usage_arg""]",accept-true
453,2,rsync-1.4.4_diff_rsync-1.4.5,530,"fprintf(stderr,""-D only allowed for root\n"");","fprintf(FERROR,""-D only allowed for root\n"");",/usr/info/code/cpp/LogMonitor/LogMonitor/second/download/rsync/gumtree/rsync_function_150.cpp,108,"[""getuid_ret""]","[""usage_arg""]","[[""stderr""], [""FERROR""]]",/usr/info/code/cpp/LogMonitor/LogMonitor/second/download/rsync/repos/rsync-1.4.4/main.c,/usr/info/code/cpp/LogMonitor/LogMonitor/second/download/rsync/gumtree/rsync_repos_function_88_rsync-1.4.4.cpp,108,"fprintf(stderr,""-D only allowed for root\n"")","[""getuid_ret""]","[""usage_arg""]",accept-true
452,2,rsync-1.4.4_diff_rsync-1.4.5,721,"fprintf(stderr,""nothing to do\n"");","fprintf(FERROR,""nothing to do\n"");",/usr/info/code/cpp/LogMonitor/LogMonitor/second/download/rsync/gumtree/rsync_function_158.cpp,299,"[""recv_file_list_ret"", ""recv_file_list_ret"", null]",[null],"[[""stderr""], [""FERROR""]]",/usr/info/code/cpp/LogMonitor/LogMonitor/second/download/rsync/repos/rsync-1.4.4/main.c,/usr/info/code/cpp/LogMonitor/LogMonitor/second/download/rsync/gumtree/rsync_repos_function_86_rsync-1.4.4.cpp,25,"fprintf(stderr,""nothing to do\n"")","[""recv_file_list_ret"", ""recv_file_list_ret"", null]",[null],accept-true
452,2,rsync-1.4.4_diff_rsync-1.4.5,721,"fprintf(stderr,""nothing to do\n"");","fprintf(FERROR,""nothing to do\n"");",/usr/info/code/cpp/LogMonitor/LogMonitor/second/download/rsync/gumtree/rsync_function_158.cpp,299,"[""recv_file_list_ret"", ""recv_file_list_ret"", null]",[null],"[[""stderr""], [""FERROR""]]",/usr/info/code/cpp/LogMonitor/LogMonitor/second/download/rsync/repos/rsync-1.4.4/main.c,/usr/info/code/cpp/LogMonitor/LogMonitor/second/download/rsync/gumtree/rsync_repos_function_88_rsync-1.4.4.cpp,299,"fprintf(stderr,""nothing to do\n"")","[""recv_file_list_ret"", ""recv_file_list_ret"", null]",[null],accept-true
454,2,rsync-1.4.4_diff_rsync-1.4.5,245,"fprintf(am_server?stderr:stdout,""%s is uptodate\n"",fname);","fprintf(FINFO,""%s is uptodate\n"",fname);",/usr/info/code/cpp/LogMonitor/LogMonitor/second/download/rsync/gumtree/rsync_function_179.cpp,54,"[""int""]","[null, null, null, ""chown_arg_ret""]","[[""am_server"", ""stderr"", ""stdout""], [""FINFO""]]",/usr/info/code/cpp/LogMonitor/LogMonitor/second/download/rsync/repos/rsync-1.4.4/rsync.c,/usr/info/code/cpp/LogMonitor/LogMonitor/second/download/rsync/gumtree/rsync_repos_function_52_rsync-1.4.4.cpp,52,"fprintf(am_server?stderr:stdout,""%s\n"",fname)","[""int""]","[null, null, null, ""chown_arg_ret""]",accept-true
454,2,rsync-1.4.4_diff_rsync-1.4.5,245,"fprintf(am_server?stderr:stdout,""%s is uptodate\n"",fname);","fprintf(FINFO,""%s is uptodate\n"",fname);",/usr/info/code/cpp/LogMonitor/LogMonitor/second/download/rsync/gumtree/rsync_function_179.cpp,54,"[""int""]","[null, null, null, ""chown_arg_ret""]","[[""am_server"", ""stderr"", ""stdout""], [""FINFO""]]",/usr/info/code/cpp/LogMonitor/LogMonitor/second/download/rsync/repos/rsync-1.4.4/rsync.c,/usr/info/code/cpp/LogMonitor/LogMonitor/second/download/rsync/gumtree/rsync_repos_function_52_rsync-1.4.4.cpp,54,"fprintf(am_server?stderr:stdout,""%s is uptodate\n"",fname)","[""int""]","[null, null, null, ""chown_arg_ret""]",accept-true
455,2,rsync-1.4.4_diff_rsync-1.4.5,333,"fprintf(stderr,""%s : not a regular file\n"",fname);","fprintf(FERROR,""%s : not a regular file\n"",fname);",/usr/info/code/cpp/LogMonitor/LogMonitor/second/download/rsync/gumtree/rsync_function_188.cpp,83,"[""S_ISREG_ret""]","[null, ""set_perms_arg_ret""]","[[""stderr""], [""FERROR""]]",/usr/info/code/cpp/LogMonitor/LogMonitor/second/download/rsync/repos/rsync-1.4.4/rsync.c,/usr/info/code/cpp/LogMonitor/LogMonitor/second/download/rsync/gumtree/rsync_repos_function_53_rsync-1.4.4.cpp,67,"fprintf(stderr,""skipping non-regular file %s\n"",fname)","[""S_ISREG_ret""]","[null, ""set_perms_arg_ret""]",accept-true
455,2,rsync-1.4.4_diff_rsync-1.4.5,333,"fprintf(stderr,""%s : not a regular file\n"",fname);","fprintf(FERROR,""%s : not a regular file\n"",fname);",/usr/info/code/cpp/LogMonitor/LogMonitor/second/download/rsync/gumtree/rsync_function_188.cpp,83,"[""S_ISREG_ret""]","[null, ""set_perms_arg_ret""]","[[""stderr""], [""FERROR""]]",/usr/info/code/cpp/LogMonitor/LogMonitor/second/download/rsync/repos/rsync-1.4.4/rsync.c,/usr/info/code/cpp/LogMonitor/LogMonitor/second/download/rsync/gumtree/rsync_repos_function_53_rsync-1.4.4.cpp,83,"fprintf(stderr,""%s : not a regular file\n"",fname)","[""S_ISREG_ret""]","[null, ""set_perms_arg_ret""]",accept-true
456,2,rsync-1.4.4_diff_rsync-1.4.5,339,"fprintf(stderr,""%s is newer\n"",fname);","fprintf(FERROR,""%s is newer\n"",fname);",/usr/info/code/cpp/LogMonitor/LogMonitor/second/download/rsync/gumtree/rsync_function_189.cpp,89,[null],"[null, ""set_perms_arg_ret""]","[[""stderr""], [""FERROR""]]",/usr/info/code/cpp/LogMonitor/LogMonitor/second/download/rsync/repos/rsync-1.4.4/rsync.c,/usr/info/code/cpp/LogMonitor/LogMonitor/second/download/rsync/gumtree/rsync_repos_function_53_rsync-1.4.4.cpp,77,"fprintf(stderr,""recv_generator failed to open %s\n"",fname)",[null],"[null, ""set_perms_arg_ret""]",accept-true
456,2,rsync-1.4.4_diff_rsync-1.4.5,339,"fprintf(stderr,""%s is newer\n"",fname);","fprintf(FERROR,""%s is newer\n"",fname);",/usr/info/code/cpp/LogMonitor/LogMonitor/second/download/rsync/gumtree/rsync_function_189.cpp,89,[null],"[null, ""set_perms_arg_ret""]","[[""stderr""], [""FERROR""]]",/usr/info/code/cpp/LogMonitor/LogMonitor/second/download/rsync/repos/rsync-1.4.4/rsync.c,/usr/info/code/cpp/LogMonitor/LogMonitor/second/download/rsync/gumtree/rsync_repos_function_53_rsync-1.4.4.cpp,89,"fprintf(stderr,""%s is newer\n"",fname)",[null],"[null, ""set_perms_arg_ret""]",accept-true
457,2,rsync-1.4.4_diff_rsync-1.4.5,450,"fprintf(stderr,""deleting directory %s\n"",f->name);","fprintf(FERROR,""deleting directory %s\n"",f->name);",/usr/info/code/cpp/LogMonitor/LogMonitor/second/download/rsync/gumtree/rsync_function_201.cpp,13,[null],"[null, "" struct file_struct"", null]","[[""stderr""], [""FERROR""]]",/usr/info/code/cpp/LogMonitor/LogMonitor/second/download/rsync/repos/rsync-1.4.4/rsync.c,/usr/info/code/cpp/LogMonitor/LogMonitor/second/download/rsync/gumtree/rsync_repos_function_55_rsync-1.4.4.cpp,6,"fprintf(stderr,""deleting %s\n"",f->name)",[null],"[null, "" struct file_struct"", null]",accept-true
457,2,rsync-1.4.4_diff_rsync-1.4.5,450,"fprintf(stderr,""deleting directory %s\n"",f->name);","fprintf(FERROR,""deleting directory %s\n"",f->name);",/usr/info/code/cpp/LogMonitor/LogMonitor/second/download/rsync/gumtree/rsync_function_201.cpp,13,[null],"[null, "" struct file_struct"", null]","[[""stderr""], [""FERROR""]]",/usr/info/code/cpp/LogMonitor/LogMonitor/second/download/rsync/repos/rsync-1.4.4/rsync.c,/usr/info/code/cpp/LogMonitor/LogMonitor/second/download/rsync/gumtree/rsync_repos_function_55_rsync-1.4.4.cpp,13,"fprintf(stderr,""deleting directory %s\n"",f->name)",[null],"[null, "" struct file_struct"", null]",accept-true
459,2,rsync-1.6.9_diff_rsync-1.7.0,452,"fprintf(FERROR,""skipping directory %s\n"",fname);","fprintf(FINFO,""skipping directory %s\n"",fname);",/usr/info/code/cpp/LogMonitor/LogMonitor/second/download/rsync/gumtree/rsync_function_314.cpp,40,"[""S_ISDIR_ret"", null]","[null, ""link_stat_arg_ret""]","[[""FERROR""], [""FINFO""]]",/usr/info/code/cpp/LogMonitor/LogMonitor/second/download/rsync/repos/rsync-1.6.9/flist.c,/usr/info/code/cpp/LogMonitor/LogMonitor/second/download/rsync/gumtree/rsync_repos_function_108_rsync-1.6.9.cpp,15,"fprintf(FERROR,""skipping directory %s\n"",fname)","[""S_ISDIR_ret"", null]","[null, ""link_stat_arg_ret""]",accept-true
459,2,rsync-1.6.9_diff_rsync-1.7.0,452,"fprintf(FERROR,""skipping directory %s\n"",fname);","fprintf(FINFO,""skipping directory %s\n"",fname);",/usr/info/code/cpp/LogMonitor/LogMonitor/second/download/rsync/gumtree/rsync_function_314.cpp,40,"[""S_ISDIR_ret"", null]","[null, ""link_stat_arg_ret""]","[[""FERROR""], [""FINFO""]]",/usr/info/code/cpp/LogMonitor/LogMonitor/second/download/rsync/repos/rsync-1.6.9/flist.c,/usr/info/code/cpp/LogMonitor/LogMonitor/second/download/rsync/gumtree/rsync_repos_function_111_rsync-1.6.9.cpp,40,"fprintf(FERROR,""skipping directory %s\n"",fname)","[""S_ISDIR_ret"", null]","[null, ""link_stat_arg_ret""]",accept-true
485,10,rsync-1.6.9_diff_rsync-1.7.0,243,"fprintf(FERROR,""cmd="");","fprintf(FINFO,""cmd="");",/usr/info/code/cpp/LogMonitor/LogMonitor/second/download/rsync/gumtree/rsync_function_328.cpp,60,[null],[null],"[[""FERROR""], [""FINFO""]]",/usr/info/code/cpp/LogMonitor/LogMonitor/second/download/rsync/repos/rsync-1.6.9/match.c,/usr/info/code/cpp/LogMonitor/LogMonitor/second/download/rsync/gumtree/rsync_repos_function_4_rsync-1.6.9.cpp,16,"fprintf(FERROR,""built hash table\n"")",[null],[null],accept-true
485,10,rsync-1.6.9_diff_rsync-1.7.0,243,"fprintf(FERROR,""cmd="");","fprintf(FINFO,""cmd="");",/usr/info/code/cpp/LogMonitor/LogMonitor/second/download/rsync/gumtree/rsync_function_328.cpp,60,[null],[null],"[[""FERROR""], [""FINFO""]]",/usr/info/code/cpp/LogMonitor/LogMonitor/second/download/rsync/repos/rsync-1.6.9/match.c,/usr/info/code/cpp/LogMonitor/LogMonitor/second/download/rsync/gumtree/rsync_repos_function_4_rsync-1.6.9.cpp,21,"fprintf(FERROR,""done hash search\n"")",[null],[null],accept-true
485,10,rsync-1.6.9_diff_rsync-1.7.0,243,"fprintf(FERROR,""cmd="");","fprintf(FINFO,""cmd="");",/usr/info/code/cpp/LogMonitor/LogMonitor/second/download/rsync/gumtree/rsync_function_328.cpp,60,[null],[null],"[[""FERROR""], [""FINFO""]]",/usr/info/code/cpp/LogMonitor/LogMonitor/second/download/rsync/repos/rsync-1.6.9/match.c,/usr/info/code/cpp/LogMonitor/LogMonitor/second/download/rsync/gumtree/rsync_repos_function_4_rsync-1.6.9.cpp,30,"fprintf(FERROR,""sending file_sum\n"")",[null],[null],accept-true
485,10,rsync-1.6.9_diff_rsync-1.7.0,243,"fprintf(FERROR,""cmd="");","fprintf(FINFO,""cmd="");",/usr/info/code/cpp/LogMonitor/LogMonitor/second/download/rsync/gumtree/rsync_function_328.cpp,60,[null],[null],"[[""FERROR""], [""FINFO""]]",/usr/info/code/cpp/LogMonitor/LogMonitor/second/download/rsync/repos/rsync-1.6.9/exclude.c,/usr/info/code/cpp/LogMonitor/LogMonitor/second/download/rsync/gumtree/rsync_repos_function_9_rsync-1.6.9.cpp,8,"fprintf(FERROR,""clearing exclude list\n"")",[null],[null],accept-true
485,10,rsync-1.6.9_diff_rsync-1.7.0,243,"fprintf(FERROR,""cmd="");","fprintf(FINFO,""cmd="");",/usr/info/code/cpp/LogMonitor/LogMonitor/second/download/rsync/gumtree/rsync_function_328.cpp,60,[null],[null],"[[""FERROR""], [""FINFO""]]",/usr/info/code/cpp/LogMonitor/LogMonitor/second/download/rsync/repos/rsync-1.6.9/rsync.c,/usr/info/code/cpp/LogMonitor/LogMonitor/second/download/rsync/gumtree/rsync_repos_function_86_rsync-1.6.9.cpp,62,"fprintf(FERROR,""got file_sum\n"")",[null],[null],accept-true
485,10,rsync-1.6.9_diff_rsync-1.7.0,243,"fprintf(FERROR,""cmd="");","fprintf(FINFO,""cmd="");",/usr/info/code/cpp/LogMonitor/LogMonitor/second/download/rsync/gumtree/rsync_function_328.cpp,60,[null],[null],"[[""FERROR""], [""FINFO""]]",/usr/info/code/cpp/LogMonitor/LogMonitor/second/download/rsync/repos/rsync-1.6.9/rsync.c,/usr/info/code/cpp/LogMonitor/LogMonitor/second/download/rsync/gumtree/rsync_repos_function_92_rsync-1.6.9.cpp,188,"fprintf(FERROR,""recv_files finished\n"")",[null],[null],accept-true
485,10,rsync-1.6.9_diff_rsync-1.7.0,243,"fprintf(FERROR,""cmd="");","fprintf(FINFO,""cmd="");",/usr/info/code/cpp/LogMonitor/LogMonitor/second/download/rsync/gumtree/rsync_function_328.cpp,60,[null],[null],"[[""FERROR""], [""FINFO""]]",/usr/info/code/cpp/LogMonitor/LogMonitor/second/download/rsync/repos/rsync-1.6.9/rsync.c,/usr/info/code/cpp/LogMonitor/LogMonitor/second/download/rsync/gumtree/rsync_repos_function_93_rsync-1.6.9.cpp,13,"fprintf(FERROR,""send_files starting\n"")",[null],[null],accept-true
485,10,rsync-1.6.9_diff_rsync-1.7.0,243,"fprintf(FERROR,""cmd="");","fprintf(FINFO,""cmd="");",/usr/info/code/cpp/LogMonitor/LogMonitor/second/download/rsync/gumtree/rsync_function_328.cpp,60,[null],[null],"[[""FERROR""], [""FINFO""]]",/usr/info/code/cpp/LogMonitor/LogMonitor/second/download/rsync/repos/rsync-1.6.9/rsync.c,/usr/info/code/cpp/LogMonitor/LogMonitor/second/download/rsync/gumtree/rsync_repos_function_93_rsync-1.6.9.cpp,115,"fprintf(FERROR,""send files finished\n"")",[null],[null],accept-true
485,10,rsync-1.6.9_diff_rsync-1.7.0,243,"fprintf(FERROR,""cmd="");","fprintf(FINFO,""cmd="");",/usr/info/code/cpp/LogMonitor/LogMonitor/second/download/rsync/gumtree/rsync_function_328.cpp,60,[null],[null],"[[""FERROR""], [""FINFO""]]",/usr/info/code/cpp/LogMonitor/LogMonitor/second/download/rsync/repos/rsync-1.6.9/main.c,/usr/info/code/cpp/LogMonitor/LogMonitor/second/download/rsync/gumtree/rsync_repos_function_119_rsync-1.6.9.cpp,60,"fprintf(FERROR,""cmd="")",[null],[null],accept-true
485,10,rsync-1.6.9_diff_rsync-1.7.0,243,"fprintf(FERROR,""cmd="");","fprintf(FINFO,""cmd="");",/usr/info/code/cpp/LogMonitor/LogMonitor/second/download/rsync/gumtree/rsync_function_328.cpp,60,[null],[null],"[[""FERROR""], [""FINFO""]]",/usr/info/code/cpp/LogMonitor/LogMonitor/second/download/rsync/repos/rsync-1.6.9/main.c,/usr/info/code/cpp/LogMonitor/LogMonitor/second/download/rsync/gumtree/rsync_repos_function_119_rsync-1.6.9.cpp,63,"fprintf(FERROR,""\n"")",[null],[null],accept-true
460,2,rsync-1.6.9_diff_rsync-1.7.0,548,"fprintf(FERROR,""deleting directory %s\n"",f->name);","fprintf(FINFO,""deleting directory %s\n"",f_name(f));",/usr/info/code/cpp/LogMonitor/LogMonitor/second/download/rsync/gumtree/rsync_function_378.cpp,13,[null],"[null, "" struct file_struct"", null]","[[""FERROR"", ""name""], [""FINFO"", ""f_name""]]",/usr/info/code/cpp/LogMonitor/LogMonitor/second/download/rsync/repos/rsync-1.6.9/rsync.c,/usr/info/code/cpp/LogMonitor/LogMonitor/second/download/rsync/gumtree/rsync_repos_function_87_rsync-1.6.9.cpp,6,"fprintf(FERROR,""deleting %s\n"",f->name)",[null],"[null, "" struct file_struct"", null]",accept-true
460,2,rsync-1.6.9_diff_rsync-1.7.0,548,"fprintf(FERROR,""deleting directory %s\n"",f->name);","fprintf(FINFO,""deleting directory %s\n"",f_name(f));",/usr/info/code/cpp/LogMonitor/LogMonitor/second/download/rsync/gumtree/rsync_function_378.cpp,13,[null],"[null, "" struct file_struct"", null]","[[""FERROR"", ""name""], [""FINFO"", ""f_name""]]",/usr/info/code/cpp/LogMonitor/LogMonitor/second/download/rsync/repos/rsync-1.6.9/rsync.c,/usr/info/code/cpp/LogMonitor/LogMonitor/second/download/rsync/gumtree/rsync_repos_function_87_rsync-1.6.9.cpp,13,"fprintf(FERROR,""deleting directory %s\n"",f->name)",[null],"[null, "" struct file_struct"", null]",accept-true
480,4,rsync-1.6.9_diff_rsync-1.7.0,887,"fprintf(FERROR,""send_files phase=%d\n"",phase);","fprintf(FINFO,""send_files phase=%d\n"",phase);",/usr/info/code/cpp/LogMonitor/LogMonitor/second/download/rsync/gumtree/rsync_function_389.cpp,27,[null],"[null, ""int""]","[[""FERROR""], [""FINFO""]]",/usr/info/code/cpp/LogMonitor/LogMonitor/second/download/rsync/repos/rsync-1.6.9/rsync.c,/usr/info/code/cpp/LogMonitor/LogMonitor/second/download/rsync/gumtree/rsync_repos_function_92_rsync-1.6.9.cpp,28,"fprintf(FERROR,""recv_files phase=%d\n"",phase)",[null],"[null, ""int""]",accept-true
480,4,rsync-1.6.9_diff_rsync-1.7.0,887,"fprintf(FERROR,""send_files phase=%d\n"",phase);","fprintf(FINFO,""send_files phase=%d\n"",phase);",/usr/info/code/cpp/LogMonitor/LogMonitor/second/download/rsync/gumtree/rsync_function_389.cpp,27,[null],"[null, ""int""]","[[""FERROR""], [""FINFO""]]",/usr/info/code/cpp/LogMonitor/LogMonitor/second/download/rsync/repos/rsync-1.6.9/rsync.c,/usr/info/code/cpp/LogMonitor/LogMonitor/second/download/rsync/gumtree/rsync_repos_function_93_rsync-1.6.9.cpp,27,"fprintf(FERROR,""send_files phase=%d\n"",phase)",[null],"[null, ""int""]",accept-true
480,4,rsync-1.6.9_diff_rsync-1.7.0,887,"fprintf(FERROR,""send_files phase=%d\n"",phase);","fprintf(FINFO,""send_files phase=%d\n"",phase);",/usr/info/code/cpp/LogMonitor/LogMonitor/second/download/rsync/gumtree/rsync_function_389.cpp,27,[null],"[null, ""int""]","[[""FERROR""], [""FINFO""]]",/usr/info/code/cpp/LogMonitor/LogMonitor/second/download/rsync/repos/rsync-1.6.9/rsync.c,/usr/info/code/cpp/LogMonitor/LogMonitor/second/download/rsync/gumtree/rsync_repos_function_94_rsync-1.6.9.cpp,32,"fprintf(FERROR,""generate_files phase=%d\n"",phase)",[null],"[null, ""int""]",accept-true
480,4,rsync-1.6.9_diff_rsync-1.7.0,887,"fprintf(FERROR,""send_files phase=%d\n"",phase);","fprintf(FINFO,""send_files phase=%d\n"",phase);",/usr/info/code/cpp/LogMonitor/LogMonitor/second/download/rsync/gumtree/rsync_function_389.cpp,27,[null],"[null, ""int""]","[[""FERROR""], [""FINFO""]]",/usr/info/code/cpp/LogMonitor/LogMonitor/second/download/rsync/repos/rsync-1.6.9/rsync.c,/usr/info/code/cpp/LogMonitor/LogMonitor/second/download/rsync/gumtree/rsync_repos_function_94_rsync-1.6.9.cpp,48,"fprintf(FERROR,""generate_files phase=%d\n"",phase)",[null],"[null, ""int""]",accept-true
466,3,rsync-1.7.4_diff_rsync-2.0.0,589,"fprintf(FERROR,""%s : %s\n"",fname,strerror(errno));","rprintf(FERROR,""%s : %s\n"",fname,strerror(errno));",/usr/info/code/cpp/LogMonitor/LogMonitor/second/download/rsync/gumtree/rsync_function_427.cpp,37,"[""link_stat_ret""]","[""strerror_ret"", null, ""link_stat_arg_ret""]","[[""fprintf""], [""rprintf""]]",/usr/info/code/cpp/LogMonitor/LogMonitor/second/download/rsync/repos/rsync-1.7.4/rsync.c,/usr/info/code/cpp/LogMonitor/LogMonitor/second/download/rsync/gumtree/rsync_repos_function_92_rsync-1.7.4.cpp,10,"fprintf(FERROR,""stat %s : %s\n"",fname,strerror(errno))","[""link_stat_ret""]","[""strerror_ret"", null, ""link_stat_arg_ret""]",accept-true
466,3,rsync-1.7.4_diff_rsync-2.0.0,589,"fprintf(FERROR,""%s : %s\n"",fname,strerror(errno));","rprintf(FERROR,""%s : %s\n"",fname,strerror(errno));",/usr/info/code/cpp/LogMonitor/LogMonitor/second/download/rsync/gumtree/rsync_function_427.cpp,37,"[""link_stat_ret""]","[""strerror_ret"", null, ""link_stat_arg_ret""]","[[""fprintf""], [""rprintf""]]",/usr/info/code/cpp/LogMonitor/LogMonitor/second/download/rsync/repos/rsync-1.7.4/flist.c,/usr/info/code/cpp/LogMonitor/LogMonitor/second/download/rsync/gumtree/rsync_repos_function_132_rsync-1.7.4.cpp,17,"fprintf(FERROR,""%s: %s\n"",
			fname,strerror(errno))","[""link_stat_ret""]","[""strerror_ret"", null, ""link_stat_arg_ret""]",accept-true
466,3,rsync-1.7.4_diff_rsync-2.0.0,589,"fprintf(FERROR,""%s : %s\n"",fname,strerror(errno));","rprintf(FERROR,""%s : %s\n"",fname,strerror(errno));",/usr/info/code/cpp/LogMonitor/LogMonitor/second/download/rsync/gumtree/rsync_function_427.cpp,37,"[""link_stat_ret""]","[""strerror_ret"", null, ""link_stat_arg_ret""]","[[""fprintf""], [""rprintf""]]",/usr/info/code/cpp/LogMonitor/LogMonitor/second/download/rsync/repos/rsync-1.7.4/flist.c,/usr/info/code/cpp/LogMonitor/LogMonitor/second/download/rsync/gumtree/rsync_repos_function_135_rsync-1.7.4.cpp,37,"fprintf(FERROR,""%s : %s\n"",fname,strerror(errno))","[""link_stat_ret""]","[""strerror_ret"", null, ""link_stat_arg_ret""]",accept-true
486,13,rsync-1.7.4_diff_rsync-2.0.0,681,"fprintf(FINFO,""send_file_list done\n"");","rprintf(FINFO,""send_file_list done\n"");",/usr/info/code/cpp/LogMonitor/LogMonitor/second/download/rsync/gumtree/rsync_function_433.cpp,129,[null],[null],"[[""fprintf""], [""rprintf""]]",/usr/info/code/cpp/LogMonitor/LogMonitor/second/download/rsync/repos/rsync-1.7.4/match.c,/usr/info/code/cpp/LogMonitor/LogMonitor/second/download/rsync/gumtree/rsync_repos_function_4_rsync-1.7.4.cpp,16,"fprintf(FINFO,""built hash table\n"")",[null],[null],accept-true
486,13,rsync-1.7.4_diff_rsync-2.0.0,681,"fprintf(FINFO,""send_file_list done\n"");","rprintf(FINFO,""send_file_list done\n"");",/usr/info/code/cpp/LogMonitor/LogMonitor/second/download/rsync/gumtree/rsync_function_433.cpp,129,[null],[null],"[[""fprintf""], [""rprintf""]]",/usr/info/code/cpp/LogMonitor/LogMonitor/second/download/rsync/repos/rsync-1.7.4/match.c,/usr/info/code/cpp/LogMonitor/LogMonitor/second/download/rsync/gumtree/rsync_repos_function_4_rsync-1.7.4.cpp,21,"fprintf(FINFO,""done hash search\n"")",[null],[null],accept-true
486,13,rsync-1.7.4_diff_rsync-2.0.0,681,"fprintf(FINFO,""send_file_list done\n"");","rprintf(FINFO,""send_file_list done\n"");",/usr/info/code/cpp/LogMonitor/LogMonitor/second/download/rsync/gumtree/rsync_function_433.cpp,129,[null],[null],"[[""fprintf""], [""rprintf""]]",/usr/info/code/cpp/LogMonitor/LogMonitor/second/download/rsync/repos/rsync-1.7.4/match.c,/usr/info/code/cpp/LogMonitor/LogMonitor/second/download/rsync/gumtree/rsync_repos_function_4_rsync-1.7.4.cpp,30,"fprintf(FINFO,""sending file_sum\n"")",[null],[null],accept-true
486,13,rsync-1.7.4_diff_rsync-2.0.0,681,"fprintf(FINFO,""send_file_list done\n"");","rprintf(FINFO,""send_file_list done\n"");",/usr/info/code/cpp/LogMonitor/LogMonitor/second/download/rsync/gumtree/rsync_function_433.cpp,129,[null],[null],"[[""fprintf""], [""rprintf""]]",/usr/info/code/cpp/LogMonitor/LogMonitor/second/download/rsync/repos/rsync-1.7.4/exclude.c,/usr/info/code/cpp/LogMonitor/LogMonitor/second/download/rsync/gumtree/rsync_repos_function_9_rsync-1.7.4.cpp,8,"fprintf(FINFO,""clearing exclude list\n"")",[null],[null],accept-true
486,13,rsync-1.7.4_diff_rsync-2.0.0,681,"fprintf(FINFO,""send_file_list done\n"");","rprintf(FINFO,""send_file_list done\n"");",/usr/info/code/cpp/LogMonitor/LogMonitor/second/download/rsync/gumtree/rsync_function_433.cpp,129,[null],[null],"[[""fprintf""], [""rprintf""]]",/usr/info/code/cpp/LogMonitor/LogMonitor/second/download/rsync/repos/rsync-1.7.4/rsync.c,/usr/info/code/cpp/LogMonitor/LogMonitor/second/download/rsync/gumtree/rsync_repos_function_96_rsync-1.7.4.cpp,62,"fprintf(FINFO,""got file_sum\n"")",[null],[null],accept-true
486,13,rsync-1.7.4_diff_rsync-2.0.0,681,"fprintf(FINFO,""send_file_list done\n"");","rprintf(FINFO,""send_file_list done\n"");",/usr/info/code/cpp/LogMonitor/LogMonitor/second/download/rsync/gumtree/rsync_function_433.cpp,129,[null],[null],"[[""fprintf""], [""rprintf""]]",/usr/info/code/cpp/LogMonitor/LogMonitor/second/download/rsync/repos/rsync-1.7.4/rsync.c,/usr/info/code/cpp/LogMonitor/LogMonitor/second/download/rsync/gumtree/rsync_repos_function_100_rsync-1.7.4.cpp,10,"fprintf(FINFO,""IO error encountered - skipping file deletion\n"")",[null],[null],accept-true
486,13,rsync-1.7.4_diff_rsync-2.0.0,681,"fprintf(FINFO,""send_file_list done\n"");","rprintf(FINFO,""send_file_list done\n"");",/usr/info/code/cpp/LogMonitor/LogMonitor/second/download/rsync/gumtree/rsync_function_433.cpp,129,[null],[null],"[[""fprintf""], [""rprintf""]]",/usr/info/code/cpp/LogMonitor/LogMonitor/second/download/rsync/repos/rsync-1.7.4/rsync.c,/usr/info/code/cpp/LogMonitor/LogMonitor/second/download/rsync/gumtree/rsync_repos_function_103_rsync-1.7.4.cpp,192,"fprintf(FINFO,""recv_files finished\n"")",[null],[null],accept-true
486,13,rsync-1.7.4_diff_rsync-2.0.0,681,"fprintf(FINFO,""send_file_list done\n"");","rprintf(FINFO,""send_file_list done\n"");",/usr/info/code/cpp/LogMonitor/LogMonitor/second/download/rsync/gumtree/rsync_function_433.cpp,129,[null],[null],"[[""fprintf""], [""rprintf""]]",/usr/info/code/cpp/LogMonitor/LogMonitor/second/download/rsync/repos/rsync-1.7.4/rsync.c,/usr/info/code/cpp/LogMonitor/LogMonitor/second/download/rsync/gumtree/rsync_repos_function_104_rsync-1.7.4.cpp,13,"fprintf(FINFO,""send_files starting\n"")",[null],[null],accept-true
486,13,rsync-1.7.4_diff_rsync-2.0.0,681,"fprintf(FINFO,""send_file_list done\n"");","rprintf(FINFO,""send_file_list done\n"");",/usr/info/code/cpp/LogMonitor/LogMonitor/second/download/rsync/gumtree/rsync_function_433.cpp,129,[null],[null],"[[""fprintf""], [""rprintf""]]",/usr/info/code/cpp/LogMonitor/LogMonitor/second/download/rsync/repos/rsync-1.7.4/rsync.c,/usr/info/code/cpp/LogMonitor/LogMonitor/second/download/rsync/gumtree/rsync_repos_function_104_rsync-1.7.4.cpp,119,"fprintf(FINFO,""send files finished\n"")",[null],[null],accept-true
486,13,rsync-1.7.4_diff_rsync-2.0.0,681,"fprintf(FINFO,""send_file_list done\n"");","rprintf(FINFO,""send_file_list done\n"");",/usr/info/code/cpp/LogMonitor/LogMonitor/second/download/rsync/gumtree/rsync_function_433.cpp,129,[null],[null],"[[""fprintf""], [""rprintf""]]",/usr/info/code/cpp/LogMonitor/LogMonitor/second/download/rsync/repos/rsync-1.7.4/flist.c,/usr/info/code/cpp/LogMonitor/LogMonitor/second/download/rsync/gumtree/rsync_repos_function_135_rsync-1.7.4.cpp,129,"fprintf(FINFO,""send_file_list done\n"")",[null],[null],accept-true
486,13,rsync-1.7.4_diff_rsync-2.0.0,681,"fprintf(FINFO,""send_file_list done\n"");","rprintf(FINFO,""send_file_list done\n"");",/usr/info/code/cpp/LogMonitor/LogMonitor/second/download/rsync/gumtree/rsync_function_433.cpp,129,[null],[null],"[[""fprintf""], [""rprintf""]]",/usr/info/code/cpp/LogMonitor/LogMonitor/second/download/rsync/repos/rsync-1.7.4/flist.c,/usr/info/code/cpp/LogMonitor/LogMonitor/second/download/rsync/gumtree/rsync_repos_function_136_rsync-1.7.4.cpp,69,"fprintf(FINFO,""recv_file_list done\n"")",[null],[null],accept-true
486,13,rsync-1.7.4_diff_rsync-2.0.0,681,"fprintf(FINFO,""send_file_list done\n"");","rprintf(FINFO,""send_file_list done\n"");",/usr/info/code/cpp/LogMonitor/LogMonitor/second/download/rsync/gumtree/rsync_function_433.cpp,129,[null],[null],"[[""fprintf""], [""rprintf""]]",/usr/info/code/cpp/LogMonitor/LogMonitor/second/download/rsync/repos/rsync-1.7.4/main.c,/usr/info/code/cpp/LogMonitor/LogMonitor/second/download/rsync/gumtree/rsync_repos_function_145_rsync-1.7.4.cpp,47,"fprintf(FINFO,""cmd="")",[null],[null],accept-true
486,13,rsync-1.7.4_diff_rsync-2.0.0,681,"fprintf(FINFO,""send_file_list done\n"");","rprintf(FINFO,""send_file_list done\n"");",/usr/info/code/cpp/LogMonitor/LogMonitor/second/download/rsync/gumtree/rsync_function_433.cpp,129,[null],[null],"[[""fprintf""], [""rprintf""]]",/usr/info/code/cpp/LogMonitor/LogMonitor/second/download/rsync/repos/rsync-1.7.4/main.c,/usr/info/code/cpp/LogMonitor/LogMonitor/second/download/rsync/gumtree/rsync_repos_function_145_rsync-1.7.4.cpp,50,"fprintf(FINFO,""\n"")",[null],[null],accept-true
462,2,rsync-1.7.4_diff_rsync-2.0.0,126,"fprintf(FINFO,""link %s => %s : %s\n"",
					f_name(&hlink_list[i]),
					f_name(&hlink_list[i-1]),strerror(errno));","rprintf(FINFO,""link %s => %s : %s\n"",
					f_name(&hlink_list[i]),
					f_name(&hlink_list[i-1]),strerror(errno));",/usr/info/code/cpp/LogMonitor/LogMonitor/second/download/rsync/gumtree/rsync_function_441.cpp,20,[null],"[""f_name_ret"", ""f_name_ret"", ""strerror_ret"", null]","[[""fprintf""], [""rprintf""]]",/usr/info/code/cpp/LogMonitor/LogMonitor/second/download/rsync/repos/rsync-1.7.4/hlink.c,/usr/info/code/cpp/LogMonitor/LogMonitor/second/download/rsync/gumtree/rsync_repos_function_68_rsync-1.7.4.cpp,9,"fprintf(FINFO,""link %s => %s : %s\n"",
					f_name(&hlink_list[i]),
					f_name(&hlink_list[i-1]),strerror(errno))",[null],"[""f_name_ret"", ""f_name_ret"", ""strerror_ret"", null]",accept-true
462,2,rsync-1.7.4_diff_rsync-2.0.0,126,"fprintf(FINFO,""link %s => %s : %s\n"",
					f_name(&hlink_list[i]),
					f_name(&hlink_list[i-1]),strerror(errno));","rprintf(FINFO,""link %s => %s : %s\n"",
					f_name(&hlink_list[i]),
					f_name(&hlink_list[i-1]),strerror(errno));",/usr/info/code/cpp/LogMonitor/LogMonitor/second/download/rsync/gumtree/rsync_function_441.cpp,20,[null],"[""f_name_ret"", ""f_name_ret"", ""strerror_ret"", null]","[[""fprintf""], [""rprintf""]]",/usr/info/code/cpp/LogMonitor/LogMonitor/second/download/rsync/repos/rsync-1.7.4/hlink.c,/usr/info/code/cpp/LogMonitor/LogMonitor/second/download/rsync/gumtree/rsync_repos_function_68_rsync-1.7.4.cpp,20,"fprintf(FINFO,""link %s => %s : %s\n"",
					f_name(&hlink_list[i]),
					f_name(&hlink_list[i-1]),strerror(errno))",[null],"[""f_name_ret"", ""f_name_ret"", ""strerror_ret"", null]",accept-true
463,2,rsync-1.7.4_diff_rsync-2.0.0,196,"fprintf(FERROR,""(%d) Error reading %d bytes : %s\n"",
					getpid(),8,ret==-1?strerror(errno):""EOF"");","rprintf(FERROR,""(%d) Error reading %d bytes : %s\n"",
					getpid(),8,ret==-1?strerror(errno):""EOF"");",/usr/info/code/cpp/LogMonitor/LogMonitor/second/download/rsync/gumtree/rsync_function_446.cpp,16,[null],"[""getpid_ret"", ""strerror_ret"", null, ""readfd_ret""]","[[""fprintf""], [""rprintf""]]",/usr/info/code/cpp/LogMonitor/LogMonitor/second/download/rsync/repos/rsync-1.7.4/io.c,/usr/info/code/cpp/LogMonitor/LogMonitor/second/download/rsync/gumtree/rsync_repos_function_36_rsync-1.7.4.cpp,6,"fprintf(FERROR,""(%d) Error reading %d bytes : %s\n"",
	      getpid(),4,ret==-1?strerror(errno):""EOF"")",[null],"[""getpid_ret"", ""strerror_ret"", null, ""readfd_ret""]",accept-true
463,2,rsync-1.7.4_diff_rsync-2.0.0,196,"fprintf(FERROR,""(%d) Error reading %d bytes : %s\n"",
					getpid(),8,ret==-1?strerror(errno):""EOF"");","rprintf(FERROR,""(%d) Error reading %d bytes : %s\n"",
					getpid(),8,ret==-1?strerror(errno):""EOF"");",/usr/info/code/cpp/LogMonitor/LogMonitor/second/download/rsync/gumtree/rsync_function_446.cpp,16,[null],"[""getpid_ret"", ""strerror_ret"", null, ""readfd_ret""]","[[""fprintf""], [""rprintf""]]",/usr/info/code/cpp/LogMonitor/LogMonitor/second/download/rsync/repos/rsync-1.7.4/io.c,/usr/info/code/cpp/LogMonitor/LogMonitor/second/download/rsync/gumtree/rsync_repos_function_37_rsync-1.7.4.cpp,16,"fprintf(FERROR,""(%d) Error reading %d bytes : %s\n"",
					getpid(),8,ret==-1?strerror(errno):""EOF"")",[null],"[""getpid_ret"", ""strerror_ret"", null, ""readfd_ret""]",accept-true
464,2,rsync-1.7.4_diff_rsync-2.0.0,407,"fprintf(FERROR,""write_longint failed : %s\n"",
			ret==-1?strerror(errno):""EOF"");","rprintf(FERROR,""write_longint failed : %s\n"",
			ret==-1?strerror(errno):""EOF"");",/usr/info/code/cpp/LogMonitor/LogMonitor/second/download/rsync/gumtree/rsync_function_450.cpp,16,"[""writefd_ret"", ""writefd_ret""]","[""strerror_ret"", null, ""writefd_ret""]","[[""fprintf""], [""rprintf""]]",/usr/info/code/cpp/LogMonitor/LogMonitor/second/download/rsync/repos/rsync-1.7.4/io.c,/usr/info/code/cpp/LogMonitor/LogMonitor/second/download/rsync/gumtree/rsync_repos_function_45_rsync-1.7.4.cpp,6,"fprintf(FERROR,""write_int failed : %s\n"",
	    ret==-1?strerror(errno):""EOF"")","[""writefd_ret"", ""writefd_ret""]","[""strerror_ret"", null, ""writefd_ret""]",accept-true
464,2,rsync-1.7.4_diff_rsync-2.0.0,407,"fprintf(FERROR,""write_longint failed : %s\n"",
			ret==-1?strerror(errno):""EOF"");","rprintf(FERROR,""write_longint failed : %s\n"",
			ret==-1?strerror(errno):""EOF"");",/usr/info/code/cpp/LogMonitor/LogMonitor/second/download/rsync/gumtree/rsync_function_450.cpp,16,"[""writefd_ret"", ""writefd_ret""]","[""strerror_ret"", null, ""writefd_ret""]","[[""fprintf""], [""rprintf""]]",/usr/info/code/cpp/LogMonitor/LogMonitor/second/download/rsync/repos/rsync-1.7.4/io.c,/usr/info/code/cpp/LogMonitor/LogMonitor/second/download/rsync/gumtree/rsync_repos_function_46_rsync-1.7.4.cpp,16,"fprintf(FERROR,""write_longint failed : %s\n"",
			ret==-1?strerror(errno):""EOF"")","[""writefd_ret"", ""writefd_ret""]","[""strerror_ret"", null, ""writefd_ret""]",accept-true
481,4,rsync-1.7.4_diff_rsync-2.0.0,280,"fprintf(FERROR,""chdir %s : %s (1)\n"",name,strerror(errno));","rprintf(FERROR,""chdir %s : %s (1)\n"",name,strerror(errno));",/usr/info/code/cpp/LogMonitor/LogMonitor/second/download/rsync/gumtree/rsync_function_455.cpp,7,"[""chdir_ret""]","[""strerror_ret"", null, ""chdir_arg_ret""]","[[""fprintf""], [""rprintf""]]",/usr/info/code/cpp/LogMonitor/LogMonitor/second/download/rsync/repos/rsync-1.7.4/flist.c,/usr/info/code/cpp/LogMonitor/LogMonitor/second/download/rsync/gumtree/rsync_repos_function_135_rsync-1.7.4.cpp,85,"fprintf(FERROR,""chdir %s : %s\n"",
					dir,strerror(errno))","[""chdir_ret""]","[""strerror_ret"", null, ""chdir_arg_ret""]",accept-true
481,4,rsync-1.7.4_diff_rsync-2.0.0,280,"fprintf(FERROR,""chdir %s : %s (1)\n"",name,strerror(errno));","rprintf(FERROR,""chdir %s : %s (1)\n"",name,strerror(errno));",/usr/info/code/cpp/LogMonitor/LogMonitor/second/download/rsync/gumtree/rsync_function_455.cpp,7,"[""chdir_ret""]","[""strerror_ret"", null, ""chdir_arg_ret""]","[[""fprintf""], [""rprintf""]]",/usr/info/code/cpp/LogMonitor/LogMonitor/second/download/rsync/repos/rsync-1.7.4/main.c,/usr/info/code/cpp/LogMonitor/LogMonitor/second/download/rsync/gumtree/rsync_repos_function_146_rsync-1.7.4.cpp,7,"fprintf(FERROR,""chdir %s : %s (1)\n"",name,strerror(errno))","[""chdir_ret""]","[""strerror_ret"", null, ""chdir_arg_ret""]",accept-true
481,4,rsync-1.7.4_diff_rsync-2.0.0,280,"fprintf(FERROR,""chdir %s : %s (1)\n"",name,strerror(errno));","rprintf(FERROR,""chdir %s : %s (1)\n"",name,strerror(errno));",/usr/info/code/cpp/LogMonitor/LogMonitor/second/download/rsync/gumtree/rsync_function_455.cpp,7,"[""chdir_ret""]","[""strerror_ret"", null, ""chdir_arg_ret""]","[[""fprintf""], [""rprintf""]]",/usr/info/code/cpp/LogMonitor/LogMonitor/second/download/rsync/repos/rsync-1.7.4/main.c,/usr/info/code/cpp/LogMonitor/LogMonitor/second/download/rsync/gumtree/rsync_repos_function_146_rsync-1.7.4.cpp,33,"fprintf(FERROR,""chdir %s : %s (2)\n"",name,strerror(errno))","[""chdir_ret""]","[""strerror_ret"", null, ""chdir_arg_ret""]",accept-true
481,4,rsync-1.7.4_diff_rsync-2.0.0,280,"fprintf(FERROR,""chdir %s : %s (1)\n"",name,strerror(errno));","rprintf(FERROR,""chdir %s : %s (1)\n"",name,strerror(errno));",/usr/info/code/cpp/LogMonitor/LogMonitor/second/download/rsync/gumtree/rsync_function_455.cpp,7,"[""chdir_ret""]","[""strerror_ret"", null, ""chdir_arg_ret""]","[[""fprintf""], [""rprintf""]]",/usr/info/code/cpp/LogMonitor/LogMonitor/second/download/rsync/repos/rsync-1.7.4/main.c,/usr/info/code/cpp/LogMonitor/LogMonitor/second/download/rsync/gumtree/rsync_repos_function_149_rsync-1.7.4.cpp,15,"fprintf(FERROR,""chdir %s : %s (4)\n"",
			  dir,strerror(errno))","[""chdir_ret""]","[""strerror_ret"", null, ""chdir_arg_ret""]",accept-true
465,2,rsync-1.7.4_diff_rsync-2.0.0,854,"fprintf(FINFO,""nothing to do\n"");","rprintf(FINFO,""nothing to do\n"");",/usr/info/code/cpp/LogMonitor/LogMonitor/second/download/rsync/gumtree/rsync_function_514.cpp,314,"[""recv_file_list_ret"", ""recv_file_list_ret"", null]",[null],"[[""fprintf""], [""rprintf""]]",/usr/info/code/cpp/LogMonitor/LogMonitor/second/download/rsync/repos/rsync-1.7.4/main.c,/usr/info/code/cpp/LogMonitor/LogMonitor/second/download/rsync/gumtree/rsync_repos_function_149_rsync-1.7.4.cpp,26,"fprintf(FERROR,""nothing to do\n"")","[""recv_file_list_ret"", ""recv_file_list_ret"", null]",[null],accept-true
465,2,rsync-1.7.4_diff_rsync-2.0.0,854,"fprintf(FINFO,""nothing to do\n"");","rprintf(FINFO,""nothing to do\n"");",/usr/info/code/cpp/LogMonitor/LogMonitor/second/download/rsync/gumtree/rsync_function_514.cpp,314,"[""recv_file_list_ret"", ""recv_file_list_ret"", null]",[null],"[[""fprintf""], [""rprintf""]]",/usr/info/code/cpp/LogMonitor/LogMonitor/second/download/rsync/repos/rsync-1.7.4/main.c,/usr/info/code/cpp/LogMonitor/LogMonitor/second/download/rsync/gumtree/rsync_repos_function_153_rsync-1.7.4.cpp,314,"fprintf(FINFO,""nothing to do\n"")","[""recv_file_list_ret"", ""recv_file_list_ret"", null]",[null],accept-true
461,2,rsync-1.7.4_diff_rsync-2.0.0,103,"fprintf(FERROR,""opendir(%s): %s\n"",
			fname,strerror(errno));","rprintf(FERROR,""opendir(%s): %s\n"",
			fname,strerror(errno));",/usr/info/code/cpp/LogMonitor/LogMonitor/second/download/rsync/gumtree/rsync_function_531.cpp,35,"[""opendir_ret""]","[""strerror_ret"", null, ""opendir_arg_ret""]","[[""fprintf""], [""rprintf""]]",/usr/info/code/cpp/LogMonitor/LogMonitor/second/download/rsync/repos/rsync-1.7.4/rsync.c,/usr/info/code/cpp/LogMonitor/LogMonitor/second/download/rsync/gumtree/rsync_repos_function_88_rsync-1.7.4.cpp,35,"fprintf(FERROR,""opendir(%s): %s\n"",
			fname,strerror(errno))","[""opendir_ret""]","[""strerror_ret"", null, ""opendir_arg_ret""]",accept-true
461,2,rsync-1.7.4_diff_rsync-2.0.0,103,"fprintf(FERROR,""opendir(%s): %s\n"",
			fname,strerror(errno));","rprintf(FERROR,""opendir(%s): %s\n"",
			fname,strerror(errno));",/usr/info/code/cpp/LogMonitor/LogMonitor/second/download/rsync/gumtree/rsync_function_531.cpp,35,"[""opendir_ret""]","[""strerror_ret"", null, ""opendir_arg_ret""]","[[""fprintf""], [""rprintf""]]",/usr/info/code/cpp/LogMonitor/LogMonitor/second/download/rsync/repos/rsync-1.7.4/flist.c,/usr/info/code/cpp/LogMonitor/LogMonitor/second/download/rsync/gumtree/rsync_repos_function_134_rsync-1.7.4.cpp,11,"fprintf(FERROR,""%s: %s\n"",
			dir,strerror(errno))","[""opendir_ret""]","[""strerror_ret"", null, ""opendir_arg_ret""]",accept-true
467,2,rsync-1.7.4_diff_rsync-2.0.0,323,"fprintf(FINFO,""%s is uptodate\n"",fname);","rprintf(FINFO,""%s is uptodate\n"",fname);",/usr/info/code/cpp/LogMonitor/LogMonitor/second/download/rsync/gumtree/rsync_function_543.cpp,57,"[""int""]","[null, ""do_lchown_arg_ret""]","[[""fprintf""], [""rprintf""]]",/usr/info/code/cpp/LogMonitor/LogMonitor/second/download/rsync/repos/rsync-1.7.4/rsync.c,/usr/info/code/cpp/LogMonitor/LogMonitor/second/download/rsync/gumtree/rsync_repos_function_92_rsync-1.7.4.cpp,55,"fprintf(FINFO,""%s\n"",fname)","[""int""]","[null, ""do_lchown_arg_ret""]",accept-true
467,2,rsync-1.7.4_diff_rsync-2.0.0,323,"fprintf(FINFO,""%s is uptodate\n"",fname);","rprintf(FINFO,""%s is uptodate\n"",fname);",/usr/info/code/cpp/LogMonitor/LogMonitor/second/download/rsync/gumtree/rsync_function_543.cpp,57,"[""int""]","[null, ""do_lchown_arg_ret""]","[[""fprintf""], [""rprintf""]]",/usr/info/code/cpp/LogMonitor/LogMonitor/second/download/rsync/repos/rsync-1.7.4/rsync.c,/usr/info/code/cpp/LogMonitor/LogMonitor/second/download/rsync/gumtree/rsync_repos_function_92_rsync-1.7.4.cpp,57,"fprintf(FINFO,""%s is uptodate\n"",fname)","[""int""]","[null, ""do_lchown_arg_ret""]",accept-true
482,5,rsync-1.7.4_diff_rsync-2.0.0,452,"fprintf(FINFO,""%s is a hard link\n"",f_name(file));","rprintf(FINFO,""%s is a hard link\n"",f_name(file));",/usr/info/code/cpp/LogMonitor/LogMonitor/second/download/rsync/gumtree/rsync_function_553.cpp,89,[null],"[""f_name_ret"", null]","[[""fprintf""], [""rprintf""]]",/usr/info/code/cpp/LogMonitor/LogMonitor/second/download/rsync/repos/rsync-1.7.4/rsync.c,/usr/info/code/cpp/LogMonitor/LogMonitor/second/download/rsync/gumtree/rsync_repos_function_95_rsync-1.7.4.cpp,89,"fprintf(FINFO,""%s is a hard link\n"",f_name(file))",[null],"[""f_name_ret"", null]",accept-true
482,5,rsync-1.7.4_diff_rsync-2.0.0,452,"fprintf(FINFO,""%s is a hard link\n"",f_name(file));","rprintf(FINFO,""%s is a hard link\n"",f_name(file));",/usr/info/code/cpp/LogMonitor/LogMonitor/second/download/rsync/gumtree/rsync_function_553.cpp,89,[null],"[""f_name_ret"", null]","[[""fprintf""], [""rprintf""]]",/usr/info/code/cpp/LogMonitor/LogMonitor/second/download/rsync/repos/rsync-1.7.4/rsync.c,/usr/info/code/cpp/LogMonitor/LogMonitor/second/download/rsync/gumtree/rsync_repos_function_97_rsync-1.7.4.cpp,6,"fprintf(FINFO,""deleting %s\n"",f_name(f))",[null],"[""f_name_ret"", null]",accept-true
482,5,rsync-1.7.4_diff_rsync-2.0.0,452,"fprintf(FINFO,""%s is a hard link\n"",f_name(file));","rprintf(FINFO,""%s is a hard link\n"",f_name(file));",/usr/info/code/cpp/LogMonitor/LogMonitor/second/download/rsync/gumtree/rsync_function_553.cpp,89,[null],"[""f_name_ret"", null]","[[""fprintf""], [""rprintf""]]",/usr/info/code/cpp/LogMonitor/LogMonitor/second/download/rsync/repos/rsync-1.7.4/rsync.c,/usr/info/code/cpp/LogMonitor/LogMonitor/second/download/rsync/gumtree/rsync_repos_function_97_rsync-1.7.4.cpp,13,"fprintf(FINFO,""deleting directory %s\n"",f_name(f))",[null],"[""f_name_ret"", null]",accept-true
482,5,rsync-1.7.4_diff_rsync-2.0.0,452,"fprintf(FINFO,""%s is a hard link\n"",f_name(file));","rprintf(FINFO,""%s is a hard link\n"",f_name(file));",/usr/info/code/cpp/LogMonitor/LogMonitor/second/download/rsync/gumtree/rsync_function_553.cpp,89,[null],"[""f_name_ret"", null]","[[""fprintf""], [""rprintf""]]",/usr/info/code/cpp/LogMonitor/LogMonitor/second/download/rsync/repos/rsync-1.7.4/rsync.c,/usr/info/code/cpp/LogMonitor/LogMonitor/second/download/rsync/gumtree/rsync_repos_function_98_rsync-1.7.4.cpp,17,"fprintf(FINFO,""added %s to delete list\n"", f_name(file))",[null],"[""f_name_ret"", null]",accept-true
482,5,rsync-1.7.4_diff_rsync-2.0.0,452,"fprintf(FINFO,""%s is a hard link\n"",f_name(file));","rprintf(FINFO,""%s is a hard link\n"",f_name(file));",/usr/info/code/cpp/LogMonitor/LogMonitor/second/download/rsync/gumtree/rsync_function_553.cpp,89,[null],"[""f_name_ret"", null]","[[""fprintf""], [""rprintf""]]",/usr/info/code/cpp/LogMonitor/LogMonitor/second/download/rsync/repos/rsync-1.7.4/flist.c,/usr/info/code/cpp/LogMonitor/LogMonitor/second/download/rsync/gumtree/rsync_repos_function_136_rsync-1.7.4.cpp,45,"fprintf(FINFO,""recv_file_name(%s)\n"",f_name(flist->files[i]))",[null],"[""f_name_ret"", null]",accept-true
468,2,rsync-1.7.4_diff_rsync-2.0.0,467,"fprintf(FERROR,""recv_generator failed to open %s\n"",fname);","rprintf(FERROR,""recv_generator failed to open %s\n"",fname);",/usr/info/code/cpp/LogMonitor/LogMonitor/second/download/rsync/gumtree/rsync_function_555.cpp,104,[null],"[null, ""set_perms_arg_ret""]","[[""fprintf""], [""rprintf""]]",/usr/info/code/cpp/LogMonitor/LogMonitor/second/download/rsync/repos/rsync-1.7.4/rsync.c,/usr/info/code/cpp/LogMonitor/LogMonitor/second/download/rsync/gumtree/rsync_repos_function_95_rsync-1.7.4.cpp,78,"fprintf(FINFO,""%s\n"",fname)",[null],"[null, ""set_perms_arg_ret""]",accept-true
468,2,rsync-1.7.4_diff_rsync-2.0.0,467,"fprintf(FERROR,""recv_generator failed to open %s\n"",fname);","rprintf(FERROR,""recv_generator failed to open %s\n"",fname);",/usr/info/code/cpp/LogMonitor/LogMonitor/second/download/rsync/gumtree/rsync_function_555.cpp,104,[null],"[null, ""set_perms_arg_ret""]","[[""fprintf""], [""rprintf""]]",/usr/info/code/cpp/LogMonitor/LogMonitor/second/download/rsync/repos/rsync-1.7.4/rsync.c,/usr/info/code/cpp/LogMonitor/LogMonitor/second/download/rsync/gumtree/rsync_repos_function_95_rsync-1.7.4.cpp,104,"fprintf(FERROR,""recv_generator failed to open %s\n"",fname)",[null],"[null, ""set_perms_arg_ret""]",accept-true
483,4,rsync-1.7.4_diff_rsync-2.0.0,967,"fprintf(FINFO,""send_files phase=%d\n"",phase);","rprintf(FINFO,""send_files phase=%d\n"",phase);",/usr/info/code/cpp/LogMonitor/LogMonitor/second/download/rsync/gumtree/rsync_function_592.cpp,26,[null],"[null, ""int""]","[[""fprintf""], [""rprintf""]]",/usr/info/code/cpp/LogMonitor/LogMonitor/second/download/rsync/repos/rsync-1.7.4/rsync.c,/usr/info/code/cpp/LogMonitor/LogMonitor/second/download/rsync/gumtree/rsync_repos_function_103_rsync-1.7.4.cpp,28,"fprintf(FINFO,""recv_files phase=%d\n"",phase)",[null],"[null, ""int""]",accept-true
483,4,rsync-1.7.4_diff_rsync-2.0.0,967,"fprintf(FINFO,""send_files phase=%d\n"",phase);","rprintf(FINFO,""send_files phase=%d\n"",phase);",/usr/info/code/cpp/LogMonitor/LogMonitor/second/download/rsync/gumtree/rsync_function_592.cpp,26,[null],"[null, ""int""]","[[""fprintf""], [""rprintf""]]",/usr/info/code/cpp/LogMonitor/LogMonitor/second/download/rsync/repos/rsync-1.7.4/rsync.c,/usr/info/code/cpp/LogMonitor/LogMonitor/second/download/rsync/gumtree/rsync_repos_function_104_rsync-1.7.4.cpp,26,"fprintf(FINFO,""send_files phase=%d\n"",phase)",[null],"[null, ""int""]",accept-true
483,4,rsync-1.7.4_diff_rsync-2.0.0,967,"fprintf(FINFO,""send_files phase=%d\n"",phase);","rprintf(FINFO,""send_files phase=%d\n"",phase);",/usr/info/code/cpp/LogMonitor/LogMonitor/second/download/rsync/gumtree/rsync_function_592.cpp,26,[null],"[null, ""int""]","[[""fprintf""], [""rprintf""]]",/usr/info/code/cpp/LogMonitor/LogMonitor/second/download/rsync/repos/rsync-1.7.4/rsync.c,/usr/info/code/cpp/LogMonitor/LogMonitor/second/download/rsync/gumtree/rsync_repos_function_105_rsync-1.7.4.cpp,32,"fprintf(FINFO,""generate_files phase=%d\n"",phase)",[null],"[null, ""int""]",accept-true
483,4,rsync-1.7.4_diff_rsync-2.0.0,967,"fprintf(FINFO,""send_files phase=%d\n"",phase);","rprintf(FINFO,""send_files phase=%d\n"",phase);",/usr/info/code/cpp/LogMonitor/LogMonitor/second/download/rsync/gumtree/rsync_function_592.cpp,26,[null],"[null, ""int""]","[[""fprintf""], [""rprintf""]]",/usr/info/code/cpp/LogMonitor/LogMonitor/second/download/rsync/repos/rsync-1.7.4/rsync.c,/usr/info/code/cpp/LogMonitor/LogMonitor/second/download/rsync/gumtree/rsync_repos_function_105_rsync-1.7.4.cpp,52,"fprintf(FINFO,""generate_files phase=%d\n"",phase)",[null],"[null, ""int""]",accept-true
470,2,rsync-1.7.4_diff_rsync-2.0.0,310,"fprintf(FERROR, ""inflate returned %d (%d bytes)\n"", r, n);","rprintf(FERROR, ""inflate returned %d (%d bytes)\n"", r, n);",/usr/info/code/cpp/LogMonitor/LogMonitor/second/download/rsync/gumtree/rsync_function_611.cpp,92,"[""inflate_ret"", null]","[null, ""inflate_ret"", ""read_byte_ret""]","[[""fprintf""], [""rprintf""]]",/usr/info/code/cpp/LogMonitor/LogMonitor/second/download/rsync/repos/rsync-1.7.4/token.c,/usr/info/code/cpp/LogMonitor/LogMonitor/second/download/rsync/gumtree/rsync_repos_function_59_rsync-1.7.4.cpp,52,"fprintf(FERROR, ""inflate flush returned %d (%d bytes)\n"",
			    r, n)","[""inflate_ret"", null]","[null, ""inflate_ret"", ""read_byte_ret""]",accept-true
470,2,rsync-1.7.4_diff_rsync-2.0.0,310,"fprintf(FERROR, ""inflate returned %d (%d bytes)\n"", r, n);","rprintf(FERROR, ""inflate returned %d (%d bytes)\n"", r, n);",/usr/info/code/cpp/LogMonitor/LogMonitor/second/download/rsync/gumtree/rsync_function_611.cpp,92,"[""inflate_ret"", null]","[null, ""inflate_ret"", ""read_byte_ret""]","[[""fprintf""], [""rprintf""]]",/usr/info/code/cpp/LogMonitor/LogMonitor/second/download/rsync/repos/rsync-1.7.4/token.c,/usr/info/code/cpp/LogMonitor/LogMonitor/second/download/rsync/gumtree/rsync_repos_function_59_rsync-1.7.4.cpp,92,"fprintf(FERROR, ""inflate returned %d (%d bytes)\n"", r, n)","[""inflate_ret"", null]","[null, ""inflate_ret"", ""read_byte_ret""]",accept-true
471,2,rsync-1.7.4_diff_rsync-2.0.0,169,"fprintf(FERROR,""pipe: %s\n"",strerror(errno));","rprintf(FERROR,""pipe: %s\n"",strerror(errno));",/usr/info/code/cpp/LogMonitor/LogMonitor/second/download/rsync/gumtree/rsync_function_619.cpp,8,"[""pipe_ret"", ""pipe_ret""]","[""strerror_ret"", null]","[[""fprintf""], [""rprintf""]]",/usr/info/code/cpp/LogMonitor/LogMonitor/second/download/rsync/repos/rsync-1.7.4/util.c,/usr/info/code/cpp/LogMonitor/LogMonitor/second/download/rsync/gumtree/rsync_repos_function_74_rsync-1.7.4.cpp,8,"fprintf(FERROR,""pipe: %s\n"",strerror(errno))","[""pipe_ret"", ""pipe_ret""]","[""strerror_ret"", null]",accept-true
471,2,rsync-1.7.4_diff_rsync-2.0.0,169,"fprintf(FERROR,""pipe: %s\n"",strerror(errno));","rprintf(FERROR,""pipe: %s\n"",strerror(errno));",/usr/info/code/cpp/LogMonitor/LogMonitor/second/download/rsync/gumtree/rsync_function_619.cpp,8,"[""pipe_ret"", ""pipe_ret""]","[""strerror_ret"", null]","[[""fprintf""], [""rprintf""]]",/usr/info/code/cpp/LogMonitor/LogMonitor/second/download/rsync/repos/rsync-1.7.4/util.c,/usr/info/code/cpp/LogMonitor/LogMonitor/second/download/rsync/gumtree/rsync_repos_function_75_rsync-1.7.4.cpp,8,"fprintf(FERROR,""pipe: %s\n"",strerror(errno))","[""pipe_ret"", ""pipe_ret""]","[""strerror_ret"", null]",accept-true
472,2,rsync-1.7.4_diff_rsync-2.0.0,176,"fprintf(FERROR,""fork: %s\n"",strerror(errno));","rprintf(FERROR,""fork: %s\n"",strerror(errno));",/usr/info/code/cpp/LogMonitor/LogMonitor/second/download/rsync/gumtree/rsync_function_620.cpp,15,"[""do_fork_ret""]","[""strerror_ret"", null]","[[""fprintf""], [""rprintf""]]",/usr/info/code/cpp/LogMonitor/LogMonitor/second/download/rsync/repos/rsync-1.7.4/util.c,/usr/info/code/cpp/LogMonitor/LogMonitor/second/download/rsync/gumtree/rsync_repos_function_74_rsync-1.7.4.cpp,15,"fprintf(FERROR,""fork: %s\n"",strerror(errno))","[""do_fork_ret""]","[""strerror_ret"", null]",accept-true
472,2,rsync-1.7.4_diff_rsync-2.0.0,176,"fprintf(FERROR,""fork: %s\n"",strerror(errno));","rprintf(FERROR,""fork: %s\n"",strerror(errno));",/usr/info/code/cpp/LogMonitor/LogMonitor/second/download/rsync/gumtree/rsync_function_620.cpp,15,"[""do_fork_ret""]","[""strerror_ret"", null]","[[""fprintf""], [""rprintf""]]",/usr/info/code/cpp/LogMonitor/LogMonitor/second/download/rsync/repos/rsync-1.7.4/util.c,/usr/info/code/cpp/LogMonitor/LogMonitor/second/download/rsync/gumtree/rsync_repos_function_75_rsync-1.7.4.cpp,15,"fprintf(FERROR,""fork: %s\n"",strerror(errno))","[""do_fork_ret""]","[""strerror_ret"", null]",accept-true
473,2,rsync-1.7.4_diff_rsync-2.0.0,191,"fprintf(FERROR,""Failed to dup/close : %s\n"",strerror(errno));","rprintf(FERROR,""Failed to dup/close : %s\n"",strerror(errno));",/usr/info/code/cpp/LogMonitor/LogMonitor/second/download/rsync/gumtree/rsync_function_621.cpp,30,"[""dup2_ret"", ""close_ret"", ""close_ret"", ""dup2_ret""]","[""strerror_ret"", null]","[[""fprintf""], [""rprintf""]]",/usr/info/code/cpp/LogMonitor/LogMonitor/second/download/rsync/repos/rsync-1.7.4/util.c,/usr/info/code/cpp/LogMonitor/LogMonitor/second/download/rsync/gumtree/rsync_repos_function_74_rsync-1.7.4.cpp,26,"fprintf(FERROR,""Failed to dup/close : %s\n"",strerror(errno))","[""dup2_ret"", ""close_ret"", ""close_ret"", ""dup2_ret""]","[""strerror_ret"", null]",accept-true
473,2,rsync-1.7.4_diff_rsync-2.0.0,191,"fprintf(FERROR,""Failed to dup/close : %s\n"",strerror(errno));","rprintf(FERROR,""Failed to dup/close : %s\n"",strerror(errno));",/usr/info/code/cpp/LogMonitor/LogMonitor/second/download/rsync/gumtree/rsync_function_621.cpp,30,"[""dup2_ret"", ""close_ret"", ""close_ret"", ""dup2_ret""]","[""strerror_ret"", null]","[[""fprintf""], [""rprintf""]]",/usr/info/code/cpp/LogMonitor/LogMonitor/second/download/rsync/repos/rsync-1.7.4/util.c,/usr/info/code/cpp/LogMonitor/LogMonitor/second/download/rsync/gumtree/rsync_repos_function_75_rsync-1.7.4.cpp,30,"fprintf(FERROR,""Failed to dup/close : %s\n"",strerror(errno))","[""dup2_ret"", ""close_ret"", ""close_ret"", ""dup2_ret""]","[""strerror_ret"", null]",accept-true
474,2,rsync-1.7.4_diff_rsync-2.0.0,201,"fprintf(FERROR,""Failed to close : %s\n"",strerror(errno));","rprintf(FERROR,""Failed to close : %s\n"",strerror(errno));",/usr/info/code/cpp/LogMonitor/LogMonitor/second/download/rsync/gumtree/rsync_function_622.cpp,40,"[""close_ret"", ""close_ret""]","[""strerror_ret"", null]","[[""fprintf""], [""rprintf""]]",/usr/info/code/cpp/LogMonitor/LogMonitor/second/download/rsync/repos/rsync-1.7.4/util.c,/usr/info/code/cpp/LogMonitor/LogMonitor/second/download/rsync/gumtree/rsync_repos_function_74_rsync-1.7.4.cpp,40,"fprintf(FERROR,""Failed to close : %s\n"",strerror(errno))","[""close_ret"", ""close_ret""]","[""strerror_ret"", null]",accept-true
474,2,rsync-1.7.4_diff_rsync-2.0.0,201,"fprintf(FERROR,""Failed to close : %s\n"",strerror(errno));","rprintf(FERROR,""Failed to close : %s\n"",strerror(errno));",/usr/info/code/cpp/LogMonitor/LogMonitor/second/download/rsync/gumtree/rsync_function_622.cpp,40,"[""close_ret"", ""close_ret""]","[""strerror_ret"", null]","[[""fprintf""], [""rprintf""]]",/usr/info/code/cpp/LogMonitor/LogMonitor/second/download/rsync/repos/rsync-1.7.4/util.c,/usr/info/code/cpp/LogMonitor/LogMonitor/second/download/rsync/gumtree/rsync_repos_function_75_rsync-1.7.4.cpp,40,"fprintf(FERROR,""Failed to close : %s\n"",strerror(errno))","[""close_ret"", ""close_ret""]","[""strerror_ret"", null]",accept-true
469,2,rsync-1.7.4_diff_rsync-2.0.0,368,"fprintf(FERROR,""open %s: %s\n"",
			source,strerror(errno));","rprintf(FERROR,""open %s: %s\n"",
			source,strerror(errno));",/usr/info/code/cpp/LogMonitor/LogMonitor/second/download/rsync/gumtree/rsync_function_625.cpp,9,"[""open_ret""]","[""strerror_ret"", null, ""open_arg_ret""]","[[""fprintf""], [""rprintf""]]",/usr/info/code/cpp/LogMonitor/LogMonitor/second/download/rsync/repos/rsync-1.7.4/util.c,/usr/info/code/cpp/LogMonitor/LogMonitor/second/download/rsync/gumtree/rsync_repos_function_83_rsync-1.7.4.cpp,9,"fprintf(FERROR,""open %s: %s\n"",
			source,strerror(errno))","[""open_ret""]","[""strerror_ret"", null, ""open_arg_ret""]",accept-true
469,2,rsync-1.7.4_diff_rsync-2.0.0,368,"fprintf(FERROR,""open %s: %s\n"",
			source,strerror(errno));","rprintf(FERROR,""open %s: %s\n"",
			source,strerror(errno));",/usr/info/code/cpp/LogMonitor/LogMonitor/second/download/rsync/gumtree/rsync_function_625.cpp,9,"[""open_ret""]","[""strerror_ret"", null, ""open_arg_ret""]","[[""fprintf""], [""rprintf""]]",/usr/info/code/cpp/LogMonitor/LogMonitor/second/download/rsync/repos/rsync-1.7.4/rsync.c,/usr/info/code/cpp/LogMonitor/LogMonitor/second/download/rsync/gumtree/rsync_repos_function_95_rsync-1.7.4.cpp,146,"fprintf(FERROR,""failed to open %s : %s\n"",fname,strerror(errno))","[""open_ret""]","[""strerror_ret"", null, ""open_arg_ret""]",accept-true
475,2,rsync-2.5.5_diff_rsync-2.5.6,239,"io_printf(fd,""@ERROR: invalid gid %s\n"", p);","io_printf(f_out, ""@ERROR: invalid gid %s\n"", p);",/usr/info/code/cpp/LogMonitor/LogMonitor/second/download/rsync/gumtree/rsync_function_688.cpp,71,"[""isdigit_ret""]","[""read_line_arg"", ""rprintf_arg_ret""]","[[""fd""], [""f_out""]]",/usr/info/code/cpp/LogMonitor/LogMonitor/second/download/rsync/repos/rsync-2.5.5/clientserver.c,/usr/info/code/cpp/LogMonitor/LogMonitor/second/download/rsync/gumtree/rsync_repos_function_7_rsync-2.5.5.cpp,61,"io_printf(fd,""@ERROR: invalid uid %s\n"", p)","[""isdigit_ret""]","[""read_line_arg"", ""rprintf_arg_ret""]",accept-true
475,2,rsync-2.5.5_diff_rsync-2.5.6,239,"io_printf(fd,""@ERROR: invalid gid %s\n"", p);","io_printf(f_out, ""@ERROR: invalid gid %s\n"", p);",/usr/info/code/cpp/LogMonitor/LogMonitor/second/download/rsync/gumtree/rsync_function_688.cpp,71,"[""isdigit_ret""]","[""read_line_arg"", ""rprintf_arg_ret""]","[[""fd""], [""f_out""]]",/usr/info/code/cpp/LogMonitor/LogMonitor/second/download/rsync/repos/rsync-2.5.5/clientserver.c,/usr/info/code/cpp/LogMonitor/LogMonitor/second/download/rsync/gumtree/rsync_repos_function_7_rsync-2.5.5.cpp,71,"io_printf(fd,""@ERROR: invalid gid %s\n"", p)","[""isdigit_ret""]","[""read_line_arg"", ""rprintf_arg_ret""]",accept-true
476,2,rsync-2.6.0_diff_rsync-2.6.1,213,"out_of_memory(""create_flist_from_batch"");",,/usr/info/code/cpp/LogMonitor/LogMonitor/second/download/rsync/gumtree/rsync_function_731.cpp,33,"[null, null]",[],"[[""out_of_memory"", ""create_flist_from_batch""], []]",/usr/info/code/cpp/LogMonitor/LogMonitor/second/download/rsync/repos/rsync-2.6.0/batch.c,/usr/info/code/cpp/LogMonitor/LogMonitor/second/download/rsync/gumtree/rsync_repos_function_117_rsync-2.6.0.cpp,16,"out_of_memory(""create_flist_from_batch"")","[null, null]",[],accept-true
476,2,rsync-2.6.0_diff_rsync-2.6.1,213,"out_of_memory(""create_flist_from_batch"");",,/usr/info/code/cpp/LogMonitor/LogMonitor/second/download/rsync/gumtree/rsync_function_731.cpp,33,"[null, null]",[],"[[""out_of_memory"", ""create_flist_from_batch""], []]",/usr/info/code/cpp/LogMonitor/LogMonitor/second/download/rsync/repos/rsync-2.6.0/batch.c,/usr/info/code/cpp/LogMonitor/LogMonitor/second/download/rsync/gumtree/rsync_repos_function_117_rsync-2.6.0.cpp,33,"out_of_memory(""create_flist_from_batch"")","[null, null]",[],accept-true
477,2,rsync-2.6.8_diff_rsync-2.6.9,470,"out_of_memory(""rsync_module"");",putenv(p);,/usr/info/code/cpp/LogMonitor/LogMonitor/second/download/rsync/gumtree/rsync_function_823.cpp,200,"[""asprintf_ret""]",[],"[[""out_of_memory"", ""rsync_module""], [""putenv"", ""p""]]",/usr/info/code/cpp/LogMonitor/LogMonitor/second/download/rsync/repos/rsync-2.6.8/clientserver.c,/usr/info/code/cpp/LogMonitor/LogMonitor/second/download/rsync/gumtree/rsync_repos_function_7_rsync-2.6.8.cpp,19,"out_of_memory(""finish_pre_exec"")","[""asprintf_ret""]",[],reject
477,2,rsync-2.6.8_diff_rsync-2.6.9,470,"out_of_memory(""rsync_module"");",putenv(p);,/usr/info/code/cpp/LogMonitor/LogMonitor/second/download/rsync/gumtree/rsync_function_823.cpp,200,"[""asprintf_ret""]",[],"[[""out_of_memory"", ""rsync_module""], [""putenv"", ""p""]]",/usr/info/code/cpp/LogMonitor/LogMonitor/second/download/rsync/repos/rsync-2.6.8/clientserver.c,/usr/info/code/cpp/LogMonitor/LogMonitor/second/download/rsync/gumtree/rsync_repos_function_9_rsync-2.6.8.cpp,189,"out_of_memory(""rsync_module"")","[""asprintf_ret""]",[],accept-true
477,2,rsync-2.6.8_diff_rsync-2.6.9,470,"out_of_memory(""rsync_module"");",putenv(p);,/usr/info/code/cpp/LogMonitor/LogMonitor/second/download/rsync/gumtree/rsync_function_823.cpp,200,"[""asprintf_ret""]",[],"[[""out_of_memory"", ""rsync_module""], [""putenv"", ""p""]]",/usr/info/code/cpp/LogMonitor/LogMonitor/second/download/rsync/repos/rsync-2.6.8/clientserver.c,/usr/info/code/cpp/LogMonitor/LogMonitor/second/download/rsync/gumtree/rsync_repos_function_9_rsync-2.6.8.cpp,200,"out_of_memory(""rsync_module"")","[""asprintf_ret""]",[],accept-true
477,2,rsync-2.6.8_diff_rsync-2.6.9,470,"out_of_memory(""rsync_module"");",putenv(p);,/usr/info/code/cpp/LogMonitor/LogMonitor/second/download/rsync/gumtree/rsync_function_823.cpp,200,"[""asprintf_ret""]",[],"[[""out_of_memory"", ""rsync_module""], [""putenv"", ""p""]]",/usr/info/code/cpp/LogMonitor/LogMonitor/second/download/rsync/repos/rsync-2.6.8/exclude.c,/usr/info/code/cpp/LogMonitor/LogMonitor/second/download/rsync/gumtree/rsync_repos_function_38_rsync-2.6.8.cpp,101,"out_of_memory(""add_rule"")","[""asprintf_ret""]",[],reject
477,2,rsync-2.6.8_diff_rsync-2.6.9,470,"out_of_memory(""rsync_module"");",putenv(p);,/usr/info/code/cpp/LogMonitor/LogMonitor/second/download/rsync/gumtree/rsync_function_823.cpp,200,"[""asprintf_ret""]",[],"[[""out_of_memory"", ""rsync_module""], [""putenv"", ""p""]]",/usr/info/code/cpp/LogMonitor/LogMonitor/second/download/rsync/repos/rsync-2.6.8/socket.c,/usr/info/code/cpp/LogMonitor/LogMonitor/second/download/rsync/gumtree/rsync_repos_function_176_rsync-2.6.8.cpp,42,"out_of_memory(""open_socket_in"")","[""asprintf_ret""]",[],reject
477,2,rsync-2.6.8_diff_rsync-2.6.9,470,"out_of_memory(""rsync_module"");",putenv(p);,/usr/info/code/cpp/LogMonitor/LogMonitor/second/download/rsync/gumtree/rsync_function_823.cpp,200,"[""asprintf_ret""]",[],"[[""out_of_memory"", ""rsync_module""], [""putenv"", ""p""]]",/usr/info/code/cpp/LogMonitor/LogMonitor/second/download/rsync/repos/rsync-2.6.8/socket.c,/usr/info/code/cpp/LogMonitor/LogMonitor/second/download/rsync/gumtree/rsync_repos_function_176_rsync-2.6.8.cpp,68,"out_of_memory(""open_socket_in"")","[""asprintf_ret""]",[],reject
477,2,rsync-2.6.8_diff_rsync-2.6.9,470,"out_of_memory(""rsync_module"");",putenv(p);,/usr/info/code/cpp/LogMonitor/LogMonitor/second/download/rsync/gumtree/rsync_function_823.cpp,200,"[""asprintf_ret""]",[],"[[""out_of_memory"", ""rsync_module""], [""putenv"", ""p""]]",/usr/info/code/cpp/LogMonitor/LogMonitor/second/download/rsync/repos/rsync-2.6.8/util.c,/usr/info/code/cpp/LogMonitor/LogMonitor/second/download/rsync/gumtree/rsync_repos_function_254_rsync-2.6.8.cpp,17,"out_of_memory(""glob_expand"")","[""asprintf_ret""]",[],reject
478,2,rsync-2.6.9_diff_rsync-3.0.0,556,"out_of_memory(""glob_expand_one"");","out_of_memory(""glob_expand"");",/usr/info/code/cpp/LogMonitor/LogMonitor/second/download/rsync/gumtree/rsync_function_880.cpp,37,"[""realloc_array_ret"", ""realloc_array_ret""]",[],"[[""glob_expand_one""], [""glob_expand""]]",/usr/info/code/cpp/LogMonitor/LogMonitor/second/download/rsync/repos/rsync-2.6.9/clientserver.c,/usr/info/code/cpp/LogMonitor/LogMonitor/second/download/rsync/gumtree/rsync_repos_function_9_rsync-2.6.9.cpp,320,"out_of_memory(""rsync_module"")","[""realloc_array_ret"", ""realloc_array_ret""]",[],reject
478,2,rsync-2.6.9_diff_rsync-3.0.0,556,"out_of_memory(""glob_expand_one"");","out_of_memory(""glob_expand"");",/usr/info/code/cpp/LogMonitor/LogMonitor/second/download/rsync/gumtree/rsync_function_880.cpp,37,"[""realloc_array_ret"", ""realloc_array_ret""]",[],"[[""glob_expand_one""], [""glob_expand""]]",/usr/info/code/cpp/LogMonitor/LogMonitor/second/download/rsync/repos/rsync-2.6.9/io.c,/usr/info/code/cpp/LogMonitor/LogMonitor/second/download/rsync/gumtree/rsync_repos_function_100_rsync-2.6.9.cpp,37,"out_of_memory(""readfd_unbuffered"")","[""realloc_array_ret"", ""realloc_array_ret""]",[],reject
478,2,rsync-2.6.9_diff_rsync-3.0.0,556,"out_of_memory(""glob_expand_one"");","out_of_memory(""glob_expand"");",/usr/info/code/cpp/LogMonitor/LogMonitor/second/download/rsync/gumtree/rsync_function_880.cpp,37,"[""realloc_array_ret"", ""realloc_array_ret""]",[],"[[""glob_expand_one""], [""glob_expand""]]",/usr/info/code/cpp/LogMonitor/LogMonitor/second/download/rsync/repos/rsync-2.6.9/util.c,/usr/info/code/cpp/LogMonitor/LogMonitor/second/download/rsync/gumtree/rsync_repos_function_254_rsync-2.6.9.cpp,10,"out_of_memory(""glob_expand_one"")","[""realloc_array_ret"", ""realloc_array_ret""]",[],accept-true
478,2,rsync-2.6.9_diff_rsync-3.0.0,556,"out_of_memory(""glob_expand_one"");","out_of_memory(""glob_expand"");",/usr/info/code/cpp/LogMonitor/LogMonitor/second/download/rsync/gumtree/rsync_function_880.cpp,37,"[""realloc_array_ret"", ""realloc_array_ret""]",[],"[[""glob_expand_one""], [""glob_expand""]]",/usr/info/code/cpp/LogMonitor/LogMonitor/second/download/rsync/repos/rsync-2.6.9/util.c,/usr/info/code/cpp/LogMonitor/LogMonitor/second/download/rsync/gumtree/rsync_repos_function_254_rsync-2.6.9.cpp,37,"out_of_memory(""glob_expand_one"")","[""realloc_array_ret"", ""realloc_array_ret""]",[],accept-true
