file,function,loc,log,check,variable
/usr/info/code/cpp/LogMonitor/LogMonitor/second/download/rsync/repos/rsync-3.1.2/match.c,/usr/info/code/cpp/LogMonitor/LogMonitor/second/download/rsync/gumtree/rsync_repos_function_10_last_repos.cpp,16,"out_of_memory(""build_hash_table"")","[""new_array_ret""]",[]
/usr/info/code/cpp/LogMonitor/LogMonitor/second/download/rsync/repos/rsync-3.1.2/clientserver.c,/usr/info/code/cpp/LogMonitor/LogMonitor/second/download/rsync/gumtree/rsync_repos_function_16_last_repos.cpp,38,"io_printf(f_out, ""@ERROR: protocol startup error\n"")","[""int""]","[""int""]"
/usr/info/code/cpp/LogMonitor/LogMonitor/second/download/rsync/repos/rsync-3.1.2/clientserver.c,/usr/info/code/cpp/LogMonitor/LogMonitor/second/download/rsync/gumtree/rsync_repos_function_16_last_repos.cpp,47,"io_printf(f_out, ""@ERROR: your client is speaking an incompatible beta of protocol 30\n"")","[""int""]","[""int""]"
/usr/info/code/cpp/LogMonitor/LogMonitor/second/download/rsync/repos/rsync-3.1.2/clientserver.c,/usr/info/code/cpp/LogMonitor/LogMonitor/second/download/rsync/gumtree/rsync_repos_function_17_last_repos.cpp,22,"out_of_memory(""start_inband_exchange"")","[""new_array_ret"", ""new_array_ret""]",[]
/usr/info/code/cpp/LogMonitor/LogMonitor/second/download/rsync/repos/rsync-3.1.2/clientserver.c,/usr/info/code/cpp/LogMonitor/LogMonitor/second/download/rsync/gumtree/rsync_repos_function_17_last_repos.cpp,57,"out_of_memory(""start_inband_exchange"")","[""asprintf_ret""]",[]
/usr/info/code/cpp/LogMonitor/LogMonitor/second/download/rsync/repos/rsync-3.1.2/clientserver.c,/usr/info/code/cpp/LogMonitor/LogMonitor/second/download/rsync/gumtree/rsync_repos_function_17_last_repos.cpp,69,"io_printf(f_out, ""%.*s\n"", modlen, modname)","[""asprintf_ret""]","[""auth_client_arg"", ""strlen_ret"", ""strncmp_arg_ret""]"
/usr/info/code/cpp/LogMonitor/LogMonitor/second/download/rsync/repos/rsync-3.1.2/clientserver.c,/usr/info/code/cpp/LogMonitor/LogMonitor/second/download/rsync/gumtree/rsync_repos_function_17_last_repos.cpp,121,"io_printf(f_out, ""%s\n"", sargs[i])",[null],"[""write_sbuf_arg"", ""send_protected_args_arg"", ""int""]"
/usr/info/code/cpp/LogMonitor/LogMonitor/second/download/rsync/repos/rsync-3.1.2/clientserver.c,/usr/info/code/cpp/LogMonitor/LogMonitor/second/download/rsync/gumtree/rsync_repos_function_21_last_repos.cpp,5,"io_printf(f_out, ""@ERROR: invalid gid %s\n"", gname)","[""group_to_gid_ret""]","[""int"", ""rprintf_arg_ret""]"
/usr/info/code/cpp/LogMonitor/LogMonitor/second/download/rsync/repos/rsync-3.1.2/clientserver.c,/usr/info/code/cpp/LogMonitor/LogMonitor/second/download/rsync/gumtree/rsync_repos_function_22_last_repos.cpp,5,"io_printf(f_out, ""@ERROR: %s\n"", err)","[""getallgroups_ret"", ""getallgroups_ret"", null]","[""int"", ""rsyserr_arg_ret""]"
/usr/info/code/cpp/LogMonitor/LogMonitor/second/download/rsync/repos/rsync-3.1.2/clientserver.c,/usr/info/code/cpp/LogMonitor/LogMonitor/second/download/rsync/gumtree/rsync_repos_function_23_last_repos.cpp,6,"io_printf(f_out, ""@ERROR: getpwuid failed\n"")","[""getpwuid_ret"", ""getpwuid_ret"", null]","[""int""]"
/usr/info/code/cpp/LogMonitor/LogMonitor/second/download/rsync/repos/rsync-3.1.2/clientserver.c,/usr/info/code/cpp/LogMonitor/LogMonitor/second/download/rsync/gumtree/rsync_repos_function_24_last_repos.cpp,5,"out_of_memory(""set_env_str"")","[""asprintf_ret""]",[]
/usr/info/code/cpp/LogMonitor/LogMonitor/second/download/rsync/repos/rsync-3.1.2/clientserver.c,/usr/info/code/cpp/LogMonitor/LogMonitor/second/download/rsync/gumtree/rsync_repos_function_25_last_repos.cpp,4,"out_of_memory(""set_env_num"")","[""asprintf_ret""]",[]
/usr/info/code/cpp/LogMonitor/LogMonitor/second/download/rsync/repos/rsync-3.1.2/clientserver.c,/usr/info/code/cpp/LogMonitor/LogMonitor/second/download/rsync/gumtree/rsync_repos_function_26_last_repos.cpp,38,"io_printf(f_out, ""@ERROR: Unknown module '%s'\n"", name)","[""lp_list_ret""]","[""auth_server_arg"", ""rprintf_arg_ret""]"
/usr/info/code/cpp/LogMonitor/LogMonitor/second/download/rsync/repos/rsync-3.1.2/clientserver.c,/usr/info/code/cpp/LogMonitor/LogMonitor/second/download/rsync/gumtree/rsync_repos_function_26_last_repos.cpp,40,"io_printf(f_out,
				  ""@ERROR: access denied to %s from %s (%s)\n"",
				  name, host, addr)","[""lp_list_ret""]","[""auth_server_arg"", ""rprintf_arg_ret"", ""rprintf_arg_ret"", ""rprintf_arg_ret""]"
/usr/info/code/cpp/LogMonitor/LogMonitor/second/download/rsync/repos/rsync-3.1.2/clientserver.c,/usr/info/code/cpp/LogMonitor/LogMonitor/second/download/rsync/gumtree/rsync_repos_function_26_last_repos.cpp,56,"io_printf(f_out, ""@ERROR: failed to open lock file\n"")","[""rsyserr_arg""]","[""auth_server_arg""]"
/usr/info/code/cpp/LogMonitor/LogMonitor/second/download/rsync/repos/rsync-3.1.2/clientserver.c,/usr/info/code/cpp/LogMonitor/LogMonitor/second/download/rsync/gumtree/rsync_repos_function_26_last_repos.cpp,60,"io_printf(f_out, ""@ERROR: max connections (%d) reached -- try again later\n"",
				lp_max_connections(i))","[""rsyserr_arg""]","[""lp_max_connections_ret"", ""auth_server_arg""]"
/usr/info/code/cpp/LogMonitor/LogMonitor/second/download/rsync/repos/rsync-3.1.2/clientserver.c,/usr/info/code/cpp/LogMonitor/LogMonitor/second/download/rsync/gumtree/rsync_repos_function_26_last_repos.cpp,70,"io_printf(f_out, ""@ERROR: auth failed on module %s\n"", name)","[""auth_server_ret""]","[""want_all_groups_arg"", ""rprintf_arg_ret""]"
/usr/info/code/cpp/LogMonitor/LogMonitor/second/download/rsync/repos/rsync-3.1.2/clientserver.c,/usr/info/code/cpp/LogMonitor/LogMonitor/second/download/rsync/gumtree/rsync_repos_function_26_last_repos.cpp,91,"io_printf(f_out, ""@ERROR: invalid uid %s\n"", p)","[""user_to_uid_ret""]","[""want_all_groups_arg"", ""rprintf_arg_ret""]"
/usr/info/code/cpp/LogMonitor/LogMonitor/second/download/rsync/repos/rsync-3.1.2/clientserver.c,/usr/info/code/cpp/LogMonitor/LogMonitor/second/download/rsync/gumtree/rsync_repos_function_26_last_repos.cpp,110,"io_printf(f_out, ""@ERROR: invalid gid setting.\n"")","[""strcmp_ret""]","[""add_a_group_arg""]"
/usr/info/code/cpp/LogMonitor/LogMonitor/second/download/rsync/repos/rsync-3.1.2/clientserver.c,/usr/info/code/cpp/LogMonitor/LogMonitor/second/download/rsync/gumtree/rsync_repos_function_26_last_repos.cpp,119,"io_printf(f_out, ""@ERROR: invalid gid setting.\n"")","[""want_all_groups_ret""]","[""add_a_group_arg""]"
/usr/info/code/cpp/LogMonitor/LogMonitor/second/download/rsync/repos/rsync-3.1.2/clientserver.c,/usr/info/code/cpp/LogMonitor/LogMonitor/second/download/rsync/gumtree/rsync_repos_function_26_last_repos.cpp,134,"io_printf(f_out, ""@ERROR: no path setting.\n"")","[""lp_path_ret""]","[""path_failure_arg""]"
/usr/info/code/cpp/LogMonitor/LogMonitor/second/download/rsync/repos/rsync-3.1.2/clientserver.c,/usr/info/code/cpp/LogMonitor/LogMonitor/second/download/rsync/gumtree/rsync_repos_function_26_last_repos.cpp,202,"io_printf(f_out, ""@ERROR: fork failed\n"")","[""fork_ret""]","[""close_arg""]"
/usr/info/code/cpp/LogMonitor/LogMonitor/second/download/rsync/repos/rsync-3.1.2/clientserver.c,/usr/info/code/cpp/LogMonitor/LogMonitor/second/download/rsync/gumtree/rsync_repos_function_26_last_repos.cpp,231,"io_printf(f_out, ""@ERROR: pre-xfer exec preparation failed\n"")","[""pipe_ret"", ""pipe_ret"", ""fork_ret"", ""pipe_ret""]","[""path_failure_arg""]"
/usr/info/code/cpp/LogMonitor/LogMonitor/second/download/rsync/repos/rsync-3.1.2/clientserver.c,/usr/info/code/cpp/LogMonitor/LogMonitor/second/download/rsync/gumtree/rsync_repos_function_26_last_repos.cpp,292,"io_printf(f_out, ""@ERROR: chroot failed\n"")","[""chroot_ret""]","[""path_failure_arg""]"
/usr/info/code/cpp/LogMonitor/LogMonitor/second/download/rsync/repos/rsync-3.1.2/clientserver.c,/usr/info/code/cpp/LogMonitor/LogMonitor/second/download/rsync/gumtree/rsync_repos_function_26_last_repos.cpp,312,"io_printf(f_out, ""@ERROR: daemon security issue -- contact admin\n"", name)","[""do_stat_ret"", ""S_ISDIR_ret""]","[""io_start_multiplex_out_arg"", ""rprintf_arg_ret""]"
/usr/info/code/cpp/LogMonitor/LogMonitor/second/download/rsync/repos/rsync-3.1.2/clientserver.c,/usr/info/code/cpp/LogMonitor/LogMonitor/second/download/rsync/gumtree/rsync_repos_function_26_last_repos.cpp,321,"io_printf(f_out, ""@ERROR: setgid failed\n"")","[""setgid_ret""]","[""io_start_multiplex_out_arg""]"
/usr/info/code/cpp/LogMonitor/LogMonitor/second/download/rsync/repos/rsync-3.1.2/clientserver.c,/usr/info/code/cpp/LogMonitor/LogMonitor/second/download/rsync/gumtree/rsync_repos_function_26_last_repos.cpp,328,"io_printf(f_out, ""@ERROR: setgroups failed\n"")","[""setgroups_ret""]","[""io_start_multiplex_out_arg""]"
/usr/info/code/cpp/LogMonitor/LogMonitor/second/download/rsync/repos/rsync-3.1.2/clientserver.c,/usr/info/code/cpp/LogMonitor/LogMonitor/second/download/rsync/gumtree/rsync_repos_function_26_last_repos.cpp,336,"io_printf(f_out, ""@ERROR: initgroups failed\n"")","[""initgroups_ret"", ""want_all_groups_ret""]","[""io_start_multiplex_out_arg""]"
/usr/info/code/cpp/LogMonitor/LogMonitor/second/download/rsync/repos/rsync-3.1.2/clientserver.c,/usr/info/code/cpp/LogMonitor/LogMonitor/second/download/rsync/gumtree/rsync_repos_function_26_last_repos.cpp,349,"io_printf(f_out, ""@ERROR: setuid failed\n"")","[""setuid_ret"", ""seteuid_ret"", null]","[""io_start_multiplex_out_arg""]"
/usr/info/code/cpp/LogMonitor/LogMonitor/second/download/rsync/repos/rsync-3.1.2/clientserver.c,/usr/info/code/cpp/LogMonitor/LogMonitor/second/download/rsync/gumtree/rsync_repos_function_26_last_repos.cpp,366,"io_printf(f_out, ""@RSYNCD: OK\n"")","[""setuid_ret"", ""seteuid_ret"", null]","[""io_start_multiplex_out_arg""]"
/usr/info/code/cpp/LogMonitor/LogMonitor/second/download/rsync/repos/rsync-3.1.2/clientserver.c,/usr/info/code/cpp/LogMonitor/LogMonitor/second/download/rsync/gumtree/rsync_repos_function_27_last_repos.cpp,7,"io_printf(fd, ""%-15s\t%s\n"", lp_name(i), lp_comment(i))","[""lp_list_ret""]","[""lp_name_ret"", ""lp_comment_ret"", ""int""]"
/usr/info/code/cpp/LogMonitor/LogMonitor/second/download/rsync/repos/rsync-3.1.2/clientserver.c,/usr/info/code/cpp/LogMonitor/LogMonitor/second/download/rsync/gumtree/rsync_repos_function_27_last_repos.cpp,11,"io_printf(fd,""@RSYNCD: EXIT\n"")",[null],"[""int""]"
/usr/info/code/cpp/LogMonitor/LogMonitor/second/download/rsync/repos/rsync-3.1.2/clientserver.c,/usr/info/code/cpp/LogMonitor/LogMonitor/second/download/rsync/gumtree/rsync_repos_function_29_last_repos.cpp,40,"io_printf(f_out, ""@ERROR: Unknown command '%s'\n"", line)","[""lp_number_arg""]","[""rsync_module_arg"", ""lp_number_arg""]"
/usr/info/code/cpp/LogMonitor/LogMonitor/second/download/rsync/repos/rsync-3.1.2/clientserver.c,/usr/info/code/cpp/LogMonitor/LogMonitor/second/download/rsync/gumtree/rsync_repos_function_29_last_repos.cpp,47,"io_printf(f_out, ""@ERROR: Unknown module '%s'\n"", line)","[""lp_number_ret"", ""lp_number_ret""]","[""rsync_module_arg"", null]"
/usr/info/code/cpp/LogMonitor/LogMonitor/second/download/rsync/repos/rsync-3.1.2/clientserver.c,/usr/info/code/cpp/LogMonitor/LogMonitor/second/download/rsync/gumtree/rsync_repos_function_30_last_repos.cpp,14,"fprintf(stderr, ""failed to create pid file %s: %s\n"", pid_file, strerror(errno))","[""do_open_ret"", ""do_open_ret""]","[""strerror_ret"", null, ""do_open_arg_ret""]"
/usr/info/code/cpp/LogMonitor/LogMonitor/second/download/rsync/repos/rsync-3.1.2/clientserver.c,/usr/info/code/cpp/LogMonitor/LogMonitor/second/download/rsync/gumtree/rsync_repos_function_31_last_repos.cpp,7,"fprintf(stderr, ""failed to fork: %s\n"", strerror(errno))","[""fork_ret""]","[""strerror_ret"", null]"
/usr/info/code/cpp/LogMonitor/LogMonitor/second/download/rsync/repos/rsync-3.1.2/clientserver.c,/usr/info/code/cpp/LogMonitor/LogMonitor/second/download/rsync/gumtree/rsync_repos_function_32_last_repos.cpp,17,"fprintf(stderr, ""Failed to parse config file: %s\n"", config_file)","[""load_config_ret""]","[null, null]"
/usr/info/code/cpp/LogMonitor/LogMonitor/second/download/rsync/repos/rsync-3.1.2/loadparm.c,/usr/info/code/cpp/LogMonitor/LogMonitor/second/download/rsync/gumtree/rsync_repos_function_34_last_repos.cpp,10,"out_of_memory(""expand_vars"")","[""new_array_ret"", ""new_array_ret"", null]",[]
/usr/info/code/cpp/LogMonitor/LogMonitor/second/download/rsync/repos/rsync-3.1.2/loadparm.c,/usr/info/code/cpp/LogMonitor/LogMonitor/second/download/rsync/gumtree/rsync_repos_function_34_last_repos.cpp,43,"out_of_memory(""expand_vars"")","[""realloc_ret"", ""strlen_ret"", ""realloc_ret"", null]",[]
/usr/info/code/cpp/LogMonitor/LogMonitor/second/download/rsync/repos/rsync-3.1.2/loadparm.c,/usr/info/code/cpp/LogMonitor/LogMonitor/second/download/rsync/gumtree/rsync_repos_function_35_last_repos.cpp,5,"out_of_memory(""string_set"")","[""strdup_ret"", ""strdup_ret""]",[]
/usr/info/code/cpp/LogMonitor/LogMonitor/second/download/rsync/repos/rsync-3.1.2/loadparm.c,/usr/info/code/cpp/LogMonitor/LogMonitor/second/download/rsync/gumtree/rsync_repos_function_36_last_repos.cpp,8,"out_of_memory(""copy_section"")","[""strdup_ret"", ""char"", ""LOCAL_STRING_COUNT_ret"", ""char"", ""LOCAL_STRING_COUNT_ret""]",[]
/usr/info/code/cpp/LogMonitor/LogMonitor/second/download/rsync/repos/rsync-3.1.2/getfsdev.c,/usr/info/code/cpp/LogMonitor/LogMonitor/second/download/rsync/gumtree/rsync_repos_function_49_last_repos.cpp,12,"fprintf(stderr, ""Unable to stat `%s'\n"", *argv)","[""stat_ret""]","[null, null]"
/usr/info/code/cpp/LogMonitor/LogMonitor/second/download/rsync/repos/rsync-3.1.2/fileio.c,/usr/info/code/cpp/LogMonitor/LogMonitor/second/download/rsync/gumtree/rsync_repos_function_53_last_repos.cpp,15,"out_of_memory(""write_file"")","[""new_array_ret""]",[]
/usr/info/code/cpp/LogMonitor/LogMonitor/second/download/rsync/repos/rsync-3.1.2/fileio.c,/usr/info/code/cpp/LogMonitor/LogMonitor/second/download/rsync/gumtree/rsync_repos_function_54_last_repos.cpp,5,"out_of_memory(""map_file"")","[""new0_ret"", ""new0_ret""]",[]
/usr/info/code/cpp/LogMonitor/LogMonitor/second/download/rsync/repos/rsync-3.1.2/fileio.c,/usr/info/code/cpp/LogMonitor/LogMonitor/second/download/rsync/gumtree/rsync_repos_function_55_last_repos.cpp,30,"out_of_memory(""map_ptr"")","["" struct map_struct"", null]",[]
/usr/info/code/cpp/LogMonitor/LogMonitor/second/download/rsync/repos/rsync-3.1.2/ifuncs.h,/usr/info/code/cpp/LogMonitor/LogMonitor/second/download/rsync/gumtree/rsync_repos_function_63_last_repos.cpp,4,"out_of_memory(""alloc_xbuf"")","[""new_array_ret"", ""xbuf"", null]",[]
/usr/info/code/cpp/LogMonitor/LogMonitor/second/download/rsync/repos/rsync-3.1.2/ifuncs.h,/usr/info/code/cpp/LogMonitor/LogMonitor/second/download/rsync/gumtree/rsync_repos_function_64_last_repos.cpp,5,"out_of_memory(""realloc_xbuf"")","[""realloc_array_ret""]",[]
/usr/info/code/cpp/LogMonitor/LogMonitor/second/download/rsync/repos/rsync-3.1.2/exclude.c,/usr/info/code/cpp/LogMonitor/LogMonitor/second/download/rsync/gumtree/rsync_repos_function_81_last_repos.cpp,54,"out_of_memory(""add_rule"")","[""new_array_ret"", ""free_filter_arg_ret"", null]",[]
/usr/info/code/cpp/LogMonitor/LogMonitor/second/download/rsync/repos/rsync-3.1.2/exclude.c,/usr/info/code/cpp/LogMonitor/LogMonitor/second/download/rsync/gumtree/rsync_repos_function_81_last_repos.cpp,116,"out_of_memory(""add_rule"")","[""new_array0_ret"", ""new_array0_ret""]",[]
/usr/info/code/cpp/LogMonitor/LogMonitor/second/download/rsync/repos/rsync-3.1.2/exclude.c,/usr/info/code/cpp/LogMonitor/LogMonitor/second/download/rsync/gumtree/rsync_repos_function_81_last_repos.cpp,118,"out_of_memory(""add_rule"")","[""asprintf_ret""]",[]
/usr/info/code/cpp/LogMonitor/LogMonitor/second/download/rsync/repos/rsync-3.1.2/exclude.c,/usr/info/code/cpp/LogMonitor/LogMonitor/second/download/rsync/gumtree/rsync_repos_function_81_last_repos.cpp,127,"out_of_memory(""add_rule"")","[""realloc_array_ret""]",[]
/usr/info/code/cpp/LogMonitor/LogMonitor/second/download/rsync/repos/rsync-3.1.2/exclude.c,/usr/info/code/cpp/LogMonitor/LogMonitor/second/download/rsync/gumtree/rsync_repos_function_86_last_repos.cpp,20,"out_of_memory(""push_local_filters"")","[""new_array_ret""]",[]
/usr/info/code/cpp/LogMonitor/LogMonitor/second/download/rsync/repos/rsync-3.1.2/exclude.c,/usr/info/code/cpp/LogMonitor/LogMonitor/second/download/rsync/gumtree/rsync_repos_function_93_last_repos.cpp,19,"out_of_memory(""parse_rule_tok"")","[""new0_ret"", ""new0_ret""]",[]
/usr/info/code/cpp/LogMonitor/LogMonitor/second/download/rsync/repos/rsync-3.1.2/exclude.c,/usr/info/code/cpp/LogMonitor/LogMonitor/second/download/rsync/gumtree/rsync_repos_function_96_last_repos.cpp,47,"out_of_memory(""parse_filter_str"")","[""new0_ret"", ""new0_ret""]",[]
/usr/info/code/cpp/LogMonitor/LogMonitor/second/download/rsync/repos/rsync-3.1.2/compat.c,/usr/info/code/cpp/LogMonitor/LogMonitor/second/download/rsync/gumtree/rsync_repos_function_107_last_repos.cpp,164,"fprintf(stderr,
			    ""Incompatible options specified for inc-recursive %s.\n"",
			    read_batch ? ""batch file"" : ""connection"")","[null, null]","[null, null]"
/usr/info/code/cpp/LogMonitor/LogMonitor/second/download/rsync/repos/rsync-3.1.2/uidlist.c,/usr/info/code/cpp/LogMonitor/LogMonitor/second/download/rsync/gumtree/rsync_repos_function_109_last_repos.cpp,5,"out_of_memory(""add_to_list"")","["" struct idlist""]",[]
/usr/info/code/cpp/LogMonitor/LogMonitor/second/download/rsync/repos/rsync-3.1.2/uidlist.c,/usr/info/code/cpp/LogMonitor/LogMonitor/second/download/rsync/gumtree/rsync_repos_function_114_last_repos.cpp,15,"out_of_memory(""is_in_group"")","[""new_array_ret""]",[]
/usr/info/code/cpp/LogMonitor/LogMonitor/second/download/rsync/repos/rsync-3.1.2/uidlist.c,/usr/info/code/cpp/LogMonitor/LogMonitor/second/download/rsync/gumtree/rsync_repos_function_114_last_repos.cpp,29,"out_of_memory(""is_in_group"")","[""new_array_ret""]",[]
/usr/info/code/cpp/LogMonitor/LogMonitor/second/download/rsync/repos/rsync-3.1.2/uidlist.c,/usr/info/code/cpp/LogMonitor/LogMonitor/second/download/rsync/gumtree/rsync_repos_function_121_last_repos.cpp,6,"out_of_memory(""recv_user_name"")","[""new_array_ret""]",[]
/usr/info/code/cpp/LogMonitor/LogMonitor/second/download/rsync/repos/rsync-3.1.2/uidlist.c,/usr/info/code/cpp/LogMonitor/LogMonitor/second/download/rsync/gumtree/rsync_repos_function_122_last_repos.cpp,6,"out_of_memory(""recv_group_name"")","[""new_array_ret""]",[]
/usr/info/code/cpp/LogMonitor/LogMonitor/second/download/rsync/repos/rsync-3.1.2/io.c,/usr/info/code/cpp/LogMonitor/LogMonitor/second/download/rsync/gumtree/rsync_repos_function_135_last_repos.cpp,33,"fprintf(stderr, ""need to write %ld bytes, iobuf.out.buf is only %ld bytes.\n"",
				(long)needed, (long)(iobuf.out.size - iobuf.out_empty_len))","[null, ""restore_iobuf_size_arg"", null, null, null, ""rprintf_arg""]","[""long_ret"", null, ""rprintf_arg"", ""rprintf_arg""]"
/usr/info/code/cpp/LogMonitor/LogMonitor/second/download/rsync/repos/rsync-3.1.2/io.c,/usr/info/code/cpp/LogMonitor/LogMonitor/second/download/rsync/gumtree/rsync_repos_function_135_last_repos.cpp,49,"fprintf(stderr, ""need to write %ld bytes, iobuf.msg.buf is only %ld bytes.\n"",
				(long)needed, (long)iobuf.msg.size)","[null, null, null, ""rprintf_arg""]","[null, ""rprintf_arg"", ""rprintf_arg"", ""rprintf_arg"", null, null, null]"
/usr/info/code/cpp/LogMonitor/LogMonitor/second/download/rsync/repos/rsync-3.1.2/io.c,/usr/info/code/cpp/LogMonitor/LogMonitor/second/download/rsync/gumtree/rsync_repos_function_150_last_repos.cpp,13,"out_of_memory(""read_args"")","[""new_array_ret"", ""new_array_ret""]",[]
/usr/info/code/cpp/LogMonitor/LogMonitor/second/download/rsync/repos/rsync-3.1.2/io.c,/usr/info/code/cpp/LogMonitor/LogMonitor/second/download/rsync/gumtree/rsync_repos_function_150_last_repos.cpp,27,"out_of_memory(""read_args"")","[""realloc_array_ret"", ""realloc_array_ret""]",[]
/usr/info/code/cpp/LogMonitor/LogMonitor/second/download/rsync/repos/rsync-3.1.2/io.c,/usr/info/code/cpp/LogMonitor/LogMonitor/second/download/rsync/gumtree/rsync_repos_function_150_last_repos.cpp,36,"out_of_memory(""read_args"")","[""realloc_array_ret"", ""realloc_array_ret""]",[]
/usr/info/code/cpp/LogMonitor/LogMonitor/second/download/rsync/repos/rsync-3.1.2/io.c,/usr/info/code/cpp/LogMonitor/LogMonitor/second/download/rsync/gumtree/rsync_repos_function_150_last_repos.cpp,46,"out_of_memory(""read_args"")","[""strdup_ret"", ""strdup_ret""]",[]
/usr/info/code/cpp/LogMonitor/LogMonitor/second/download/rsync/repos/rsync-3.1.2/access.c,/usr/info/code/cpp/LogMonitor/LogMonitor/second/download/rsync/gumtree/rsync_repos_function_204_last_repos.cpp,6,"out_of_memory(""access_match"")","[""strdup_ret""]",[]
/usr/info/code/cpp/LogMonitor/LogMonitor/second/download/rsync/repos/rsync-3.1.2/hashtable.c,/usr/info/code/cpp/LogMonitor/LogMonitor/second/download/rsync/gumtree/rsync_repos_function_228_last_repos.cpp,16,"out_of_memory(""hashtable_create"")","[""new_array0_ret"", ""new_array0_ret"", null, ""new_array0_ret"", null]",[]
/usr/info/code/cpp/LogMonitor/LogMonitor/second/download/rsync/repos/rsync-3.1.2/hashtable.c,/usr/info/code/cpp/LogMonitor/LogMonitor/second/download/rsync/gumtree/rsync_repos_function_230_last_repos.cpp,17,"out_of_memory(""hashtable_node"")","[""new_array0_ret"", ""rprintf_arg"", null]",[]
/usr/info/code/cpp/LogMonitor/LogMonitor/second/download/rsync/repos/rsync-3.1.2/t_unsafe.c,/usr/info/code/cpp/LogMonitor/LogMonitor/second/download/rsync/gumtree/rsync_repos_function_233_last_repos.cpp,4,"fprintf(stderr, ""usage: t_unsafe LINKDEST SRCDIR\n"")","[""int""]",[null]
/usr/info/code/cpp/LogMonitor/LogMonitor/second/download/rsync/repos/rsync-3.1.2/token.c,/usr/info/code/cpp/LogMonitor/LogMonitor/second/download/rsync/gumtree/rsync_repos_function_234_last_repos.cpp,26,"out_of_memory(""add_suffix"")","["" struct suffix_tree"", null]",[]
/usr/info/code/cpp/LogMonitor/LogMonitor/second/download/rsync/repos/rsync-3.1.2/token.c,/usr/info/code/cpp/LogMonitor/LogMonitor/second/download/rsync/gumtree/rsync_repos_function_235_last_repos.cpp,6,"out_of_memory(""add_nocompress_suffixes"")","[""new_array_ret"", ""strlen_ret"", ""new_array_ret""]",[]
/usr/info/code/cpp/LogMonitor/LogMonitor/second/download/rsync/repos/rsync-3.1.2/token.c,/usr/info/code/cpp/LogMonitor/LogMonitor/second/download/rsync/gumtree/rsync_repos_function_236_last_repos.cpp,16,"out_of_memory(""set_compression"")","[""new_array_ret"", ""strlen_ret"", ""new_array_ret"", ""new_array_ret""]",[]
/usr/info/code/cpp/LogMonitor/LogMonitor/second/download/rsync/repos/rsync-3.1.2/token.c,/usr/info/code/cpp/LogMonitor/LogMonitor/second/download/rsync/gumtree/rsync_repos_function_238_last_repos.cpp,9,"out_of_memory(""simple_recv_token"")","[""new_array_ret""]",[]
/usr/info/code/cpp/LogMonitor/LogMonitor/second/download/rsync/repos/rsync-3.1.2/token.c,/usr/info/code/cpp/LogMonitor/LogMonitor/second/download/rsync/gumtree/rsync_repos_function_240_last_repos.cpp,20,"out_of_memory(""send_deflated_token"")","[""new_array_ret"", ""new_array_ret"", null]",[]
/usr/info/code/cpp/LogMonitor/LogMonitor/second/download/rsync/repos/rsync-3.1.2/token.c,/usr/info/code/cpp/LogMonitor/LogMonitor/second/download/rsync/gumtree/rsync_repos_function_241_last_repos.cpp,20,"out_of_memory(""recv_deflated_token"")","[""new_array_ret"", ""new_array_ret"", ""AVAIL_OUT_SIZE_ret"", ""new_array_ret"", ""new_array_ret""]",[]
/usr/info/code/cpp/LogMonitor/LogMonitor/second/download/rsync/repos/rsync-3.1.2/socket.c,/usr/info/code/cpp/LogMonitor/LogMonitor/second/download/rsync/gumtree/rsync_repos_function_248_last_repos.cpp,69,"out_of_memory(""open_socket_out"")","[""new_array0_ret""]",[]
/usr/info/code/cpp/LogMonitor/LogMonitor/second/download/rsync/repos/rsync-3.1.2/socket.c,/usr/info/code/cpp/LogMonitor/LogMonitor/second/download/rsync/gumtree/rsync_repos_function_249_last_repos.cpp,20,"out_of_memory(""open_socket_out_wrapped"")","[""new_array_ret"", ""new_array_ret""]",[]
/usr/info/code/cpp/LogMonitor/LogMonitor/second/download/rsync/repos/rsync-3.1.2/socket.c,/usr/info/code/cpp/LogMonitor/LogMonitor/second/download/rsync/gumtree/rsync_repos_function_250_last_repos.cpp,27,"out_of_memory(""open_socket_in"")","[""new_array_ret"", ""new_array_ret""]",[]
/usr/info/code/cpp/LogMonitor/LogMonitor/second/download/rsync/repos/rsync-3.1.2/socket.c,/usr/info/code/cpp/LogMonitor/LogMonitor/second/download/rsync/gumtree/rsync_repos_function_250_last_repos.cpp,42,"out_of_memory(""open_socket_in"")","[""asprintf_ret""]",[]
/usr/info/code/cpp/LogMonitor/LogMonitor/second/download/rsync/repos/rsync-3.1.2/socket.c,/usr/info/code/cpp/LogMonitor/LogMonitor/second/download/rsync/gumtree/rsync_repos_function_250_last_repos.cpp,72,"out_of_memory(""open_socket_in"")","[""asprintf_ret""]",[]
/usr/info/code/cpp/LogMonitor/LogMonitor/second/download/rsync/repos/rsync-3.1.2/socket.c,/usr/info/code/cpp/LogMonitor/LogMonitor/second/download/rsync/gumtree/rsync_repos_function_253_last_repos.cpp,10,"out_of_memory(""set_socket_options"")","[""strdup_ret""]",[]
/usr/info/code/cpp/LogMonitor/LogMonitor/second/download/rsync/repos/rsync-3.1.2/socket.c,/usr/info/code/cpp/LogMonitor/LogMonitor/second/download/rsync/gumtree/rsync_repos_function_255_last_repos.cpp,22,"fprintf(stderr, ""Failed to run \""%s\""\n"", prog)","[""dup2_ret"", ""dup2_ret""]","[null, ""rprintf_arg_ret""]"
/usr/info/code/cpp/LogMonitor/LogMonitor/second/download/rsync/repos/rsync-3.1.2/sender.c,/usr/info/code/cpp/LogMonitor/LogMonitor/second/download/rsync/gumtree/rsync_repos_function_256_last_repos.cpp,8,"out_of_memory(""receive_sums"")","[""read_sum_head_arg"", null]",[]
/usr/info/code/cpp/LogMonitor/LogMonitor/second/download/rsync/repos/rsync-3.1.2/sender.c,/usr/info/code/cpp/LogMonitor/LogMonitor/second/download/rsync/gumtree/rsync_repos_function_256_last_repos.cpp,30,"out_of_memory(""receive_sums"")","[""new_array_ret"", ""read_sum_head_arg_ret"", null]",[]
/usr/info/code/cpp/LogMonitor/LogMonitor/second/download/rsync/repos/rsync-3.1.2/xattrs.c,/usr/info/code/cpp/LogMonitor/LogMonitor/second/download/rsync/gumtree/rsync_repos_function_268_last_repos.cpp,9,"out_of_memory(""get_xattr_names"")","[""new_array_ret""]",[]
/usr/info/code/cpp/LogMonitor/LogMonitor/second/download/rsync/repos/rsync-3.1.2/xattrs.c,/usr/info/code/cpp/LogMonitor/LogMonitor/second/download/rsync/gumtree/rsync_repos_function_268_last_repos.cpp,38,"out_of_memory(""get_xattr_names"")","[""new_array_ret""]",[]
/usr/info/code/cpp/LogMonitor/LogMonitor/second/download/rsync/repos/rsync-3.1.2/xattrs.c,/usr/info/code/cpp/LogMonitor/LogMonitor/second/download/rsync/gumtree/rsync_repos_function_269_last_repos.cpp,23,"out_of_memory(""get_xattr_data"")","[""new_array_ret"", ""new_array_ret""]",[]
/usr/info/code/cpp/LogMonitor/LogMonitor/second/download/rsync/repos/rsync-3.1.2/xattrs.c,/usr/info/code/cpp/LogMonitor/LogMonitor/second/download/rsync/gumtree/rsync_repos_function_270_last_repos.cpp,50,"out_of_memory(""rsync_xal_get"")","[""new_array_ret"", ""new_array_ret""]",[]
/usr/info/code/cpp/LogMonitor/LogMonitor/second/download/rsync/repos/rsync-3.1.2/xattrs.c,/usr/info/code/cpp/LogMonitor/LogMonitor/second/download/rsync/gumtree/rsync_repos_function_278_last_repos.cpp,46,"out_of_memory(""recv_xattr_request"")","[""XATTR_ABBREV_arg_ret"", null]",[]
/usr/info/code/cpp/LogMonitor/LogMonitor/second/download/rsync/repos/rsync-3.1.2/xattrs.c,/usr/info/code/cpp/LogMonitor/LogMonitor/second/download/rsync/gumtree/rsync_repos_function_279_last_repos.cpp,39,"out_of_memory(""receive_xattr"")","[""new_array_ret""]",[]
/usr/info/code/cpp/LogMonitor/LogMonitor/second/download/rsync/repos/rsync-3.1.2/generator.c,/usr/info/code/cpp/LogMonitor/LogMonitor/second/download/rsync/gumtree/rsync_repos_function_320_last_repos.cpp,43,"out_of_memory(""delete-delay"")","[""new_array_ret""]",[]
/usr/info/code/cpp/LogMonitor/LogMonitor/second/download/rsync/repos/rsync-3.1.2/log.c,/usr/info/code/cpp/LogMonitor/LogMonitor/second/download/rsync/gumtree/rsync_repos_function_322_last_repos.cpp,5,"fprintf(logfile_fp, ""%s [%d] %s"", timestring(time(NULL)), (int)getpid(), buf)","[""fflush_arg""]","[""timestring_ret"", ""time_ret"", ""getpid_ret"", ""fflush_arg"", null, ""syslog_arg""]"
/usr/info/code/cpp/LogMonitor/LogMonitor/second/download/rsync/repos/rsync-3.1.2/log.c,/usr/info/code/cpp/LogMonitor/LogMonitor/second/download/rsync/gumtree/rsync_repos_function_328_last_repos.cpp,14,"fprintf(f, ""\\#%03o"", *(uchar*)s)","[""isDigit_ret"", ""isDigit_ret"", ""isDigit_ret"", ""isPrint_ret"", ""isDigit_arg"", ""fwrite_arg"", ""isDigit_arg"", ""isDigit_arg"", ""isDigit_arg_ret"", ""int"", null, ""isPrint_arg_ret""]","[""fwrite_arg_ret"", null, ""fwrite_arg_ret""]"
/usr/info/code/cpp/LogMonitor/LogMonitor/second/download/rsync/repos/rsync-3.1.2/log.c,/usr/info/code/cpp/LogMonitor/LogMonitor/second/download/rsync/gumtree/rsync_repos_function_329_last_repos.cpp,96,"fprintf(stderr, ""Unknown logcode in rwrite(): %d [%s]\n"", (int)code, who_am_i())","["" enum logcode""]","[""who_am_i_ret"", null, null, "" enum logcode""]"
/usr/info/code/cpp/LogMonitor/LogMonitor/second/download/rsync/repos/rsync-3.1.2/log.c,/usr/info/code/cpp/LogMonitor/LogMonitor/second/download/rsync/gumtree/rsync_repos_function_329_last_repos.cpp,132,"fprintf(f, ""\\#%03o"", CVAL(inbuf.buf, inbuf.pos++))","[""iconvbufs_arg"", null]","[""CVAL_ret"", ""filtered_fwrite_arg_ret""]"
/usr/info/code/cpp/LogMonitor/LogMonitor/second/download/rsync/repos/rsync-3.1.2/hlink.c,/usr/info/code/cpp/LogMonitor/LogMonitor/second/download/rsync/gumtree/rsync_repos_function_350_last_repos.cpp,17,"out_of_memory(""match_gnums"")","[""new_array0_ret"", ""hashtable_find_ret"", null]",[]
/usr/info/code/cpp/LogMonitor/LogMonitor/second/download/rsync/repos/rsync-3.1.2/hlink.c,/usr/info/code/cpp/LogMonitor/LogMonitor/second/download/rsync/gumtree/rsync_repos_function_351_last_repos.cpp,7,"out_of_memory(""match_hard_links"")","[""new_array_ret"", ""new_array_ret""]",[]
/usr/info/code/cpp/LogMonitor/LogMonitor/second/download/rsync/repos/rsync-3.1.2/hlink.c,/usr/info/code/cpp/LogMonitor/LogMonitor/second/download/rsync/gumtree/rsync_repos_function_356_last_repos.cpp,68,"out_of_memory(""finish_hard_link"")","[""strdup_ret"", ""hashtable_find_ret"", null]",[]
/usr/info/code/cpp/LogMonitor/LogMonitor/second/download/rsync/repos/rsync-3.1.2/util.c,/usr/info/code/cpp/LogMonitor/LogMonitor/second/download/rsync/gumtree/rsync_repos_function_373_last_repos.cpp,45,"out_of_memory(""glob_match"")","[""strdup_ret"", null, null, null, null]",[]
/usr/info/code/cpp/LogMonitor/LogMonitor/second/download/rsync/repos/rsync-3.1.2/util.c,/usr/info/code/cpp/LogMonitor/LogMonitor/second/download/rsync/gumtree/rsync_repos_function_374_last_repos.cpp,18,"out_of_memory(""glob_expand"")","[""strdup_ret""]",[]
/usr/info/code/cpp/LogMonitor/LogMonitor/second/download/rsync/repos/rsync-3.1.2/util.c,/usr/info/code/cpp/LogMonitor/LogMonitor/second/download/rsync/gumtree/rsync_repos_function_375_last_repos.cpp,18,"out_of_memory(""glob_expand_module"")","[""strdup_ret"", ""strdup_ret""]",[]
/usr/info/code/cpp/LogMonitor/LogMonitor/second/download/rsync/repos/rsync-3.1.2/util.c,/usr/info/code/cpp/LogMonitor/LogMonitor/second/download/rsync/gumtree/rsync_repos_function_375_last_repos.cpp,21,"out_of_memory(""glob_expand_module"")","[""asprintf_ret""]",[]
/usr/info/code/cpp/LogMonitor/LogMonitor/second/download/rsync/repos/rsync-3.1.2/util.c,/usr/info/code/cpp/LogMonitor/LogMonitor/second/download/rsync/gumtree/rsync_repos_function_381_last_repos.cpp,19,"out_of_memory(""sanitize_path"")","[""new_array_ret"", ""new_array_ret""]",[]
/usr/info/code/cpp/LogMonitor/LogMonitor/second/download/rsync/repos/rsync-3.1.2/util.c,/usr/info/code/cpp/LogMonitor/LogMonitor/second/download/rsync/gumtree/rsync_repos_function_383_last_repos.cpp,11,"out_of_memory(""normalize_path"")","[""strdup_ret"", ""strdup_ret""]",[]
/usr/info/code/cpp/LogMonitor/LogMonitor/second/download/rsync/repos/rsync-3.1.2/util.c,/usr/info/code/cpp/LogMonitor/LogMonitor/second/download/rsync/gumtree/rsync_repos_function_383_last_repos.cpp,15,"out_of_memory(""normalize_path"")","[""strdup_ret"", ""strdup_ret""]",[]
/usr/info/code/cpp/LogMonitor/LogMonitor/second/download/rsync/repos/rsync-3.1.2/util.c,/usr/info/code/cpp/LogMonitor/LogMonitor/second/download/rsync/gumtree/rsync_repos_function_384_last_repos.cpp,25,"out_of_memory(""full_fname"")","[""asprintf_ret""]",[]
/usr/info/code/cpp/LogMonitor/LogMonitor/second/download/rsync/repos/rsync-3.1.2/util.c,/usr/info/code/cpp/LogMonitor/LogMonitor/second/download/rsync/gumtree/rsync_repos_function_393_last_repos.cpp,6,"out_of_memory(""bitbag_create"")","[""calloc_ret"", "" struct bitbag"", null, null]",[]
/usr/info/code/cpp/LogMonitor/LogMonitor/second/download/rsync/repos/rsync-3.1.2/util.c,/usr/info/code/cpp/LogMonitor/LogMonitor/second/download/rsync/gumtree/rsync_repos_function_394_last_repos.cpp,7,"out_of_memory(""bitbag_set_bit"")","[""calloc_ret"", "" struct bitbag"", null, ""int"", null]",[]
/usr/info/code/cpp/LogMonitor/LogMonitor/second/download/rsync/repos/rsync-3.1.2/util.c,/usr/info/code/cpp/LogMonitor/LogMonitor/second/download/rsync/gumtree/rsync_repos_function_396_last_repos.cpp,5,"out_of_memory(""flist_ndx_push"")","["" struct flist_ndx_item"", null]",[]
/usr/info/code/cpp/LogMonitor/LogMonitor/second/download/rsync/repos/rsync-3.1.2/util.c,/usr/info/code/cpp/LogMonitor/LogMonitor/second/download/rsync/gumtree/rsync_repos_function_398_last_repos.cpp,25,"out_of_memory(""expand_item_list"")","[""_realloc_array_ret""]",[]
/usr/info/code/cpp/LogMonitor/LogMonitor/second/download/rsync/repos/rsync-3.1.2/tls.c,/usr/info/code/cpp/LogMonitor/LogMonitor/second/download/rsync/gumtree/rsync_repos_function_411_last_repos.cpp,21,"fprintf(stderr, ""failed to read xattr %s for %s: %s\n"",
			XSTAT_ATTR, fname, strerror(errno))","[""sys_lgetxattr_ret""]","[""strerror_ret"", null, null, ""sys_lgetxattr_arg_ret""]"
/usr/info/code/cpp/LogMonitor/LogMonitor/second/download/rsync/repos/rsync-3.1.2/tls.c,/usr/info/code/cpp/LogMonitor/LogMonitor/second/download/rsync/gumtree/rsync_repos_function_411_last_repos.cpp,29,"fprintf(stderr, ""Corrupt %s xattr attached to %s: \""%s\""\n"",
			XSTAT_ATTR, fname, buf)","[""sscanf_ret""]","[null, null, ""sys_lgetxattr_arg_ret"", null]"
/usr/info/code/cpp/LogMonitor/LogMonitor/second/download/rsync/repos/rsync-3.1.2/tls.c,/usr/info/code/cpp/LogMonitor/LogMonitor/second/download/rsync/gumtree/rsync_repos_function_415_last_repos.cpp,14,"fprintf(stderr,
			        ""%s: %s\n"",
				poptBadOption(pc, POPT_BADOPTION_NOALIAS),
				poptStrerror(opt))","[""poptGetNextOpt_ret""]","[""poptBadOption_ret"", ""poptStrerror_ret"", null]"
/usr/info/code/cpp/LogMonitor/LogMonitor/second/download/rsync/repos/rsync-3.1.2/authenticate.c,/usr/info/code/cpp/LogMonitor/LogMonitor/second/download/rsync/gumtree/rsync_repos_function_441_last_repos.cpp,31,"out_of_memory(""auth_server"")","[""strdup_ret"", ""strdup_ret""]",[]
/usr/info/code/cpp/LogMonitor/LogMonitor/second/download/rsync/repos/rsync-3.1.2/authenticate.c,/usr/info/code/cpp/LogMonitor/LogMonitor/second/download/rsync/gumtree/rsync_repos_function_441_last_repos.cpp,68,"out_of_memory(""auth_server"")","[""new_array_ret"", ""new_array_ret"", null]",[]
/usr/info/code/cpp/LogMonitor/LogMonitor/second/download/rsync/repos/rsync-3.1.2/checksum.c,/usr/info/code/cpp/LogMonitor/LogMonitor/second/download/rsync/gumtree/rsync_repos_function_444_last_repos.cpp,34,"out_of_memory(""get_checksum2"")","[""new_array_ret""]",[]
/usr/info/code/cpp/LogMonitor/LogMonitor/second/download/rsync/repos/rsync-3.1.2/trimslash.c,/usr/info/code/cpp/LogMonitor/LogMonitor/second/download/rsync/gumtree/rsync_repos_function_452_last_repos.cpp,6,"fprintf(stderr, ""trimslash: needs at least one argument\n"")","[""int""]",[null]
/usr/info/code/cpp/LogMonitor/LogMonitor/second/download/rsync/repos/rsync-3.1.2/acls.c,/usr/info/code/cpp/LogMonitor/LogMonitor/second/download/rsync/gumtree/rsync_repos_function_481_last_repos.cpp,5,"out_of_memory(""create_racl"")","[""rsync_acl""]",[]
/usr/info/code/cpp/LogMonitor/LogMonitor/second/download/rsync/repos/rsync-3.1.2/acls.c,/usr/info/code/cpp/LogMonitor/LogMonitor/second/download/rsync/gumtree/rsync_repos_function_488_last_repos.cpp,76,"out_of_memory(""unpack_smb_acl"")","[""new_array_ret"", ""rsync_acl_free_arg_ret"", null, null]",[]
/usr/info/code/cpp/LogMonitor/LogMonitor/second/download/rsync/repos/rsync-3.1.2/acls.c,/usr/info/code/cpp/LogMonitor/LogMonitor/second/download/rsync/gumtree/rsync_repos_function_492_last_repos.cpp,35,"out_of_memory(""get_rsync_acl"")","[""new_array_ret"", ""new_array_ret"", ""unpack_smb_acl_arg"", null, null]",[]
/usr/info/code/cpp/LogMonitor/LogMonitor/second/download/rsync/repos/rsync-3.1.2/acls.c,/usr/info/code/cpp/LogMonitor/LogMonitor/second/download/rsync/gumtree/rsync_repos_function_498_last_repos.cpp,7,"out_of_memory(""recv_ida_entries"")","[""new_array_ret"", ""ida_entries"", null]",[]
/usr/info/code/cpp/LogMonitor/LogMonitor/second/download/rsync/repos/rsync-3.1.2/flist.c,/usr/info/code/cpp/LogMonitor/LogMonitor/second/download/rsync/gumtree/rsync_repos_function_523_last_repos.cpp,32,"out_of_memory(""flist_expand"")","["" struct file_list"", null]",[]
/usr/info/code/cpp/LogMonitor/LogMonitor/second/download/rsync/repos/rsync-3.1.2/flist.c,/usr/info/code/cpp/LogMonitor/LogMonitor/second/download/rsync/gumtree/rsync_repos_function_528_last_repos.cpp,187,"out_of_memory(""make_file"")","[""new_array_ret"", ""new_array_ret""]",[]
/usr/info/code/cpp/LogMonitor/LogMonitor/second/download/rsync/repos/rsync-3.1.2/flist.c,/usr/info/code/cpp/LogMonitor/LogMonitor/second/download/rsync/gumtree/rsync_repos_function_538_last_repos.cpp,88,"out_of_memory(""send_implied_dirs"")","[""new0_ret"", ""new0_ret""]",[]
/usr/info/code/cpp/LogMonitor/LogMonitor/second/download/rsync/repos/rsync-3.1.2/flist.c,/usr/info/code/cpp/LogMonitor/LogMonitor/second/download/rsync/gumtree/rsync_repos_function_538_last_repos.cpp,93,"out_of_memory(""send_implied_dirs"")","[""new_array_ret"", ""new_array_ret"", null]",[]
/usr/info/code/cpp/LogMonitor/LogMonitor/second/download/rsync/repos/rsync-3.1.2/flist.c,/usr/info/code/cpp/LogMonitor/LogMonitor/second/download/rsync/gumtree/rsync_repos_function_541_last_repos.cpp,63,"out_of_memory(""send_extra_file_list"")","[""new_array_ret"", ""send1extra_arg_ret"", null]",[]
/usr/info/code/cpp/LogMonitor/LogMonitor/second/download/rsync/repos/rsync-3.1.2/flist.c,/usr/info/code/cpp/LogMonitor/LogMonitor/second/download/rsync/gumtree/rsync_repos_function_542_last_repos.cpp,313,"out_of_memory(""send_file_list"")","[""new_array_ret"", ""finish_filelist_progress_arg_ret"", null]",[]
/usr/info/code/cpp/LogMonitor/LogMonitor/second/download/rsync/repos/rsync-3.1.2/flist.c,/usr/info/code/cpp/LogMonitor/LogMonitor/second/download/rsync/gumtree/rsync_repos_function_543_last_repos.cpp,114,"out_of_memory(""recv_file_list"")","[""new_array_ret"", ""finish_filelist_progress_arg_ret"", null]",[]
/usr/info/code/cpp/LogMonitor/LogMonitor/second/download/rsync/repos/rsync-3.1.2/flist.c,/usr/info/code/cpp/LogMonitor/LogMonitor/second/download/rsync/gumtree/rsync_repos_function_549_last_repos.cpp,5,out_of_memory(msg),"[""new0_ret"", ""new0_ret""]","[""char""]"
/usr/info/code/cpp/LogMonitor/LogMonitor/second/download/rsync/repos/rsync-3.1.2/flist.c,/usr/info/code/cpp/LogMonitor/LogMonitor/second/download/rsync/gumtree/rsync_repos_function_549_last_repos.cpp,11,out_of_memory(msg),"[""pool_create_ret"", ""new0_ret"", null]","[""char""]"
/usr/info/code/cpp/LogMonitor/LogMonitor/second/download/rsync/repos/rsync-3.1.2/flist.c,/usr/info/code/cpp/LogMonitor/LogMonitor/second/download/rsync/gumtree/rsync_repos_function_549_last_repos.cpp,20,out_of_memory(msg),"[""new0_ret"", null]","[""char""]"
/usr/info/code/cpp/LogMonitor/LogMonitor/second/download/rsync/repos/rsync-3.1.2/options.c,/usr/info/code/cpp/LogMonitor/LogMonitor/second/download/rsync/gumtree/rsync_repos_function_558_last_repos.cpp,51,"out_of_memory(""make_output_option"")","[""new_array_ret"", ""new_array_ret""]",[]
/usr/info/code/cpp/LogMonitor/LogMonitor/second/download/rsync/repos/rsync-3.1.2/options.c,/usr/info/code/cpp/LogMonitor/LogMonitor/second/download/rsync/gumtree/rsync_repos_function_565_last_repos.cpp,17,"out_of_memory(""print_rsync_version"")","[""asprintf_ret""]",[]
/usr/info/code/cpp/LogMonitor/LogMonitor/second/download/rsync/repos/rsync-3.1.2/options.c,/usr/info/code/cpp/LogMonitor/LogMonitor/second/download/rsync/gumtree/rsync_repos_function_571_last_repos.cpp,51,"out_of_memory(""parse_size_arg"")","[""strdup_ret"", ""strdup_ret""]",[]
/usr/info/code/cpp/LogMonitor/LogMonitor/second/download/rsync/repos/rsync-3.1.2/options.c,/usr/info/code/cpp/LogMonitor/LogMonitor/second/download/rsync/gumtree/rsync_repos_function_573_last_repos.cpp,165,"out_of_memory(""parse_arguments"")","[""strdup_ret""]",[]
/usr/info/code/cpp/LogMonitor/LogMonitor/second/download/rsync/repos/rsync-3.1.2/options.c,/usr/info/code/cpp/LogMonitor/LogMonitor/second/download/rsync/gumtree/rsync_repos_function_573_last_repos.cpp,273,"out_of_memory(""parse_arguments"")","[""realloc_array_ret""]",[]
/usr/info/code/cpp/LogMonitor/LogMonitor/second/download/rsync/repos/rsync-3.1.2/options.c,/usr/info/code/cpp/LogMonitor/LogMonitor/second/download/rsync/gumtree/rsync_repos_function_573_last_repos.cpp,445,"out_of_memory(""parse_arguments"")","[""asprintf_ret""]",[]
/usr/info/code/cpp/LogMonitor/LogMonitor/second/download/rsync/repos/rsync-3.1.2/options.c,/usr/info/code/cpp/LogMonitor/LogMonitor/second/download/rsync/gumtree/rsync_repos_function_573_last_repos.cpp,460,"out_of_memory(""parse_arguments"")","[""asprintf_ret""]",[]
/usr/info/code/cpp/LogMonitor/LogMonitor/second/download/rsync/repos/rsync-3.1.2/options.c,/usr/info/code/cpp/LogMonitor/LogMonitor/second/download/rsync/gumtree/rsync_repos_function_573_last_repos.cpp,554,"fprintf(stderr, ""%s"" ""Continuing without compression.\n\n"", err_buf)",[null],"[""fflush_arg"", ""snprintf_arg""]"
/usr/info/code/cpp/LogMonitor/LogMonitor/second/download/rsync/repos/rsync-3.1.2/main.c,/usr/info/code/cpp/LogMonitor/LogMonitor/second/download/rsync/gumtree/rsync_repos_function_585_last_repos.cpp,103,"out_of_memory(""do_cmd"")","[""asprintf_ret""]",[]
/usr/info/code/cpp/LogMonitor/LogMonitor/second/download/rsync/repos/rsync-3.1.2/main.c,/usr/info/code/cpp/LogMonitor/LogMonitor/second/download/rsync/gumtree/rsync_repos_function_585_last_repos.cpp,157,"out_of_memory(""do_cmd"")","[""asprintf_ret""]",[]
/usr/info/code/cpp/LogMonitor/LogMonitor/second/download/rsync/repos/rsync-3.1.2/zlib/trees.c,/usr/info/code/cpp/LogMonitor/LogMonitor/second/download/rsync/gumtree/rsync_repos_function_607_last_repos.cpp,63,"fprintf(stderr,""\nnode %d(%d), sons %d(%d) %d(%d)"",
                    node, tree[node].Freq, n, tree[n].Freq, m, tree[m].Freq)","[""pqremove_arg_ret"", ""pqdownheap_arg"", null]","[null, ""int"", ""pqremove_arg_ret"", ""int"", null, ""int"", ""pqremove_arg_ret"", ""int"", null, ""int"", ""pqremove_arg_ret"", ""int"", null]"
/usr/info/code/cpp/LogMonitor/LogMonitor/second/download/rsync/repos/rsync-3.1.2/zlib/deflate.c,/usr/info/code/cpp/LogMonitor/LogMonitor/second/download/rsync/gumtree/rsync_repos_function_696_last_repos.cpp,8,"fprintf(stderr, "" start %u, match %u, length %d\n"",
                start, match, length)","[""zmemcmp_ret"", null]","[""putc_arg"", ""IPos"", ""IPos"", ""int""]"
/usr/info/code/cpp/LogMonitor/LogMonitor/second/download/rsync/repos/rsync-3.1.2/zlib/deflate.c,/usr/info/code/cpp/LogMonitor/LogMonitor/second/download/rsync/gumtree/rsync_repos_function_696_last_repos.cpp,11,"fprintf(stderr, ""%c%c"", s->window[match++], s->window[start++])","[""zmemcmp_ret"", null]","[""putc_arg"", null, null, ""IPos"", null, null, ""IPos""]"
/usr/info/code/cpp/LogMonitor/LogMonitor/second/download/rsync/repos/rsync-3.1.2/zlib/deflate.c,/usr/info/code/cpp/LogMonitor/LogMonitor/second/download/rsync/gumtree/rsync_repos_function_696_last_repos.cpp,16,"fprintf(stderr,""\\[%d,%d]"", start-match, length)",[null],"[""putc_arg"", ""IPos"", ""IPos"", ""int""]"
/usr/info/code/cpp/LogMonitor/LogMonitor/second/download/rsync/repos/rsync-3.1.2/support/savetransfer.c,/usr/info/code/cpp/LogMonitor/LogMonitor/second/download/rsync/gumtree/rsync_repos_function_703_last_repos.cpp,14,"fprintf(stderr, ""Unknown option: %s\n"", argv[0])","[""open_arg""]","[null, ""open_arg""]"
/usr/info/code/cpp/LogMonitor/LogMonitor/second/download/rsync/repos/rsync-3.1.2/support/savetransfer.c,/usr/info/code/cpp/LogMonitor/LogMonitor/second/download/rsync/gumtree/rsync_repos_function_703_last_repos.cpp,21,"fprintf(stderr, ""Usage: savetransfer [-i|-o] OUTPUT_FILE PROGRAM [ARGS...]\n"")","[""int""]",[null]
/usr/info/code/cpp/LogMonitor/LogMonitor/second/download/rsync/repos/rsync-3.1.2/support/savetransfer.c,/usr/info/code/cpp/LogMonitor/LogMonitor/second/download/rsync/gumtree/rsync_repos_function_703_last_repos.cpp,22,"fprintf(stderr, ""-i  Save the input going to PROGRAM to the OUTPUT_FILE\n"")","[""int""]",[null]
/usr/info/code/cpp/LogMonitor/LogMonitor/second/download/rsync/repos/rsync-3.1.2/support/savetransfer.c,/usr/info/code/cpp/LogMonitor/LogMonitor/second/download/rsync/gumtree/rsync_repos_function_703_last_repos.cpp,23,"fprintf(stderr, ""-o  Save the output coming from PROGRAM to the OUTPUT_FILE\n"")","[""int""]",[null]
/usr/info/code/cpp/LogMonitor/LogMonitor/second/download/rsync/repos/rsync-3.1.2/support/savetransfer.c,/usr/info/code/cpp/LogMonitor/LogMonitor/second/download/rsync/gumtree/rsync_repos_function_703_last_repos.cpp,27,"fprintf(stderr, ""Unable to write to `%s': %s\n"", *argv, strerror(errno))","[""open_ret"", ""open_ret""]","[""strerror_ret"", null, ""run_program_arg""]"
/usr/info/code/cpp/LogMonitor/LogMonitor/second/download/rsync/repos/rsync-3.1.2/support/savetransfer.c,/usr/info/code/cpp/LogMonitor/LogMonitor/second/download/rsync/gumtree/rsync_repos_function_703_last_repos.cpp,55,"fprintf(stderr, ""Failed to write data to stdout: %s\n"", strerror(errno))","[""write_ret"", ""read_ret""]","[""strerror_ret"", null]"
/usr/info/code/cpp/LogMonitor/LogMonitor/second/download/rsync/repos/rsync-3.1.2/support/savetransfer.c,/usr/info/code/cpp/LogMonitor/LogMonitor/second/download/rsync/gumtree/rsync_repos_function_703_last_repos.cpp,59,"fprintf(stderr, ""Failed to write data to fd_file: %s\n"", strerror(errno))","[""write_ret"", ""read_ret""]","[""strerror_ret"", null]"
/usr/info/code/cpp/LogMonitor/LogMonitor/second/download/rsync/repos/rsync-3.1.2/support/savetransfer.c,/usr/info/code/cpp/LogMonitor/LogMonitor/second/download/rsync/gumtree/rsync_repos_function_704_last_repos.cpp,7,"fprintf(stderr, ""pipe failed: %s\n"", strerror(errno))","[""pipe_ret""]","[""strerror_ret"", null]"
/usr/info/code/cpp/LogMonitor/LogMonitor/second/download/rsync/repos/rsync-3.1.2/support/savetransfer.c,/usr/info/code/cpp/LogMonitor/LogMonitor/second/download/rsync/gumtree/rsync_repos_function_704_last_repos.cpp,12,"fprintf(stderr, ""fork failed: %s\n"", strerror(errno))","[""fork_ret"", ""fork_ret""]","[""strerror_ret"", null]"
/usr/info/code/cpp/LogMonitor/LogMonitor/second/download/rsync/repos/rsync-3.1.2/support/savetransfer.c,/usr/info/code/cpp/LogMonitor/LogMonitor/second/download/rsync/gumtree/rsync_repos_function_704_last_repos.cpp,22,"fprintf(stderr, ""Failed to dup (in child): %s\n"", strerror(errno))","[""dup2_ret""]","[""strerror_ret"", null]"
/usr/info/code/cpp/LogMonitor/LogMonitor/second/download/rsync/repos/rsync-3.1.2/support/savetransfer.c,/usr/info/code/cpp/LogMonitor/LogMonitor/second/download/rsync/gumtree/rsync_repos_function_704_last_repos.cpp,30,"fprintf(stderr, ""Failed to exec %s: %s\n"", command[0], strerror(errno))","[""fork_ret""]","[""strerror_ret"", null, ""execvp_arg_ret""]"
/usr/info/code/cpp/LogMonitor/LogMonitor/second/download/rsync/repos/rsync-3.1.2/support/savetransfer.c,/usr/info/code/cpp/LogMonitor/LogMonitor/second/download/rsync/gumtree/rsync_repos_function_704_last_repos.cpp,39,"fprintf(stderr, ""Failed to dup (in parent): %s\n"", strerror(errno))","[""dup2_ret""]","[""strerror_ret"", null]"
/usr/info/code/cpp/LogMonitor/LogMonitor/second/download/rsync/repos/rsync-3.1.2/popt/popt.c,/usr/info/code/cpp/LogMonitor/LogMonitor/second/download/rsync/gumtree/rsync_repos_function_901_last_repos.cpp,2,"fprintf(stderr, ""%s"", msg)","[""char""]","[null, ""char""]"
/usr/info/code/cpp/LogMonitor/LogMonitor/second/download/rsync/repos/rsync-3.1.2/popt/popt.c,/usr/info/code/cpp/LogMonitor/LogMonitor/second/download/rsync/gumtree/rsync_repos_function_901_last_repos.cpp,3,"fprintf(stderr, ""\tcon %p os %p nextCharArg \""%s\"" nextArg \""%s\"" argv[%d] \""%s\""\n"",
	con, con->os,
	(con->os->nextCharArg ? con->os->nextCharArg : """"),
	(con->os->nextArg ? con->os->nextArg : """"),
	con->os->next,
	(con->os->argv && con->os->argv[con->os->next]
		? con->os->argv[con->os->next] : """"))","[""char""]","[null, ""poptContext"", ""poptContext"", null, ""poptContext"", null, null, ""poptContext"", null, null, ""poptContext"", null, null, ""poptContext"", null, null, ""poptContext"", null, null, ""poptContext"", null, null, ""poptContext"", null, null, ""poptContext"", null, null, ""poptContext"", null, null, ""poptContext"", null, null]"
/usr/info/code/cpp/LogMonitor/LogMonitor/second/download/rsync/repos/rsync-3.1.2/popt/popt.c,/usr/info/code/cpp/LogMonitor/LogMonitor/second/download/rsync/gumtree/rsync_repos_function_911_last_repos.cpp,80,"fprintf(stderr, ""==> execvp(%s) argv[%d]:"", argv[0], argc)",[null],"[null, ""sizeof_arg_ret"", ""int""]"
/usr/info/code/cpp/LogMonitor/LogMonitor/second/download/rsync/repos/rsync-3.1.2/popt/popt.c,/usr/info/code/cpp/LogMonitor/LogMonitor/second/download/rsync/gumtree/rsync_repos_function_911_last_repos.cpp,82,"fprintf(stderr, "" '%s'"", *avp)",[null],"[null, ""char""]"
/usr/info/code/cpp/LogMonitor/LogMonitor/second/download/rsync/repos/rsync-3.1.2/popt/popt.c,/usr/info/code/cpp/LogMonitor/LogMonitor/second/download/rsync/gumtree/rsync_repos_function_911_last_repos.cpp,83,"fprintf(stderr, ""\n"")",[null],[null]
/usr/info/code/cpp/LogMonitor/LogMonitor/second/download/rsync/repos/rsync-3.1.2/popt/popt.c,/usr/info/code/cpp/LogMonitor/LogMonitor/second/download/rsync/gumtree/rsync_repos_function_918_last_repos.cpp,266,"fprintf(stdout,
			POPT_(""option type (%d) not implemented in popt\n""),
			(opt->argInfo & POPT_ARG_MASK))","[""findOption_ret"", null, null]","[""POPT__ret"", null, ""findOption_ret"", null, null]"
/usr/info/code/cpp/LogMonitor/LogMonitor/second/download/rsync/repos/rsync-3.1.2/popt/system.h,/usr/info/code/cpp/LogMonitor/LogMonitor/second/download/rsync/gumtree/rsync_repos_function_930_last_repos.cpp,6,"fprintf(stderr, ""virtual memory exhausted.\n"")","[""malloc_ret""]",[null]
/usr/info/code/cpp/LogMonitor/LogMonitor/second/download/rsync/repos/rsync-3.1.2/popt/popthelp.c,/usr/info/code/cpp/LogMonitor/LogMonitor/second/download/rsync/gumtree/rsync_repos_function_932_last_repos.cpp,16,"fprintf(fp, "" %s"", fn)","[""poptContext"", null, null]","[""FILE"", ""strrchr_ret""]"
/usr/info/code/cpp/LogMonitor/LogMonitor/second/download/rsync/repos/rsync-3.1.2/popt/popthelp.c,/usr/info/code/cpp/LogMonitor/LogMonitor/second/download/rsync/gumtree/rsync_repos_function_933_last_repos.cpp,47,"fprintf(fp, ""\n       "")","[""size_t"", ""size_t""]","[""FILE""]"
/usr/info/code/cpp/LogMonitor/LogMonitor/second/download/rsync/repos/rsync-3.1.2/popt/popthelp.c,/usr/info/code/cpp/LogMonitor/LogMonitor/second/download/rsync/gumtree/rsync_repos_function_933_last_repos.cpp,52,"fprintf(fp, "" [-%c|-%s%s%s%s]"",
	    opt->shortName, ((opt->argInfo & POPT_ARGFLAG_ONEDASH) ? """" : ""-""),
	    opt->longName,
	    (argDescrip ? "" "" : """"),
	    (argDescrip ? argDescrip : """"))","[""getArgDescrip_arg_ret"", null, ""getArgDescrip_arg_ret"", null]","[""FILE"", ""getArgDescrip_arg_ret"", null, ""getArgDescrip_arg_ret"", null, null, ""getArgDescrip_arg_ret"", null, ""strlen_arg_ret"", ""strlen_arg_ret"", ""strlen_arg_ret""]"
/usr/info/code/cpp/LogMonitor/LogMonitor/second/download/rsync/repos/rsync-3.1.2/popt/popthelp.c,/usr/info/code/cpp/LogMonitor/LogMonitor/second/download/rsync/gumtree/rsync_repos_function_933_last_repos.cpp,58,"fprintf(fp, "" [-%s%s%s%s]"",
	    ((opt->shortName || (opt->argInfo & POPT_ARGFLAG_ONEDASH)) ? """" : ""-""),
	    item,
	    (argDescrip ? (opt->shortName != '\0' ? "" "" : ""="") : """"),
	    (argDescrip ? argDescrip : """"))","[""getArgDescrip_arg_ret"", null, ""getArgDescrip_arg_ret"", null]","[""FILE"", ""getArgDescrip_arg_ret"", null, ""getArgDescrip_arg_ret"", null, null, ""char"", ""strlen_arg_ret"", ""getArgDescrip_arg_ret"", null, ""strlen_arg_ret"", ""strlen_arg_ret""]"
/usr/info/code/cpp/LogMonitor/LogMonitor/second/download/rsync/repos/rsync-3.1.2/popt/popthelp.c,/usr/info/code/cpp/LogMonitor/LogMonitor/second/download/rsync/gumtree/rsync_repos_function_934_last_repos.cpp,26,"fprintf(fp, "" [-%s]"", s)","[""showShortOptions_arg_ret"", ""char"", ""showShortOptions_arg_ret""]","[""showShortOptions_arg_ret"", ""showShortOptions_arg_ret""]"
