commit_message,file_name,change_type,log_node,cdg_nodes,ddg_nodes
Merge pull request #8441 from alalek:dispatch_mathfuncs_core,modules/core/src/mathfuncs_core.dispatch.cpp,+,"[[834, u'True', u'Parameter', u'const float * src'], [828, u'True', u'Parameter', u'int n'], [831, u'True', u'Parameter', u'float * dst'], [834, u'True', u'Parameter', u'const float * src']]","[[836, None, u'ParameterType', u'const float *'], [835, None, u'Identifier', u'src'], [834, u'True', u'Parameter', u'const float * src'], [892, u'True', u'CFGEntryNode', u'ENTRY'], [830, None, u'ParameterType', u'int'], [829, None, u'Identifier', u'n'], [828, u'True', u'Parameter', u'int n'], [892, u'True', u'CFGEntryNode', u'ENTRY'], [833, None, u'ParameterType', u'float *'], [832, None, u'Identifier', u'dst'], [831, u'True', u'Parameter', u'float * dst'], [892, u'True', u'CFGEntryNode', u'ENTRY'], [836, None, u'ParameterType', u'const float *'], [835, None, u'Identifier', u'src'], [834, u'True', u'Parameter', u'const float * src'], [892, u'True', u'CFGEntryNode', u'ENTRY']]","[[836, None, u'ParameterType', u'const float *'], [835, None, u'Identifier', u'src'], [834, u'True', u'Parameter', u'const float * src'], [830, None, u'ParameterType', u'int'], [829, None, u'Identifier', u'n'], [828, u'True', u'Parameter', u'int n'], [833, None, u'ParameterType', u'float *'], [832, None, u'Identifier', u'dst'], [831, u'True', u'Parameter', u'float * dst'], [836, None, u'ParameterType', u'const float *'], [835, None, u'Identifier', u'src'], [834, u'True', u'Parameter', u'const float * src']]"
Merge pull request #8441 from alalek:dispatch_mathfuncs_core,modules/core/src/mathfuncs_core.dispatch.cpp,+,"[[911, u'True', u'Parameter', u'const double * src'], [911, u'True', u'Parameter', u'const double * src'], [908, u'True', u'Parameter', u'double * dst'], [905, u'True', u'Parameter', u'int n']]","[[913, None, u'ParameterType', u'const double *'], [912, None, u'Identifier', u'src'], [911, u'True', u'Parameter', u'const double * src'], [969, u'True', u'CFGEntryNode', u'ENTRY'], [913, None, u'ParameterType', u'const double *'], [912, None, u'Identifier', u'src'], [911, u'True', u'Parameter', u'const double * src'], [969, u'True', u'CFGEntryNode', u'ENTRY'], [910, None, u'ParameterType', u'double *'], [909, None, u'Identifier', u'dst'], [908, u'True', u'Parameter', u'double * dst'], [969, u'True', u'CFGEntryNode', u'ENTRY'], [907, None, u'ParameterType', u'int'], [906, None, u'Identifier', u'n'], [905, u'True', u'Parameter', u'int n'], [969, u'True', u'CFGEntryNode', u'ENTRY']]","[[913, None, u'ParameterType', u'const double *'], [912, None, u'Identifier', u'src'], [911, u'True', u'Parameter', u'const double * src'], [913, None, u'ParameterType', u'const double *'], [912, None, u'Identifier', u'src'], [911, u'True', u'Parameter', u'const double * src'], [910, None, u'ParameterType', u'double *'], [909, None, u'Identifier', u'dst'], [908, u'True', u'Parameter', u'double * dst'], [907, None, u'ParameterType', u'int'], [906, None, u'Identifier', u'n'], [905, u'True', u'Parameter', u'int n']]"
Merge pull request #8441 from alalek:dispatch_mathfuncs_core,modules/core/src/mathfuncs_core.dispatch.cpp,+,"[[1048, u'True', u'Parameter', u'const float * src'], [1048, u'True', u'Parameter', u'const float * src'], [1045, u'True', u'Parameter', u'float * dst'], [1042, u'True', u'Parameter', u'int n']]","[[1050, None, u'ParameterType', u'const float *'], [1049, None, u'Identifier', u'src'], [1048, u'True', u'Parameter', u'const float * src'], [1064, u'True', u'CFGEntryNode', u'ENTRY'], [1050, None, u'ParameterType', u'const float *'], [1049, None, u'Identifier', u'src'], [1048, u'True', u'Parameter', u'const float * src'], [1064, u'True', u'CFGEntryNode', u'ENTRY'], [1047, None, u'ParameterType', u'float *'], [1046, None, u'Identifier', u'dst'], [1045, u'True', u'Parameter', u'float * dst'], [1064, u'True', u'CFGEntryNode', u'ENTRY'], [1044, None, u'ParameterType', u'int'], [1043, None, u'Identifier', u'n'], [1042, u'True', u'Parameter', u'int n'], [1064, u'True', u'CFGEntryNode', u'ENTRY']]","[[1050, None, u'ParameterType', u'const float *'], [1049, None, u'Identifier', u'src'], [1048, u'True', u'Parameter', u'const float * src'], [1050, None, u'ParameterType', u'const float *'], [1049, None, u'Identifier', u'src'], [1048, u'True', u'Parameter', u'const float * src'], [1047, None, u'ParameterType', u'float *'], [1046, None, u'Identifier', u'dst'], [1045, u'True', u'Parameter', u'float * dst'], [1044, None, u'ParameterType', u'int'], [1043, None, u'Identifier', u'n'], [1042, u'True', u'Parameter', u'int n']]"
Merge pull request #8441 from alalek:dispatch_mathfuncs_core,modules/core/src/mathfuncs_core.dispatch.cpp,+,"[[1053, u'True', u'ExpressionStatement', u'log32f ( src , dst , n )']]","[[1054, None, u'CallExpression', u'log32f ( src , dst , n )'], [1062, None, u'Callee', u'log32f'], [1055, None, u'ArgumentList', u'src'], [1063, None, u'Identifier', u'log32f'], [1060, None, u'Argument', u'src'], [1058, None, u'Argument', u'dst'], [1056, None, u'Argument', u'n'], [1061, None, u'Identifier', u'src'], [1059, None, u'Identifier', u'dst'], [1057, None, u'Identifier', u'n'], [1053, u'True', u'ExpressionStatement', u'log32f ( src , dst , n )'], [1064, u'True', u'CFGEntryNode', u'ENTRY']]","[[1054, None, u'CallExpression', u'log32f ( src , dst , n )'], [1062, None, u'Callee', u'log32f'], [1055, None, u'ArgumentList', u'src'], [1063, None, u'Identifier', u'log32f'], [1060, None, u'Argument', u'src'], [1058, None, u'Argument', u'dst'], [1056, None, u'Argument', u'n'], [1061, None, u'Identifier', u'src'], [1059, None, u'Identifier', u'dst'], [1057, None, u'Identifier', u'n'], [1053, u'True', u'ExpressionStatement', u'log32f ( src , dst , n )'], [1050, None, u'ParameterType', u'const float *'], [1049, None, u'Identifier', u'src'], [1048, u'True', u'Parameter', u'const float * src'], [1047, None, u'ParameterType', u'float *'], [1046, None, u'Identifier', u'dst'], [1045, u'True', u'Parameter', u'float * dst'], [1044, None, u'ParameterType', u'int'], [1043, None, u'Identifier', u'n'], [1042, u'True', u'Parameter', u'int n']]"
Merge pull request #8441 from alalek:dispatch_mathfuncs_core,modules/core/src/mathfuncs_core.dispatch.cpp,+,"[[1078, u'True', u'Parameter', u'const double * src'], [1072, u'True', u'Parameter', u'int n'], [1075, u'True', u'Parameter', u'double * dst'], [1078, u'True', u'Parameter', u'const double * src']]","[[1080, None, u'ParameterType', u'const double *'], [1079, None, u'Identifier', u'src'], [1078, u'True', u'Parameter', u'const double * src'], [1094, u'True', u'CFGEntryNode', u'ENTRY'], [1074, None, u'ParameterType', u'int'], [1073, None, u'Identifier', u'n'], [1072, u'True', u'Parameter', u'int n'], [1094, u'True', u'CFGEntryNode', u'ENTRY'], [1077, None, u'ParameterType', u'double *'], [1076, None, u'Identifier', u'dst'], [1075, u'True', u'Parameter', u'double * dst'], [1094, u'True', u'CFGEntryNode', u'ENTRY'], [1080, None, u'ParameterType', u'const double *'], [1079, None, u'Identifier', u'src'], [1078, u'True', u'Parameter', u'const double * src'], [1094, u'True', u'CFGEntryNode', u'ENTRY']]","[[1080, None, u'ParameterType', u'const double *'], [1079, None, u'Identifier', u'src'], [1078, u'True', u'Parameter', u'const double * src'], [1074, None, u'ParameterType', u'int'], [1073, None, u'Identifier', u'n'], [1072, u'True', u'Parameter', u'int n'], [1077, None, u'ParameterType', u'double *'], [1076, None, u'Identifier', u'dst'], [1075, u'True', u'Parameter', u'double * dst'], [1080, None, u'ParameterType', u'const double *'], [1079, None, u'Identifier', u'src'], [1078, u'True', u'Parameter', u'const double * src']]"
Merge pull request #8441 from alalek:dispatch_mathfuncs_core,modules/core/src/mathfuncs_core.dispatch.cpp,+,"[[1083, u'True', u'ExpressionStatement', u'log64f ( src , dst , n )']]","[[1084, None, u'CallExpression', u'log64f ( src , dst , n )'], [1092, None, u'Callee', u'log64f'], [1085, None, u'ArgumentList', u'src'], [1093, None, u'Identifier', u'log64f'], [1090, None, u'Argument', u'src'], [1088, None, u'Argument', u'dst'], [1086, None, u'Argument', u'n'], [1091, None, u'Identifier', u'src'], [1089, None, u'Identifier', u'dst'], [1087, None, u'Identifier', u'n'], [1083, u'True', u'ExpressionStatement', u'log64f ( src , dst , n )'], [1094, u'True', u'CFGEntryNode', u'ENTRY']]","[[1084, None, u'CallExpression', u'log64f ( src , dst , n )'], [1092, None, u'Callee', u'log64f'], [1085, None, u'ArgumentList', u'src'], [1093, None, u'Identifier', u'log64f'], [1090, None, u'Argument', u'src'], [1088, None, u'Argument', u'dst'], [1086, None, u'Argument', u'n'], [1091, None, u'Identifier', u'src'], [1089, None, u'Identifier', u'dst'], [1087, None, u'Identifier', u'n'], [1083, u'True', u'ExpressionStatement', u'log64f ( src , dst , n )'], [1080, None, u'ParameterType', u'const double *'], [1079, None, u'Identifier', u'src'], [1078, u'True', u'Parameter', u'const double * src'], [1077, None, u'ParameterType', u'double *'], [1076, None, u'Identifier', u'dst'], [1075, u'True', u'Parameter', u'double * dst'], [1074, None, u'ParameterType', u'int'], [1073, None, u'Identifier', u'n'], [1072, u'True', u'Parameter', u'int n']]"
core(mathfuncs_core): cpu optimization dispatched code,modules/core/src/mathfuncs_core.dispatch.cpp,+,"[[3641693, u'True', u'Parameter', u'const float * src'], [3641693, u'True', u'Parameter', u'const float * src'], [3641690, u'True', u'Parameter', u'float * dst'], [3641687, u'True', u'Parameter', u'int n']]","[[3641695, None, u'ParameterType', u'const float *'], [3641694, None, u'Identifier', u'src'], [3641693, u'True', u'Parameter', u'const float * src'], [3641751, u'True', u'CFGEntryNode', u'ENTRY'], [3641695, None, u'ParameterType', u'const float *'], [3641694, None, u'Identifier', u'src'], [3641693, u'True', u'Parameter', u'const float * src'], [3641751, u'True', u'CFGEntryNode', u'ENTRY'], [3641692, None, u'ParameterType', u'float *'], [3641691, None, u'Identifier', u'dst'], [3641690, u'True', u'Parameter', u'float * dst'], [3641751, u'True', u'CFGEntryNode', u'ENTRY'], [3641689, None, u'ParameterType', u'int'], [3641688, None, u'Identifier', u'n'], [3641687, u'True', u'Parameter', u'int n'], [3641751, u'True', u'CFGEntryNode', u'ENTRY']]","[[3641695, None, u'ParameterType', u'const float *'], [3641694, None, u'Identifier', u'src'], [3641693, u'True', u'Parameter', u'const float * src'], [3641695, None, u'ParameterType', u'const float *'], [3641694, None, u'Identifier', u'src'], [3641693, u'True', u'Parameter', u'const float * src'], [3641692, None, u'ParameterType', u'float *'], [3641691, None, u'Identifier', u'dst'], [3641690, u'True', u'Parameter', u'float * dst'], [3641689, None, u'ParameterType', u'int'], [3641688, None, u'Identifier', u'n'], [3641687, u'True', u'Parameter', u'int n']]"
core(mathfuncs_core): cpu optimization dispatched code,modules/core/src/mathfuncs_core.dispatch.cpp,+,"[[3641770, u'True', u'Parameter', u'const double * src'], [3641767, u'True', u'Parameter', u'double * dst'], [3641764, u'True', u'Parameter', u'int n'], [3641770, u'True', u'Parameter', u'const double * src']]","[[3641772, None, u'ParameterType', u'const double *'], [3641771, None, u'Identifier', u'src'], [3641770, u'True', u'Parameter', u'const double * src'], [3641828, u'True', u'CFGEntryNode', u'ENTRY'], [3641769, None, u'ParameterType', u'double *'], [3641768, None, u'Identifier', u'dst'], [3641767, u'True', u'Parameter', u'double * dst'], [3641828, u'True', u'CFGEntryNode', u'ENTRY'], [3641766, None, u'ParameterType', u'int'], [3641765, None, u'Identifier', u'n'], [3641764, u'True', u'Parameter', u'int n'], [3641828, u'True', u'CFGEntryNode', u'ENTRY'], [3641772, None, u'ParameterType', u'const double *'], [3641771, None, u'Identifier', u'src'], [3641770, u'True', u'Parameter', u'const double * src'], [3641828, u'True', u'CFGEntryNode', u'ENTRY']]","[[3641772, None, u'ParameterType', u'const double *'], [3641771, None, u'Identifier', u'src'], [3641770, u'True', u'Parameter', u'const double * src'], [3641769, None, u'ParameterType', u'double *'], [3641768, None, u'Identifier', u'dst'], [3641767, u'True', u'Parameter', u'double * dst'], [3641766, None, u'ParameterType', u'int'], [3641765, None, u'Identifier', u'n'], [3641764, u'True', u'Parameter', u'int n'], [3641772, None, u'ParameterType', u'const double *'], [3641771, None, u'Identifier', u'src'], [3641770, u'True', u'Parameter', u'const double * src']]"
core(mathfuncs_core): cpu optimization dispatched code,modules/core/src/mathfuncs_core.dispatch.cpp,+,"[[3641907, u'True', u'Parameter', u'const float * src'], [3641907, u'True', u'Parameter', u'const float * src'], [3641904, u'True', u'Parameter', u'float * dst'], [3641901, u'True', u'Parameter', u'int n']]","[[3641909, None, u'ParameterType', u'const float *'], [3641908, None, u'Identifier', u'src'], [3641907, u'True', u'Parameter', u'const float * src'], [3641923, u'True', u'CFGEntryNode', u'ENTRY'], [3641909, None, u'ParameterType', u'const float *'], [3641908, None, u'Identifier', u'src'], [3641907, u'True', u'Parameter', u'const float * src'], [3641923, u'True', u'CFGEntryNode', u'ENTRY'], [3641906, None, u'ParameterType', u'float *'], [3641905, None, u'Identifier', u'dst'], [3641904, u'True', u'Parameter', u'float * dst'], [3641923, u'True', u'CFGEntryNode', u'ENTRY'], [3641903, None, u'ParameterType', u'int'], [3641902, None, u'Identifier', u'n'], [3641901, u'True', u'Parameter', u'int n'], [3641923, u'True', u'CFGEntryNode', u'ENTRY']]","[[3641909, None, u'ParameterType', u'const float *'], [3641908, None, u'Identifier', u'src'], [3641907, u'True', u'Parameter', u'const float * src'], [3641909, None, u'ParameterType', u'const float *'], [3641908, None, u'Identifier', u'src'], [3641907, u'True', u'Parameter', u'const float * src'], [3641906, None, u'ParameterType', u'float *'], [3641905, None, u'Identifier', u'dst'], [3641904, u'True', u'Parameter', u'float * dst'], [3641903, None, u'ParameterType', u'int'], [3641902, None, u'Identifier', u'n'], [3641901, u'True', u'Parameter', u'int n']]"
core(mathfuncs_core): cpu optimization dispatched code,modules/core/src/mathfuncs_core.dispatch.cpp,+,"[[3641912, u'True', u'ExpressionStatement', u'log32f ( src , dst , n )']]","[[3641913, None, u'CallExpression', u'log32f ( src , dst , n )'], [3641921, None, u'Callee', u'log32f'], [3641914, None, u'ArgumentList', u'src'], [3641922, None, u'Identifier', u'log32f'], [3641919, None, u'Argument', u'src'], [3641917, None, u'Argument', u'dst'], [3641915, None, u'Argument', u'n'], [3641920, None, u'Identifier', u'src'], [3641918, None, u'Identifier', u'dst'], [3641916, None, u'Identifier', u'n'], [3641912, u'True', u'ExpressionStatement', u'log32f ( src , dst , n )'], [3641923, u'True', u'CFGEntryNode', u'ENTRY']]","[[3641913, None, u'CallExpression', u'log32f ( src , dst , n )'], [3641921, None, u'Callee', u'log32f'], [3641914, None, u'ArgumentList', u'src'], [3641922, None, u'Identifier', u'log32f'], [3641919, None, u'Argument', u'src'], [3641917, None, u'Argument', u'dst'], [3641915, None, u'Argument', u'n'], [3641920, None, u'Identifier', u'src'], [3641918, None, u'Identifier', u'dst'], [3641916, None, u'Identifier', u'n'], [3641912, u'True', u'ExpressionStatement', u'log32f ( src , dst , n )'], [3641906, None, u'ParameterType', u'float *'], [3641905, None, u'Identifier', u'dst'], [3641904, u'True', u'Parameter', u'float * dst'], [3641909, None, u'ParameterType', u'const float *'], [3641908, None, u'Identifier', u'src'], [3641907, u'True', u'Parameter', u'const float * src'], [3641903, None, u'ParameterType', u'int'], [3641902, None, u'Identifier', u'n'], [3641901, u'True', u'Parameter', u'int n']]"
core(mathfuncs_core): cpu optimization dispatched code,modules/core/src/mathfuncs_core.dispatch.cpp,+,"[[3641937, u'True', u'Parameter', u'const double * src'], [3641934, u'True', u'Parameter', u'double * dst'], [3641931, u'True', u'Parameter', u'int n'], [3641937, u'True', u'Parameter', u'const double * src']]","[[3641939, None, u'ParameterType', u'const double *'], [3641938, None, u'Identifier', u'src'], [3641937, u'True', u'Parameter', u'const double * src'], [3641953, u'True', u'CFGEntryNode', u'ENTRY'], [3641936, None, u'ParameterType', u'double *'], [3641935, None, u'Identifier', u'dst'], [3641934, u'True', u'Parameter', u'double * dst'], [3641953, u'True', u'CFGEntryNode', u'ENTRY'], [3641933, None, u'ParameterType', u'int'], [3641932, None, u'Identifier', u'n'], [3641931, u'True', u'Parameter', u'int n'], [3641953, u'True', u'CFGEntryNode', u'ENTRY'], [3641939, None, u'ParameterType', u'const double *'], [3641938, None, u'Identifier', u'src'], [3641937, u'True', u'Parameter', u'const double * src'], [3641953, u'True', u'CFGEntryNode', u'ENTRY']]","[[3641939, None, u'ParameterType', u'const double *'], [3641938, None, u'Identifier', u'src'], [3641937, u'True', u'Parameter', u'const double * src'], [3641936, None, u'ParameterType', u'double *'], [3641935, None, u'Identifier', u'dst'], [3641934, u'True', u'Parameter', u'double * dst'], [3641933, None, u'ParameterType', u'int'], [3641932, None, u'Identifier', u'n'], [3641931, u'True', u'Parameter', u'int n'], [3641939, None, u'ParameterType', u'const double *'], [3641938, None, u'Identifier', u'src'], [3641937, u'True', u'Parameter', u'const double * src']]"
core(mathfuncs_core): cpu optimization dispatched code,modules/core/src/mathfuncs_core.dispatch.cpp,+,"[[3641942, u'True', u'ExpressionStatement', u'log64f ( src , dst , n )']]","[[3641943, None, u'CallExpression', u'log64f ( src , dst , n )'], [3641951, None, u'Callee', u'log64f'], [3641944, None, u'ArgumentList', u'src'], [3641952, None, u'Identifier', u'log64f'], [3641949, None, u'Argument', u'src'], [3641947, None, u'Argument', u'dst'], [3641945, None, u'Argument', u'n'], [3641950, None, u'Identifier', u'src'], [3641948, None, u'Identifier', u'dst'], [3641946, None, u'Identifier', u'n'], [3641942, u'True', u'ExpressionStatement', u'log64f ( src , dst , n )'], [3641953, u'True', u'CFGEntryNode', u'ENTRY']]","[[3641943, None, u'CallExpression', u'log64f ( src , dst , n )'], [3641951, None, u'Callee', u'log64f'], [3641944, None, u'ArgumentList', u'src'], [3641952, None, u'Identifier', u'log64f'], [3641949, None, u'Argument', u'src'], [3641947, None, u'Argument', u'dst'], [3641945, None, u'Argument', u'n'], [3641950, None, u'Identifier', u'src'], [3641948, None, u'Identifier', u'dst'], [3641946, None, u'Identifier', u'n'], [3641942, u'True', u'ExpressionStatement', u'log64f ( src , dst , n )'], [3641939, None, u'ParameterType', u'const double *'], [3641938, None, u'Identifier', u'src'], [3641937, u'True', u'Parameter', u'const double * src'], [3641936, None, u'ParameterType', u'double *'], [3641935, None, u'Identifier', u'dst'], [3641934, u'True', u'Parameter', u'double * dst'], [3641933, None, u'ParameterType', u'int'], [3641932, None, u'Identifier', u'n'], [3641931, u'True', u'Parameter', u'int n']]"
Merge pull request #8406 from khnaba:dft-as-algorithm,modules/core/src/dxt.cpp,+,"[[4720962, u'True', u'ExpressionStatement', u'CV_Assert ( ! ( ( flags & DFT_COMPLEX_INPUT ) && src . channels ( ) != 2 ) )']]","[[4720963, None, u'CallExpression', u'CV_Assert ( ! ( ( flags & DFT_COMPLEX_INPUT ) && src . channels ( ) != 2 ) )'], [4720980, None, u'Callee', u'CV_Assert'], [4720964, None, u'ArgumentList', u'! ( ( flags & DFT_COMPLEX_INPUT ) && src . channels ( ) != 2 )'], [4720981, None, u'Identifier', u'CV_Assert'], [4720965, None, u'Argument', u'! ( ( flags & DFT_COMPLEX_INPUT ) && src . channels ( ) != 2 )'], [4720966, None, u'UnaryOp', u'! ( ( flags & DFT_COMPLEX_INPUT ) && src . channels ( ) != 2 )'], [4720979, None, u'UnaryOperator', u'!'], [4720967, None, u'AndExpression', u'( flags & DFT_COMPLEX_INPUT ) && src . channels ( ) != 2'], [4720976, None, u'BitAndExpression', u'flags & DFT_COMPLEX_INPUT'], [4720968, None, u'EqualityExpression', u'src . channels ( ) != 2'], [4720978, None, u'Identifier', u'flags'], [4720977, None, u'Identifier', u'DFT_COMPLEX_INPUT'], [4720970, None, u'CallExpression', u'src . channels ( )'], [4720969, None, u'PrimaryExpression', u'2'], [4720972, None, u'Callee', u'src . channels'], [4720971, None, u'ArgumentList', u''], [4720973, None, u'MemberAccess', u'src . channels'], [4720975, None, u'Identifier', u'src'], [4720974, None, u'Identifier', u'channels'], [4720962, u'True', u'ExpressionStatement', u'CV_Assert ( ! ( ( flags & DFT_COMPLEX_INPUT ) && src . channels ( ) != 2 ) )'], [4721139, u'True', u'CFGEntryNode', u'ENTRY']]","[[4720963, None, u'CallExpression', u'CV_Assert ( ! ( ( flags & DFT_COMPLEX_INPUT ) && src . channels ( ) != 2 ) )'], [4720980, None, u'Callee', u'CV_Assert'], [4720964, None, u'ArgumentList', u'! ( ( flags & DFT_COMPLEX_INPUT ) && src . channels ( ) != 2 )'], [4720981, None, u'Identifier', u'CV_Assert'], [4720965, None, u'Argument', u'! ( ( flags & DFT_COMPLEX_INPUT ) && src . channels ( ) != 2 )'], [4720966, None, u'UnaryOp', u'! ( ( flags & DFT_COMPLEX_INPUT ) && src . channels ( ) != 2 )'], [4720979, None, u'UnaryOperator', u'!'], [4720967, None, u'AndExpression', u'( flags & DFT_COMPLEX_INPUT ) && src . channels ( ) != 2'], [4720976, None, u'BitAndExpression', u'flags & DFT_COMPLEX_INPUT'], [4720968, None, u'EqualityExpression', u'src . channels ( ) != 2'], [4720978, None, u'Identifier', u'flags'], [4720977, None, u'Identifier', u'DFT_COMPLEX_INPUT'], [4720970, None, u'CallExpression', u'src . channels ( )'], [4720969, None, u'PrimaryExpression', u'2'], [4720972, None, u'Callee', u'src . channels'], [4720971, None, u'ArgumentList', u''], [4720973, None, u'MemberAccess', u'src . channels'], [4720975, None, u'Identifier', u'src'], [4720974, None, u'Identifier', u'channels'], [4720962, u'True', u'ExpressionStatement', u'CV_Assert ( ! ( ( flags & DFT_COMPLEX_INPUT ) && src . channels ( ) != 2 ) )'], [4720725, None, u'ParameterType', u'int'], [4720724, None, u'Identifier', u'flags'], [4720723, u'True', u'Parameter', u'int flags'], [4721045, None, u'IdentifierDecl', u'src0 = _src0 . getMat ( )'], [4721039, None, u'IdentifierDecl', u'src = src0'], [4721055, None, u'IdentifierDeclType', u'Mat'], [4721054, None, u'Identifier', u'src0'], [4721046, None, u'AssignmentExpr', u'src0 = _src0 . getMat ( )'], [4721044, None, u'IdentifierDeclType', u'Mat'], [4721043, None, u'Identifier', u'src'], [4721040, None, u'AssignmentExpr', u'src = src0'], [4721053, None, u'Identifier', u'src0'], [4721047, None, u'CallExpression', u'_src0 . getMat ( )'], [4721042, None, u'Identifier', u'src0'], [4721041, None, u'Identifier', u'src0'], [4721049, None, u'Callee', u'_src0 . getMat'], [4721048, None, u'ArgumentList', u''], [4721050, None, u'MemberAccess', u'_src0 . getMat'], [4721052, None, u'Identifier', u'_src0'], [4721051, None, u'Identifier', u'getMat'], [4721038, u'True', u'IdentifierDeclStatement', u'Mat src0 = _src0 . getMat ( ) , src = src0 ;'], [4720731, None, u'ParameterType', u'InputArray'], [4720730, None, u'Identifier', u'_src0'], [4720729, u'True', u'Parameter', u'InputArray _src0']]"
Merge pull request #8406 from khnaba:dft-as-algorithm,modules/cudaarithm/src/arithm.cpp,+,"[[454819, u'True', u'ExpressionStatement', u'height = std :: min ( height , result_size . height )']]","[[454820, None, u'AssignmentExpr', u'height = std :: min ( height , result_size . height )'], [454831, None, u'Identifier', u'height'], [454821, None, u'CallExpression', u'std :: min ( height , result_size . height )'], [454829, None, u'Callee', u'std :: min'], [454822, None, u'ArgumentList', u'height'], [454830, None, u'Identifier', u'std :: min'], [454827, None, u'Argument', u'height'], [454823, None, u'Argument', u'result_size . height'], [454828, None, u'Identifier', u'height'], [454824, None, u'MemberAccess', u'result_size . height'], [454826, None, u'Identifier', u'result_size'], [454825, None, u'Identifier', u'height'], [454819, u'True', u'ExpressionStatement', u'height = std :: min ( height , result_size . height )'], [454871, u'True', u'CFGEntryNode', u'ENTRY']]","[[454820, None, u'AssignmentExpr', u'height = std :: min ( height , result_size . height )'], [454831, None, u'Identifier', u'height'], [454821, None, u'CallExpression', u'std :: min ( height , result_size . height )'], [454829, None, u'Callee', u'std :: min'], [454822, None, u'ArgumentList', u'height'], [454830, None, u'Identifier', u'std :: min'], [454827, None, u'Argument', u'height'], [454823, None, u'Argument', u'result_size . height'], [454828, None, u'Identifier', u'height'], [454824, None, u'MemberAccess', u'result_size . height'], [454826, None, u'Identifier', u'result_size'], [454825, None, u'Identifier', u'height'], [454819, u'True', u'ExpressionStatement', u'height = std :: min ( height , result_size . height )'], [454807, None, u'ParameterType', u'Size'], [454806, None, u'Identifier', u'result_size'], [454805, u'True', u'Parameter', u'Size result_size'], [454846, None, u'IdentifierDecl', u'height = ( result_size . height + 2 ) / 3'], [454857, None, u'IdentifierDeclType', u'int'], [454856, None, u'Identifier', u'height'], [454847, None, u'AssignmentExpr', u'height = ( result_size . height + 2 ) / 3'], [454855, None, u'Identifier', u'height'], [454848, None, u'MultiplicativeExpression', u'( result_size . height + 2 ) / 3'], [454850, None, u'AdditiveExpression', u'result_size . height + 2'], [454849, None, u'PrimaryExpression', u'3'], [454852, None, u'MemberAccess', u'result_size . height'], [454851, None, u'PrimaryExpression', u'2'], [454854, None, u'Identifier', u'result_size'], [454853, None, u'Identifier', u'height'], [454845, u'True', u'IdentifierDeclStatement', u'int height = ( result_size . height + 2 ) / 3 ;']]"
Merge pull request #7462 from alalek:cpu_multi_target,modules/core/src/system.cpp,+,"[[867064, u'True', u'ExpressionStatement', u'initializeNames ( )']]","[[867065, None, u'CallExpression', u'initializeNames ( )'], [867067, None, u'Callee', u'initializeNames'], [867066, None, u'ArgumentList', u''], [867068, None, u'Identifier', u'initializeNames'], [867064, u'True', u'ExpressionStatement', u'initializeNames ( )'], [867097, u'True', u'CFGEntryNode', u'ENTRY']]","[[867065, None, u'CallExpression', u'initializeNames ( )'], [867067, None, u'Callee', u'initializeNames'], [867066, None, u'ArgumentList', u''], [867068, None, u'Identifier', u'initializeNames'], [867064, u'True', u'ExpressionStatement', u'initializeNames ( )']]"
Merge pull request #7462 from alalek:cpu_multi_target,modules/core/src/system.cpp,+,"[[866428, u'True', u'ExpressionStatement', u'readSettings ( baseline_features , sizeof ( baseline_features ) / sizeof ( baseline_features [ 0 ] ) )']]","[[866429, None, u'CallExpression', u'readSettings ( baseline_features , sizeof ( baseline_features ) / sizeof ( baseline_features [ 0 ] ) )'], [866443, None, u'Callee', u'readSettings'], [866430, None, u'ArgumentList', u'baseline_features'], [866444, None, u'Identifier', u'readSettings'], [866441, None, u'Argument', u'baseline_features'], [866431, None, u'Argument', u'sizeof ( baseline_features ) / sizeof ( baseline_features [ 0 ] )'], [866442, None, u'Identifier', u'baseline_features'], [866432, None, u'MultiplicativeExpression', u'sizeof ( baseline_features ) / sizeof ( baseline_features [ 0 ] )'], [866438, None, u'SizeofExpr', u'sizeof ( baseline_features )'], [866433, None, u'SizeofExpr', u'sizeof ( baseline_features [ 0 ] )'], [866440, None, u'Sizeof', u'sizeof'], [866439, None, u'SizeofOperand', u'baseline_features'], [866437, None, u'Sizeof', u'sizeof'], [866434, None, u'ArrayIndexing', u'baseline_features [ 0 ]'], [866436, None, u'Identifier', u'baseline_features'], [866435, None, u'PrimaryExpression', u'0'], [866428, u'True', u'ExpressionStatement', u'readSettings ( baseline_features , sizeof ( baseline_features ) / sizeof ( baseline_features [ 0 ] ) )'], [867097, u'True', u'CFGEntryNode', u'ENTRY']]","[[866429, None, u'CallExpression', u'readSettings ( baseline_features , sizeof ( baseline_features ) / sizeof ( baseline_features [ 0 ] ) )'], [866443, None, u'Callee', u'readSettings'], [866430, None, u'ArgumentList', u'baseline_features'], [866444, None, u'Identifier', u'readSettings'], [866441, None, u'Argument', u'baseline_features'], [866431, None, u'Argument', u'sizeof ( baseline_features ) / sizeof ( baseline_features [ 0 ] )'], [866442, None, u'Identifier', u'baseline_features'], [866432, None, u'MultiplicativeExpression', u'sizeof ( baseline_features ) / sizeof ( baseline_features [ 0 ] )'], [866438, None, u'SizeofExpr', u'sizeof ( baseline_features )'], [866433, None, u'SizeofExpr', u'sizeof ( baseline_features [ 0 ] )'], [866440, None, u'Sizeof', u'sizeof'], [866439, None, u'SizeofOperand', u'baseline_features'], [866437, None, u'Sizeof', u'sizeof'], [866434, None, u'ArrayIndexing', u'baseline_features [ 0 ]'], [866436, None, u'Identifier', u'baseline_features'], [866435, None, u'PrimaryExpression', u'0'], [866428, u'True', u'ExpressionStatement', u'readSettings ( baseline_features , sizeof ( baseline_features ) / sizeof ( baseline_features [ 0 ] ) )'], [866517, None, u'IdentifierDecl', u'baseline_features [ ] = { CV_CPU_BASELINE_FEATURES }'], [866523, None, u'IdentifierDeclType', u'int [ ]'], [866522, None, u'Identifier', u'baseline_features'], [866518, None, u'AssignmentExpr', u'baseline_features [ ] = { CV_CPU_BASELINE_FEATURES }'], [866521, None, u'Identifier', u'baseline_features'], [866519, None, u'InitializerList', u'CV_CPU_BASELINE_FEATURES'], [866520, None, u'Identifier', u'CV_CPU_BASELINE_FEATURES'], [866516, u'True', u'IdentifierDeclStatement', u'int baseline_features [ ] = { CV_CPU_BASELINE_FEATURES } ;']]"
Implement DFT as cv::Algorithm to support concurrent streams,modules/core/src/dxt.cpp,+,"[[1758064, u'True', u'ExpressionStatement', u'CV_Assert ( ! ( ( flags & DFT_COMPLEX_INPUT ) && src . channels ( ) != 2 ) )']]","[[1758065, None, u'CallExpression', u'CV_Assert ( ! ( ( flags & DFT_COMPLEX_INPUT ) && src . channels ( ) != 2 ) )'], [1758082, None, u'Callee', u'CV_Assert'], [1758066, None, u'ArgumentList', u'! ( ( flags & DFT_COMPLEX_INPUT ) && src . channels ( ) != 2 )'], [1758083, None, u'Identifier', u'CV_Assert'], [1758067, None, u'Argument', u'! ( ( flags & DFT_COMPLEX_INPUT ) && src . channels ( ) != 2 )'], [1758068, None, u'UnaryOp', u'! ( ( flags & DFT_COMPLEX_INPUT ) && src . channels ( ) != 2 )'], [1758081, None, u'UnaryOperator', u'!'], [1758069, None, u'AndExpression', u'( flags & DFT_COMPLEX_INPUT ) && src . channels ( ) != 2'], [1758078, None, u'BitAndExpression', u'flags & DFT_COMPLEX_INPUT'], [1758070, None, u'EqualityExpression', u'src . channels ( ) != 2'], [1758080, None, u'Identifier', u'flags'], [1758079, None, u'Identifier', u'DFT_COMPLEX_INPUT'], [1758072, None, u'CallExpression', u'src . channels ( )'], [1758071, None, u'PrimaryExpression', u'2'], [1758074, None, u'Callee', u'src . channels'], [1758073, None, u'ArgumentList', u''], [1758075, None, u'MemberAccess', u'src . channels'], [1758077, None, u'Identifier', u'src'], [1758076, None, u'Identifier', u'channels'], [1758064, u'True', u'ExpressionStatement', u'CV_Assert ( ! ( ( flags & DFT_COMPLEX_INPUT ) && src . channels ( ) != 2 ) )'], [1758241, u'True', u'CFGEntryNode', u'ENTRY']]","[[1758065, None, u'CallExpression', u'CV_Assert ( ! ( ( flags & DFT_COMPLEX_INPUT ) && src . channels ( ) != 2 ) )'], [1758082, None, u'Callee', u'CV_Assert'], [1758066, None, u'ArgumentList', u'! ( ( flags & DFT_COMPLEX_INPUT ) && src . channels ( ) != 2 )'], [1758083, None, u'Identifier', u'CV_Assert'], [1758067, None, u'Argument', u'! ( ( flags & DFT_COMPLEX_INPUT ) && src . channels ( ) != 2 )'], [1758068, None, u'UnaryOp', u'! ( ( flags & DFT_COMPLEX_INPUT ) && src . channels ( ) != 2 )'], [1758081, None, u'UnaryOperator', u'!'], [1758069, None, u'AndExpression', u'( flags & DFT_COMPLEX_INPUT ) && src . channels ( ) != 2'], [1758078, None, u'BitAndExpression', u'flags & DFT_COMPLEX_INPUT'], [1758070, None, u'EqualityExpression', u'src . channels ( ) != 2'], [1758080, None, u'Identifier', u'flags'], [1758079, None, u'Identifier', u'DFT_COMPLEX_INPUT'], [1758072, None, u'CallExpression', u'src . channels ( )'], [1758071, None, u'PrimaryExpression', u'2'], [1758074, None, u'Callee', u'src . channels'], [1758073, None, u'ArgumentList', u''], [1758075, None, u'MemberAccess', u'src . channels'], [1758077, None, u'Identifier', u'src'], [1758076, None, u'Identifier', u'channels'], [1758064, u'True', u'ExpressionStatement', u'CV_Assert ( ! ( ( flags & DFT_COMPLEX_INPUT ) && src . channels ( ) != 2 ) )'], [1757827, None, u'ParameterType', u'int'], [1757826, None, u'Identifier', u'flags'], [1757825, u'True', u'Parameter', u'int flags'], [1758147, None, u'IdentifierDecl', u'src0 = _src0 . getMat ( )'], [1758141, None, u'IdentifierDecl', u'src = src0'], [1758157, None, u'IdentifierDeclType', u'Mat'], [1758156, None, u'Identifier', u'src0'], [1758148, None, u'AssignmentExpr', u'src0 = _src0 . getMat ( )'], [1758146, None, u'IdentifierDeclType', u'Mat'], [1758145, None, u'Identifier', u'src'], [1758142, None, u'AssignmentExpr', u'src = src0'], [1758155, None, u'Identifier', u'src0'], [1758149, None, u'CallExpression', u'_src0 . getMat ( )'], [1758144, None, u'Identifier', u'src0'], [1758143, None, u'Identifier', u'src0'], [1758151, None, u'Callee', u'_src0 . getMat'], [1758150, None, u'ArgumentList', u''], [1758152, None, u'MemberAccess', u'_src0 . getMat'], [1758154, None, u'Identifier', u'_src0'], [1758153, None, u'Identifier', u'getMat'], [1758140, u'True', u'IdentifierDeclStatement', u'Mat src0 = _src0 . getMat ( ) , src = src0 ;'], [1757833, None, u'ParameterType', u'InputArray'], [1757832, None, u'Identifier', u'_src0'], [1757831, u'True', u'Parameter', u'InputArray _src0']]"
Implement DFT as cv::Algorithm to support concurrent streams,modules/cudaarithm/src/arithm.cpp,+,"[[2250905, u'True', u'ExpressionStatement', u'height = std :: min ( height , result_size . height )']]","[[2250906, None, u'AssignmentExpr', u'height = std :: min ( height , result_size . height )'], [2250917, None, u'Identifier', u'height'], [2250907, None, u'CallExpression', u'std :: min ( height , result_size . height )'], [2250915, None, u'Callee', u'std :: min'], [2250908, None, u'ArgumentList', u'height'], [2250916, None, u'Identifier', u'std :: min'], [2250913, None, u'Argument', u'height'], [2250909, None, u'Argument', u'result_size . height'], [2250914, None, u'Identifier', u'height'], [2250910, None, u'MemberAccess', u'result_size . height'], [2250912, None, u'Identifier', u'result_size'], [2250911, None, u'Identifier', u'height'], [2250905, u'True', u'ExpressionStatement', u'height = std :: min ( height , result_size . height )'], [2250957, u'True', u'CFGEntryNode', u'ENTRY']]","[[2250906, None, u'AssignmentExpr', u'height = std :: min ( height , result_size . height )'], [2250917, None, u'Identifier', u'height'], [2250907, None, u'CallExpression', u'std :: min ( height , result_size . height )'], [2250915, None, u'Callee', u'std :: min'], [2250908, None, u'ArgumentList', u'height'], [2250916, None, u'Identifier', u'std :: min'], [2250913, None, u'Argument', u'height'], [2250909, None, u'Argument', u'result_size . height'], [2250914, None, u'Identifier', u'height'], [2250910, None, u'MemberAccess', u'result_size . height'], [2250912, None, u'Identifier', u'result_size'], [2250911, None, u'Identifier', u'height'], [2250905, u'True', u'ExpressionStatement', u'height = std :: min ( height , result_size . height )'], [2250893, None, u'ParameterType', u'Size'], [2250892, None, u'Identifier', u'result_size'], [2250891, u'True', u'Parameter', u'Size result_size'], [2250932, None, u'IdentifierDecl', u'height = ( result_size . height + 2 ) / 3'], [2250943, None, u'IdentifierDeclType', u'int'], [2250942, None, u'Identifier', u'height'], [2250933, None, u'AssignmentExpr', u'height = ( result_size . height + 2 ) / 3'], [2250941, None, u'Identifier', u'height'], [2250934, None, u'MultiplicativeExpression', u'( result_size . height + 2 ) / 3'], [2250936, None, u'AdditiveExpression', u'result_size . height + 2'], [2250935, None, u'PrimaryExpression', u'3'], [2250938, None, u'MemberAccess', u'result_size . height'], [2250937, None, u'PrimaryExpression', u'2'], [2250940, None, u'Identifier', u'result_size'], [2250939, None, u'Identifier', u'height'], [2250931, u'True', u'IdentifierDeclStatement', u'int height = ( result_size . height + 2 ) / 3 ;']]"
"Merge pull request #8367 from khnaba:cuda-calchist-with-mask

Implement cv::cuda::calcHist with mask support (#8367)

* Implement cuda::calcHist with mask

* Fix documentation build warning

* Have their own step sizes for src and mask. Fix review comment.",modules/cudaimgproc/src/histogram.cpp,+,"[[2633859, u'True', u'ExpressionStatement', u'CV_Assert ( mask . empty ( ) || mask . type ( ) == CV_8UC1 )']]","[[2633860, None, u'CallExpression', u'CV_Assert ( mask . empty ( ) || mask . type ( ) == CV_8UC1 )'], [2633878, None, u'Callee', u'CV_Assert'], [2633861, None, u'ArgumentList', u'mask . empty ( ) || mask . type ( ) == CV_8UC1'], [2633879, None, u'Identifier', u'CV_Assert'], [2633862, None, u'Argument', u'mask . empty ( ) || mask . type ( ) == CV_8UC1'], [2633863, None, u'OrExpression', u'mask . empty ( ) || mask . type ( ) == CV_8UC1'], [2633872, None, u'CallExpression', u'mask . empty ( )'], [2633864, None, u'EqualityExpression', u'mask . type ( ) == CV_8UC1'], [2633874, None, u'Callee', u'mask . empty'], [2633873, None, u'ArgumentList', u''], [2633866, None, u'CallExpression', u'mask . type ( )'], [2633865, None, u'Identifier', u'CV_8UC1'], [2633875, None, u'MemberAccess', u'mask . empty'], [2633868, None, u'Callee', u'mask . type'], [2633867, None, u'ArgumentList', u''], [2633877, None, u'Identifier', u'mask'], [2633876, None, u'Identifier', u'empty'], [2633869, None, u'MemberAccess', u'mask . type'], [2633871, None, u'Identifier', u'mask'], [2633870, None, u'Identifier', u'type'], [2633859, u'True', u'ExpressionStatement', u'CV_Assert ( mask . empty ( ) || mask . type ( ) == CV_8UC1 )'], [2633918, u'True', u'CFGEntryNode', u'ENTRY']]","[[2633860, None, u'CallExpression', u'CV_Assert ( mask . empty ( ) || mask . type ( ) == CV_8UC1 )'], [2633878, None, u'Callee', u'CV_Assert'], [2633861, None, u'ArgumentList', u'mask . empty ( ) || mask . type ( ) == CV_8UC1'], [2633879, None, u'Identifier', u'CV_Assert'], [2633862, None, u'Argument', u'mask . empty ( ) || mask . type ( ) == CV_8UC1'], [2633863, None, u'OrExpression', u'mask . empty ( ) || mask . type ( ) == CV_8UC1'], [2633872, None, u'CallExpression', u'mask . empty ( )'], [2633864, None, u'EqualityExpression', u'mask . type ( ) == CV_8UC1'], [2633874, None, u'Callee', u'mask . empty'], [2633873, None, u'ArgumentList', u''], [2633866, None, u'CallExpression', u'mask . type ( )'], [2633865, None, u'Identifier', u'CV_8UC1'], [2633875, None, u'MemberAccess', u'mask . empty'], [2633868, None, u'Callee', u'mask . type'], [2633867, None, u'ArgumentList', u''], [2633877, None, u'Identifier', u'mask'], [2633876, None, u'Identifier', u'empty'], [2633869, None, u'MemberAccess', u'mask . type'], [2633871, None, u'Identifier', u'mask'], [2633870, None, u'Identifier', u'type'], [2633859, u'True', u'ExpressionStatement', u'CV_Assert ( mask . empty ( ) || mask . type ( ) == CV_8UC1 )'], [2633895, None, u'IdentifierDecl', u'mask = _mask . getGpuMat ( )'], [2633905, None, u'IdentifierDeclType', u'GpuMat'], [2633904, None, u'Identifier', u'mask'], [2633896, None, u'AssignmentExpr', u'mask = _mask . getGpuMat ( )'], [2633903, None, u'Identifier', u'mask'], [2633897, None, u'CallExpression', u'_mask . getGpuMat ( )'], [2633899, None, u'Callee', u'_mask . getGpuMat'], [2633898, None, u'ArgumentList', u''], [2633900, None, u'MemberAccess', u'_mask . getGpuMat'], [2633902, None, u'Identifier', u'_mask'], [2633901, None, u'Identifier', u'getGpuMat'], [2633894, u'True', u'IdentifierDeclStatement', u'GpuMat mask = _mask . getGpuMat ( ) ;'], [2633729, None, u'ParameterType', u'InputArray'], [2633728, None, u'Identifier', u'_mask'], [2633727, u'True', u'Parameter', u'InputArray _mask']]"
"Merge pull request #8367 from khnaba:cuda-calchist-with-mask

Implement cv::cuda::calcHist with mask support (#8367)

* Implement cuda::calcHist with mask

* Fix documentation build warning

* Have their own step sizes for src and mask. Fix review comment.",modules/cudaimgproc/src/histogram.cpp,+,"[[2633833, u'True', u'ExpressionStatement', u'CV_Assert ( mask . empty ( ) || mask . size ( ) == src . size ( ) )']]","[[2633834, None, u'CallExpression', u'CV_Assert ( mask . empty ( ) || mask . size ( ) == src . size ( ) )'], [2633857, None, u'Callee', u'CV_Assert'], [2633835, None, u'ArgumentList', u'mask . empty ( ) || mask . size ( ) == src . size ( )'], [2633858, None, u'Identifier', u'CV_Assert'], [2633836, None, u'Argument', u'mask . empty ( ) || mask . size ( ) == src . size ( )'], [2633837, None, u'OrExpression', u'mask . empty ( ) || mask . size ( ) == src . size ( )'], [2633851, None, u'CallExpression', u'mask . empty ( )'], [2633838, None, u'EqualityExpression', u'mask . size ( ) == src . size ( )'], [2633853, None, u'Callee', u'mask . empty'], [2633852, None, u'ArgumentList', u''], [2633845, None, u'CallExpression', u'mask . size ( )'], [2633839, None, u'CallExpression', u'src . size ( )'], [2633854, None, u'MemberAccess', u'mask . empty'], [2633847, None, u'Callee', u'mask . size'], [2633846, None, u'ArgumentList', u''], [2633841, None, u'Callee', u'src . size'], [2633840, None, u'ArgumentList', u''], [2633856, None, u'Identifier', u'mask'], [2633855, None, u'Identifier', u'empty'], [2633848, None, u'MemberAccess', u'mask . size'], [2633842, None, u'MemberAccess', u'src . size'], [2633850, None, u'Identifier', u'mask'], [2633849, None, u'Identifier', u'size'], [2633844, None, u'Identifier', u'src'], [2633843, None, u'Identifier', u'size'], [2633833, u'True', u'ExpressionStatement', u'CV_Assert ( mask . empty ( ) || mask . size ( ) == src . size ( ) )'], [2633918, u'True', u'CFGEntryNode', u'ENTRY']]","[[2633834, None, u'CallExpression', u'CV_Assert ( mask . empty ( ) || mask . size ( ) == src . size ( ) )'], [2633857, None, u'Callee', u'CV_Assert'], [2633835, None, u'ArgumentList', u'mask . empty ( ) || mask . size ( ) == src . size ( )'], [2633858, None, u'Identifier', u'CV_Assert'], [2633836, None, u'Argument', u'mask . empty ( ) || mask . size ( ) == src . size ( )'], [2633837, None, u'OrExpression', u'mask . empty ( ) || mask . size ( ) == src . size ( )'], [2633851, None, u'CallExpression', u'mask . empty ( )'], [2633838, None, u'EqualityExpression', u'mask . size ( ) == src . size ( )'], [2633853, None, u'Callee', u'mask . empty'], [2633852, None, u'ArgumentList', u''], [2633845, None, u'CallExpression', u'mask . size ( )'], [2633839, None, u'CallExpression', u'src . size ( )'], [2633854, None, u'MemberAccess', u'mask . empty'], [2633847, None, u'Callee', u'mask . size'], [2633846, None, u'ArgumentList', u''], [2633841, None, u'Callee', u'src . size'], [2633840, None, u'ArgumentList', u''], [2633856, None, u'Identifier', u'mask'], [2633855, None, u'Identifier', u'empty'], [2633848, None, u'MemberAccess', u'mask . size'], [2633842, None, u'MemberAccess', u'src . size'], [2633850, None, u'Identifier', u'mask'], [2633849, None, u'Identifier', u'size'], [2633844, None, u'Identifier', u'src'], [2633843, None, u'Identifier', u'size'], [2633833, u'True', u'ExpressionStatement', u'CV_Assert ( mask . empty ( ) || mask . size ( ) == src . size ( ) )'], [2633907, None, u'IdentifierDecl', u'src = _src . getGpuMat ( )'], [2633917, None, u'IdentifierDeclType', u'GpuMat'], [2633916, None, u'Identifier', u'src'], [2633908, None, u'AssignmentExpr', u'src = _src . getGpuMat ( )'], [2633915, None, u'Identifier', u'src'], [2633909, None, u'CallExpression', u'_src . getGpuMat ( )'], [2633911, None, u'Callee', u'_src . getGpuMat'], [2633910, None, u'ArgumentList', u''], [2633912, None, u'MemberAccess', u'_src . getGpuMat'], [2633914, None, u'Identifier', u'_src'], [2633913, None, u'Identifier', u'getGpuMat'], [2633906, u'True', u'IdentifierDeclStatement', u'GpuMat src = _src . getGpuMat ( ) ;'], [2633895, None, u'IdentifierDecl', u'mask = _mask . getGpuMat ( )'], [2633905, None, u'IdentifierDeclType', u'GpuMat'], [2633904, None, u'Identifier', u'mask'], [2633896, None, u'AssignmentExpr', u'mask = _mask . getGpuMat ( )'], [2633903, None, u'Identifier', u'mask'], [2633897, None, u'CallExpression', u'_mask . getGpuMat ( )'], [2633899, None, u'Callee', u'_mask . getGpuMat'], [2633898, None, u'ArgumentList', u''], [2633900, None, u'MemberAccess', u'_mask . getGpuMat'], [2633902, None, u'Identifier', u'_mask'], [2633901, None, u'Identifier', u'getGpuMat'], [2633894, u'True', u'IdentifierDeclStatement', u'GpuMat mask = _mask . getGpuMat ( ) ;'], [2633732, None, u'ParameterType', u'InputArray'], [2633731, None, u'Identifier', u'_src'], [2633730, u'True', u'Parameter', u'InputArray _src'], [2633729, None, u'ParameterType', u'InputArray'], [2633728, None, u'Identifier', u'_mask'], [2633727, u'True', u'Parameter', u'InputArray _mask']]"
Merge pull request #8324 from sturkmen72:update_objectDetection_cpp,samples/cpp/tutorial_code/objectDetection/objectDetection.cpp,+,"[[2784733, u'True', u'ExpressionStatement', u'eyes_cascade_name = parser . get < string > ( ""eyes_cascade"" )']]","[[2784734, None, u'AssignmentExpr', u'eyes_cascade_name = parser . get < string > ( ""eyes_cascade"" )'], [2784742, None, u'Identifier', u'eyes_cascade_name'], [2784735, None, u'RelationalExpression', u'parser . get < string > ( ""eyes_cascade"" )'], [2784739, None, u'MemberAccess', u'parser . get'], [2784736, None, u'RelationalExpression', u'string > ( ""eyes_cascade"" )'], [2784741, None, u'Identifier', u'parser'], [2784740, None, u'Identifier', u'get'], [2784738, None, u'Identifier', u'string'], [2784737, None, u'PrimaryExpression', u'""eyes_cascade""'], [2784733, u'True', u'ExpressionStatement', u'eyes_cascade_name = parser . get < string > ( ""eyes_cascade"" )'], [2784777, u'True', u'CFGEntryNode', u'ENTRY']]","[[2784734, None, u'AssignmentExpr', u'eyes_cascade_name = parser . get < string > ( ""eyes_cascade"" )'], [2784742, None, u'Identifier', u'eyes_cascade_name'], [2784735, None, u'RelationalExpression', u'parser . get < string > ( ""eyes_cascade"" )'], [2784739, None, u'MemberAccess', u'parser . get'], [2784736, None, u'RelationalExpression', u'string > ( ""eyes_cascade"" )'], [2784741, None, u'Identifier', u'parser'], [2784740, None, u'Identifier', u'get'], [2784738, None, u'Identifier', u'string'], [2784737, None, u'PrimaryExpression', u'""eyes_cascade""'], [2784733, u'True', u'ExpressionStatement', u'eyes_cascade_name = parser . get < string > ( ""eyes_cascade"" )']]"
Update objectDetection.cpp,samples/cpp/tutorial_code/objectDetection/objectDetection.cpp,+,"[[2786457, u'True', u'ExpressionStatement', u'eyes_cascade_name = parser . get < string > ( ""eyes_cascade"" )']]","[[2786458, None, u'AssignmentExpr', u'eyes_cascade_name = parser . get < string > ( ""eyes_cascade"" )'], [2786466, None, u'Identifier', u'eyes_cascade_name'], [2786459, None, u'RelationalExpression', u'parser . get < string > ( ""eyes_cascade"" )'], [2786463, None, u'MemberAccess', u'parser . get'], [2786460, None, u'RelationalExpression', u'string > ( ""eyes_cascade"" )'], [2786465, None, u'Identifier', u'parser'], [2786464, None, u'Identifier', u'get'], [2786462, None, u'Identifier', u'string'], [2786461, None, u'PrimaryExpression', u'""eyes_cascade""'], [2786457, u'True', u'ExpressionStatement', u'eyes_cascade_name = parser . get < string > ( ""eyes_cascade"" )'], [2786501, u'True', u'CFGEntryNode', u'ENTRY']]","[[2786458, None, u'AssignmentExpr', u'eyes_cascade_name = parser . get < string > ( ""eyes_cascade"" )'], [2786466, None, u'Identifier', u'eyes_cascade_name'], [2786459, None, u'RelationalExpression', u'parser . get < string > ( ""eyes_cascade"" )'], [2786463, None, u'MemberAccess', u'parser . get'], [2786460, None, u'RelationalExpression', u'string > ( ""eyes_cascade"" )'], [2786465, None, u'Identifier', u'parser'], [2786464, None, u'Identifier', u'get'], [2786462, None, u'Identifier', u'string'], [2786461, None, u'PrimaryExpression', u'""eyes_cascade""'], [2786457, u'True', u'ExpressionStatement', u'eyes_cascade_name = parser . get < string > ( ""eyes_cascade"" )']]"
Merge pull request #8116 from mrquorr:master,modules/ml/src/rtrees.cpp,+,"[[2928359, u'True', u'ExpressionStatement', u'CV_Assert ( ! roots . empty ( ) )']]","[[2928360, None, u'CallExpression', u'CV_Assert ( ! roots . empty ( ) )'], [2928371, None, u'Callee', u'CV_Assert'], [2928361, None, u'ArgumentList', u'! roots . empty ( )'], [2928372, None, u'Identifier', u'CV_Assert'], [2928362, None, u'Argument', u'! roots . empty ( )'], [2928363, None, u'UnaryOp', u'! roots . empty ( )'], [2928370, None, u'UnaryOperator', u'!'], [2928364, None, u'CallExpression', u'roots . empty ( )'], [2928366, None, u'Callee', u'roots . empty'], [2928365, None, u'ArgumentList', u''], [2928367, None, u'MemberAccess', u'roots . empty'], [2928369, None, u'Identifier', u'roots'], [2928368, None, u'Identifier', u'empty'], [2928359, u'True', u'ExpressionStatement', u'CV_Assert ( ! roots . empty ( ) )'], [2928373, u'True', u'CFGEntryNode', u'ENTRY']]","[[2928360, None, u'CallExpression', u'CV_Assert ( ! roots . empty ( ) )'], [2928371, None, u'Callee', u'CV_Assert'], [2928361, None, u'ArgumentList', u'! roots . empty ( )'], [2928372, None, u'Identifier', u'CV_Assert'], [2928362, None, u'Argument', u'! roots . empty ( )'], [2928363, None, u'UnaryOp', u'! roots . empty ( )'], [2928370, None, u'UnaryOperator', u'!'], [2928364, None, u'CallExpression', u'roots . empty ( )'], [2928366, None, u'Callee', u'roots . empty'], [2928365, None, u'ArgumentList', u''], [2928367, None, u'MemberAccess', u'roots . empty'], [2928369, None, u'Identifier', u'roots'], [2928368, None, u'Identifier', u'empty'], [2928359, u'True', u'ExpressionStatement', u'CV_Assert ( ! roots . empty ( ) )']]"
Merge pull request #8299 from sovrasov:fs_fix_kpts_dmatch_output,modules/core/src/persistence.cpp,-,"[[3011092, u'True', u'IdentifierDeclStatement', u'int i , npoints = ( int ) keypoints . size ( ) ;']]","[[3011106, None, u'IdentifierDecl', u'i'], [3011093, None, u'IdentifierDecl', u'npoints = ( int ) keypoints . size ( )'], [3011108, None, u'IdentifierDeclType', u'int'], [3011107, None, u'Identifier', u'i'], [3011105, None, u'IdentifierDeclType', u'int'], [3011104, None, u'Identifier', u'npoints'], [3011094, None, u'AssignmentExpr', u'npoints = ( int ) keypoints . size ( )'], [3011103, None, u'Identifier', u'npoints'], [3011095, None, u'CastExpression', u'( int ) keypoints . size ( )'], [3011102, None, u'CastTarget', u'int'], [3011096, None, u'CallExpression', u'keypoints . size ( )'], [3011098, None, u'Callee', u'keypoints . size'], [3011097, None, u'ArgumentList', u''], [3011099, None, u'MemberAccess', u'keypoints . size'], [3011101, None, u'Identifier', u'keypoints'], [3011100, None, u'Identifier', u'size'], [3011092, u'True', u'IdentifierDeclStatement', u'int i , npoints = ( int ) keypoints . size ( ) ;'], [3011120, u'True', u'CFGEntryNode', u'ENTRY']]","[[3011106, None, u'IdentifierDecl', u'i'], [3011093, None, u'IdentifierDecl', u'npoints = ( int ) keypoints . size ( )'], [3011108, None, u'IdentifierDeclType', u'int'], [3011107, None, u'Identifier', u'i'], [3011105, None, u'IdentifierDeclType', u'int'], [3011104, None, u'Identifier', u'npoints'], [3011094, None, u'AssignmentExpr', u'npoints = ( int ) keypoints . size ( )'], [3011103, None, u'Identifier', u'npoints'], [3011095, None, u'CastExpression', u'( int ) keypoints . size ( )'], [3011102, None, u'CastTarget', u'int'], [3011096, None, u'CallExpression', u'keypoints . size ( )'], [3011098, None, u'Callee', u'keypoints . size'], [3011097, None, u'ArgumentList', u''], [3011099, None, u'MemberAccess', u'keypoints . size'], [3011101, None, u'Identifier', u'keypoints'], [3011100, None, u'Identifier', u'size'], [3011092, u'True', u'IdentifierDeclStatement', u'int i , npoints = ( int ) keypoints . size ( ) ;'], [3010980, None, u'ParameterType', u'const std :: vector < KeyPoint > &'], [3010979, None, u'Identifier', u'keypoints'], [3010978, u'True', u'Parameter', u'const std :: vector < KeyPoint > & keypoints']]"
Merge pull request #8299 from sovrasov:fs_fix_kpts_dmatch_output,modules/core/src/persistence.cpp,-,"[[3011088, u'True', u'ForInit', u'i = 0 ;'], [3011084, u'True', u'Condition', u'i < npoints']]","[[3011089, None, u'AssignmentExpr', u'i = 0'], [3011091, None, u'Identifier', u'i'], [3011090, None, u'PrimaryExpression', u'0'], [3011088, u'True', u'ForInit', u'i = 0 ;'], [3011120, u'True', u'CFGEntryNode', u'ENTRY'], [3011085, None, u'RelationalExpression', u'i < npoints'], [3011087, None, u'Identifier', u'i'], [3011086, None, u'Identifier', u'npoints'], [3011084, u'True', u'Condition', u'i < npoints'], [3011120, u'True', u'CFGEntryNode', u'ENTRY']]","[[3011089, None, u'AssignmentExpr', u'i = 0'], [3011091, None, u'Identifier', u'i'], [3011090, None, u'PrimaryExpression', u'0'], [3011088, u'True', u'ForInit', u'i = 0 ;'], [3011085, None, u'RelationalExpression', u'i < npoints'], [3011087, None, u'Identifier', u'i'], [3011086, None, u'Identifier', u'npoints'], [3011084, u'True', u'Condition', u'i < npoints'], [3011089, None, u'AssignmentExpr', u'i = 0'], [3011091, None, u'Identifier', u'i'], [3011090, None, u'PrimaryExpression', u'0'], [3011088, u'True', u'ForInit', u'i = 0 ;'], [3011083, None, u'Identifier', u'i'], [3011082, None, u'IncDec', u'++'], [3011081, u'True', u'IncDecOp', u'i ++'], [3011106, None, u'IdentifierDecl', u'i'], [3011093, None, u'IdentifierDecl', u'npoints = ( int ) keypoints . size ( )'], [3011108, None, u'IdentifierDeclType', u'int'], [3011107, None, u'Identifier', u'i'], [3011105, None, u'IdentifierDeclType', u'int'], [3011104, None, u'Identifier', u'npoints'], [3011094, None, u'AssignmentExpr', u'npoints = ( int ) keypoints . size ( )'], [3011103, None, u'Identifier', u'npoints'], [3011095, None, u'CastExpression', u'( int ) keypoints . size ( )'], [3011102, None, u'CastTarget', u'int'], [3011096, None, u'CallExpression', u'keypoints . size ( )'], [3011098, None, u'Callee', u'keypoints . size'], [3011097, None, u'ArgumentList', u''], [3011099, None, u'MemberAccess', u'keypoints . size'], [3011101, None, u'Identifier', u'keypoints'], [3011100, None, u'Identifier', u'size'], [3011092, u'True', u'IdentifierDeclStatement', u'int i , npoints = ( int ) keypoints . size ( ) ;'], [3010980, None, u'ParameterType', u'const std :: vector < KeyPoint > &'], [3010979, None, u'Identifier', u'keypoints'], [3010978, u'True', u'Parameter', u'const std :: vector < KeyPoint > & keypoints']]"
Merge pull request #8299 from sovrasov:fs_fix_kpts_dmatch_output,modules/core/src/persistence.cpp,-,"[[3011326, u'True', u'IdentifierDeclStatement', u'int i , n = ( int ) matches . size ( ) ;']]","[[3011340, None, u'IdentifierDecl', u'i'], [3011327, None, u'IdentifierDecl', u'n = ( int ) matches . size ( )'], [3011342, None, u'IdentifierDeclType', u'int'], [3011341, None, u'Identifier', u'i'], [3011339, None, u'IdentifierDeclType', u'int'], [3011338, None, u'Identifier', u'n'], [3011328, None, u'AssignmentExpr', u'n = ( int ) matches . size ( )'], [3011337, None, u'Identifier', u'n'], [3011329, None, u'CastExpression', u'( int ) matches . size ( )'], [3011336, None, u'CastTarget', u'int'], [3011330, None, u'CallExpression', u'matches . size ( )'], [3011332, None, u'Callee', u'matches . size'], [3011331, None, u'ArgumentList', u''], [3011333, None, u'MemberAccess', u'matches . size'], [3011335, None, u'Identifier', u'matches'], [3011334, None, u'Identifier', u'size'], [3011326, u'True', u'IdentifierDeclStatement', u'int i , n = ( int ) matches . size ( ) ;'], [3011354, u'True', u'CFGEntryNode', u'ENTRY']]","[[3011340, None, u'IdentifierDecl', u'i'], [3011327, None, u'IdentifierDecl', u'n = ( int ) matches . size ( )'], [3011342, None, u'IdentifierDeclType', u'int'], [3011341, None, u'Identifier', u'i'], [3011339, None, u'IdentifierDeclType', u'int'], [3011338, None, u'Identifier', u'n'], [3011328, None, u'AssignmentExpr', u'n = ( int ) matches . size ( )'], [3011337, None, u'Identifier', u'n'], [3011329, None, u'CastExpression', u'( int ) matches . size ( )'], [3011336, None, u'CastTarget', u'int'], [3011330, None, u'CallExpression', u'matches . size ( )'], [3011332, None, u'Callee', u'matches . size'], [3011331, None, u'ArgumentList', u''], [3011333, None, u'MemberAccess', u'matches . size'], [3011335, None, u'Identifier', u'matches'], [3011334, None, u'Identifier', u'size'], [3011326, u'True', u'IdentifierDeclStatement', u'int i , n = ( int ) matches . size ( ) ;'], [3011251, None, u'ParameterType', u'const std :: vector < DMatch > &'], [3011250, None, u'Identifier', u'matches'], [3011249, u'True', u'Parameter', u'const std :: vector < DMatch > & matches']]"
Merge pull request #8299 from sovrasov:fs_fix_kpts_dmatch_output,modules/core/src/persistence.cpp,-,"[[3011318, u'True', u'Condition', u'i < n'], [3011322, u'True', u'ForInit', u'i = 0 ;']]","[[3011319, None, u'RelationalExpression', u'i < n'], [3011321, None, u'Identifier', u'i'], [3011320, None, u'Identifier', u'n'], [3011318, u'True', u'Condition', u'i < n'], [3011354, u'True', u'CFGEntryNode', u'ENTRY'], [3011323, None, u'AssignmentExpr', u'i = 0'], [3011325, None, u'Identifier', u'i'], [3011324, None, u'PrimaryExpression', u'0'], [3011322, u'True', u'ForInit', u'i = 0 ;'], [3011354, u'True', u'CFGEntryNode', u'ENTRY']]","[[3011319, None, u'RelationalExpression', u'i < n'], [3011321, None, u'Identifier', u'i'], [3011320, None, u'Identifier', u'n'], [3011318, u'True', u'Condition', u'i < n'], [3011317, None, u'Identifier', u'i'], [3011316, None, u'IncDec', u'++'], [3011315, u'True', u'IncDecOp', u'i ++'], [3011323, None, u'AssignmentExpr', u'i = 0'], [3011325, None, u'Identifier', u'i'], [3011324, None, u'PrimaryExpression', u'0'], [3011322, u'True', u'ForInit', u'i = 0 ;'], [3011340, None, u'IdentifierDecl', u'i'], [3011327, None, u'IdentifierDecl', u'n = ( int ) matches . size ( )'], [3011342, None, u'IdentifierDeclType', u'int'], [3011341, None, u'Identifier', u'i'], [3011339, None, u'IdentifierDeclType', u'int'], [3011338, None, u'Identifier', u'n'], [3011328, None, u'AssignmentExpr', u'n = ( int ) matches . size ( )'], [3011337, None, u'Identifier', u'n'], [3011329, None, u'CastExpression', u'( int ) matches . size ( )'], [3011336, None, u'CastTarget', u'int'], [3011330, None, u'CallExpression', u'matches . size ( )'], [3011332, None, u'Callee', u'matches . size'], [3011331, None, u'ArgumentList', u''], [3011333, None, u'MemberAccess', u'matches . size'], [3011335, None, u'Identifier', u'matches'], [3011334, None, u'Identifier', u'size'], [3011326, u'True', u'IdentifierDeclStatement', u'int i , n = ( int ) matches . size ( ) ;'], [3011251, None, u'ParameterType', u'const std :: vector < DMatch > &'], [3011250, None, u'Identifier', u'matches'], [3011249, u'True', u'Parameter', u'const std :: vector < DMatch > & matches'], [3011323, None, u'AssignmentExpr', u'i = 0'], [3011325, None, u'Identifier', u'i'], [3011324, None, u'PrimaryExpression', u'0'], [3011322, u'True', u'ForInit', u'i = 0 ;']]"
Fix DMatch and Keypoint I/O in FileStorage,modules/core/src/persistence.cpp,-,"[[3095928, u'True', u'IdentifierDeclStatement', u'int i , npoints = ( int ) keypoints . size ( ) ;']]","[[3095942, None, u'IdentifierDecl', u'i'], [3095929, None, u'IdentifierDecl', u'npoints = ( int ) keypoints . size ( )'], [3095944, None, u'IdentifierDeclType', u'int'], [3095943, None, u'Identifier', u'i'], [3095941, None, u'IdentifierDeclType', u'int'], [3095940, None, u'Identifier', u'npoints'], [3095930, None, u'AssignmentExpr', u'npoints = ( int ) keypoints . size ( )'], [3095939, None, u'Identifier', u'npoints'], [3095931, None, u'CastExpression', u'( int ) keypoints . size ( )'], [3095938, None, u'CastTarget', u'int'], [3095932, None, u'CallExpression', u'keypoints . size ( )'], [3095934, None, u'Callee', u'keypoints . size'], [3095933, None, u'ArgumentList', u''], [3095935, None, u'MemberAccess', u'keypoints . size'], [3095937, None, u'Identifier', u'keypoints'], [3095936, None, u'Identifier', u'size'], [3095928, u'True', u'IdentifierDeclStatement', u'int i , npoints = ( int ) keypoints . size ( ) ;'], [3095956, u'True', u'CFGEntryNode', u'ENTRY']]","[[3095942, None, u'IdentifierDecl', u'i'], [3095929, None, u'IdentifierDecl', u'npoints = ( int ) keypoints . size ( )'], [3095944, None, u'IdentifierDeclType', u'int'], [3095943, None, u'Identifier', u'i'], [3095941, None, u'IdentifierDeclType', u'int'], [3095940, None, u'Identifier', u'npoints'], [3095930, None, u'AssignmentExpr', u'npoints = ( int ) keypoints . size ( )'], [3095939, None, u'Identifier', u'npoints'], [3095931, None, u'CastExpression', u'( int ) keypoints . size ( )'], [3095938, None, u'CastTarget', u'int'], [3095932, None, u'CallExpression', u'keypoints . size ( )'], [3095934, None, u'Callee', u'keypoints . size'], [3095933, None, u'ArgumentList', u''], [3095935, None, u'MemberAccess', u'keypoints . size'], [3095937, None, u'Identifier', u'keypoints'], [3095936, None, u'Identifier', u'size'], [3095928, u'True', u'IdentifierDeclStatement', u'int i , npoints = ( int ) keypoints . size ( ) ;'], [3095816, None, u'ParameterType', u'const std :: vector < KeyPoint > &'], [3095815, None, u'Identifier', u'keypoints'], [3095814, u'True', u'Parameter', u'const std :: vector < KeyPoint > & keypoints']]"
Fix DMatch and Keypoint I/O in FileStorage,modules/core/src/persistence.cpp,-,"[[3095924, u'True', u'ForInit', u'i = 0 ;'], [3095920, u'True', u'Condition', u'i < npoints']]","[[3095925, None, u'AssignmentExpr', u'i = 0'], [3095927, None, u'Identifier', u'i'], [3095926, None, u'PrimaryExpression', u'0'], [3095924, u'True', u'ForInit', u'i = 0 ;'], [3095956, u'True', u'CFGEntryNode', u'ENTRY'], [3095921, None, u'RelationalExpression', u'i < npoints'], [3095923, None, u'Identifier', u'i'], [3095922, None, u'Identifier', u'npoints'], [3095920, u'True', u'Condition', u'i < npoints'], [3095956, u'True', u'CFGEntryNode', u'ENTRY']]","[[3095925, None, u'AssignmentExpr', u'i = 0'], [3095927, None, u'Identifier', u'i'], [3095926, None, u'PrimaryExpression', u'0'], [3095924, u'True', u'ForInit', u'i = 0 ;'], [3095921, None, u'RelationalExpression', u'i < npoints'], [3095923, None, u'Identifier', u'i'], [3095922, None, u'Identifier', u'npoints'], [3095920, u'True', u'Condition', u'i < npoints'], [3095925, None, u'AssignmentExpr', u'i = 0'], [3095927, None, u'Identifier', u'i'], [3095926, None, u'PrimaryExpression', u'0'], [3095924, u'True', u'ForInit', u'i = 0 ;'], [3095919, None, u'Identifier', u'i'], [3095918, None, u'IncDec', u'++'], [3095917, u'True', u'IncDecOp', u'i ++'], [3095942, None, u'IdentifierDecl', u'i'], [3095929, None, u'IdentifierDecl', u'npoints = ( int ) keypoints . size ( )'], [3095944, None, u'IdentifierDeclType', u'int'], [3095943, None, u'Identifier', u'i'], [3095941, None, u'IdentifierDeclType', u'int'], [3095940, None, u'Identifier', u'npoints'], [3095930, None, u'AssignmentExpr', u'npoints = ( int ) keypoints . size ( )'], [3095939, None, u'Identifier', u'npoints'], [3095931, None, u'CastExpression', u'( int ) keypoints . size ( )'], [3095938, None, u'CastTarget', u'int'], [3095932, None, u'CallExpression', u'keypoints . size ( )'], [3095934, None, u'Callee', u'keypoints . size'], [3095933, None, u'ArgumentList', u''], [3095935, None, u'MemberAccess', u'keypoints . size'], [3095937, None, u'Identifier', u'keypoints'], [3095936, None, u'Identifier', u'size'], [3095928, u'True', u'IdentifierDeclStatement', u'int i , npoints = ( int ) keypoints . size ( ) ;'], [3095816, None, u'ParameterType', u'const std :: vector < KeyPoint > &'], [3095815, None, u'Identifier', u'keypoints'], [3095814, u'True', u'Parameter', u'const std :: vector < KeyPoint > & keypoints']]"
Fix DMatch and Keypoint I/O in FileStorage,modules/core/src/persistence.cpp,-,"[[3096162, u'True', u'IdentifierDeclStatement', u'int i , n = ( int ) matches . size ( ) ;']]","[[3096176, None, u'IdentifierDecl', u'i'], [3096163, None, u'IdentifierDecl', u'n = ( int ) matches . size ( )'], [3096178, None, u'IdentifierDeclType', u'int'], [3096177, None, u'Identifier', u'i'], [3096175, None, u'IdentifierDeclType', u'int'], [3096174, None, u'Identifier', u'n'], [3096164, None, u'AssignmentExpr', u'n = ( int ) matches . size ( )'], [3096173, None, u'Identifier', u'n'], [3096165, None, u'CastExpression', u'( int ) matches . size ( )'], [3096172, None, u'CastTarget', u'int'], [3096166, None, u'CallExpression', u'matches . size ( )'], [3096168, None, u'Callee', u'matches . size'], [3096167, None, u'ArgumentList', u''], [3096169, None, u'MemberAccess', u'matches . size'], [3096171, None, u'Identifier', u'matches'], [3096170, None, u'Identifier', u'size'], [3096162, u'True', u'IdentifierDeclStatement', u'int i , n = ( int ) matches . size ( ) ;'], [3096190, u'True', u'CFGEntryNode', u'ENTRY']]","[[3096176, None, u'IdentifierDecl', u'i'], [3096163, None, u'IdentifierDecl', u'n = ( int ) matches . size ( )'], [3096178, None, u'IdentifierDeclType', u'int'], [3096177, None, u'Identifier', u'i'], [3096175, None, u'IdentifierDeclType', u'int'], [3096174, None, u'Identifier', u'n'], [3096164, None, u'AssignmentExpr', u'n = ( int ) matches . size ( )'], [3096173, None, u'Identifier', u'n'], [3096165, None, u'CastExpression', u'( int ) matches . size ( )'], [3096172, None, u'CastTarget', u'int'], [3096166, None, u'CallExpression', u'matches . size ( )'], [3096168, None, u'Callee', u'matches . size'], [3096167, None, u'ArgumentList', u''], [3096169, None, u'MemberAccess', u'matches . size'], [3096171, None, u'Identifier', u'matches'], [3096170, None, u'Identifier', u'size'], [3096162, u'True', u'IdentifierDeclStatement', u'int i , n = ( int ) matches . size ( ) ;'], [3096087, None, u'ParameterType', u'const std :: vector < DMatch > &'], [3096086, None, u'Identifier', u'matches'], [3096085, u'True', u'Parameter', u'const std :: vector < DMatch > & matches']]"
Fix DMatch and Keypoint I/O in FileStorage,modules/core/src/persistence.cpp,-,"[[3096158, u'True', u'ForInit', u'i = 0 ;'], [3096154, u'True', u'Condition', u'i < n']]","[[3096159, None, u'AssignmentExpr', u'i = 0'], [3096161, None, u'Identifier', u'i'], [3096160, None, u'PrimaryExpression', u'0'], [3096158, u'True', u'ForInit', u'i = 0 ;'], [3096190, u'True', u'CFGEntryNode', u'ENTRY'], [3096155, None, u'RelationalExpression', u'i < n'], [3096157, None, u'Identifier', u'i'], [3096156, None, u'Identifier', u'n'], [3096154, u'True', u'Condition', u'i < n'], [3096190, u'True', u'CFGEntryNode', u'ENTRY']]","[[3096159, None, u'AssignmentExpr', u'i = 0'], [3096161, None, u'Identifier', u'i'], [3096160, None, u'PrimaryExpression', u'0'], [3096158, u'True', u'ForInit', u'i = 0 ;'], [3096155, None, u'RelationalExpression', u'i < n'], [3096157, None, u'Identifier', u'i'], [3096156, None, u'Identifier', u'n'], [3096154, u'True', u'Condition', u'i < n'], [3096159, None, u'AssignmentExpr', u'i = 0'], [3096161, None, u'Identifier', u'i'], [3096160, None, u'PrimaryExpression', u'0'], [3096158, u'True', u'ForInit', u'i = 0 ;'], [3096153, None, u'Identifier', u'i'], [3096152, None, u'IncDec', u'++'], [3096151, u'True', u'IncDecOp', u'i ++'], [3096176, None, u'IdentifierDecl', u'i'], [3096163, None, u'IdentifierDecl', u'n = ( int ) matches . size ( )'], [3096178, None, u'IdentifierDeclType', u'int'], [3096177, None, u'Identifier', u'i'], [3096175, None, u'IdentifierDeclType', u'int'], [3096174, None, u'Identifier', u'n'], [3096164, None, u'AssignmentExpr', u'n = ( int ) matches . size ( )'], [3096173, None, u'Identifier', u'n'], [3096165, None, u'CastExpression', u'( int ) matches . size ( )'], [3096172, None, u'CastTarget', u'int'], [3096166, None, u'CallExpression', u'matches . size ( )'], [3096168, None, u'Callee', u'matches . size'], [3096167, None, u'ArgumentList', u''], [3096169, None, u'MemberAccess', u'matches . size'], [3096171, None, u'Identifier', u'matches'], [3096170, None, u'Identifier', u'size'], [3096162, u'True', u'IdentifierDeclStatement', u'int i , n = ( int ) matches . size ( ) ;'], [3096087, None, u'ParameterType', u'const std :: vector < DMatch > &'], [3096086, None, u'Identifier', u'matches'], [3096085, u'True', u'Parameter', u'const std :: vector < DMatch > & matches']]"
"finished for one sample

Finished with several samples support, need regression testing

Gave a more relevant name to function (getVotes)

Finished implicit implementation

Removed printf, finished regresion testing

Fixed conversion warning

Finished test for Rtrees

Fixed documentation

Initialized variable

Added doxygen documentation

Added parameter name",modules/ml/src/rtrees.cpp,+,"[[3104393, u'True', u'ExpressionStatement', u'CV_Assert ( ! roots . empty ( ) )']]","[[3104394, None, u'CallExpression', u'CV_Assert ( ! roots . empty ( ) )'], [3104405, None, u'Callee', u'CV_Assert'], [3104395, None, u'ArgumentList', u'! roots . empty ( )'], [3104406, None, u'Identifier', u'CV_Assert'], [3104396, None, u'Argument', u'! roots . empty ( )'], [3104397, None, u'UnaryOp', u'! roots . empty ( )'], [3104404, None, u'UnaryOperator', u'!'], [3104398, None, u'CallExpression', u'roots . empty ( )'], [3104400, None, u'Callee', u'roots . empty'], [3104399, None, u'ArgumentList', u''], [3104401, None, u'MemberAccess', u'roots . empty'], [3104403, None, u'Identifier', u'roots'], [3104402, None, u'Identifier', u'empty'], [3104393, u'True', u'ExpressionStatement', u'CV_Assert ( ! roots . empty ( ) )'], [3104407, u'True', u'CFGEntryNode', u'ENTRY']]","[[3104394, None, u'CallExpression', u'CV_Assert ( ! roots . empty ( ) )'], [3104405, None, u'Callee', u'CV_Assert'], [3104395, None, u'ArgumentList', u'! roots . empty ( )'], [3104406, None, u'Identifier', u'CV_Assert'], [3104396, None, u'Argument', u'! roots . empty ( )'], [3104397, None, u'UnaryOp', u'! roots . empty ( )'], [3104404, None, u'UnaryOperator', u'!'], [3104398, None, u'CallExpression', u'roots . empty ( )'], [3104400, None, u'Callee', u'roots . empty'], [3104399, None, u'ArgumentList', u''], [3104401, None, u'MemberAccess', u'roots . empty'], [3104403, None, u'Identifier', u'roots'], [3104402, None, u'Identifier', u'empty'], [3104393, u'True', u'ExpressionStatement', u'CV_Assert ( ! roots . empty ( ) )']]"
